model,seq,mode,challenges,lam,metric,threads,rate,variant,device,prover_hw,verifier_hw,n_layers_full,params_full,value,provenance,value_1block,value_2blocks,extrapolated,rel_error,ratio,batch
llama2-13b,2048,C,int,128,bytes_total,8,4,,cuda,NVIDIA L40S,AMD EPYC 9334 32-Core Processor x8 threads,40,13015449600,18129944832.0,measured,505019776.0,956939232.0,18129878560.0,-3.655388949834395e-06,0.9999963446110501,
llama2-13b,2048,C,int,128,fs_hash,8,4,,cuda,NVIDIA L40S,AMD EPYC 9334 32-Core Processor x8 threads,40,13015449600,2.6598572731018066e-06,measured,8.102506399154663e-07,9.397044777870178e-07,5.858950316905975e-06,1.2027310924369747,2.202731092436975,
llama2-13b,2048,C,int,128,prove_fold,8,4,,cuda,NVIDIA L40S,AMD EPYC 9334 32-Core Processor x8 threads,40,13015449600,1.30816606618464,measured,0.0610722666606307,0.09249070938676596,1.2863915329799056,-0.01664508334805023,0.9833549166519497,
llama2-13b,2048,C,int,128,prove_forward,8,4,,cuda,NVIDIA L40S,AMD EPYC 9334 32-Core Processor x8 threads,40,13015449600,22.898500284180045,measured,0.6679201330989599,1.2073279228061438,21.70482393167913,-0.0521290188303552,0.9478709811696447,
llama2-13b,2048,C,int,128,prove_open,8,4,,cuda,NVIDIA L40S,AMD EPYC 9334 32-Core Processor x8 threads,40,13015449600,2.887736194767058,measured,0.1357772145420313,0.18617145158350468,2.1011524591594934,-0.27238767067191016,0.7276123293280898,
llama2-13b,2048,C,int,128,verify_columns,8,4,,cuda,NVIDIA L40S,AMD EPYC 9334 32-Core Processor x8 threads,40,13015449600,4.941246520727873,measured,0.1925408812239766,0.32028529699891806,5.174573096446693,0.04722018517798011,1.04722018517798,
llama2-13b,2048,C,int,128,verify_derive,8,4,,cuda,NVIDIA L40S,AMD EPYC 9334 32-Core Processor x8 threads,40,13015449600,181.0357531271875,measured,5.189093496650457,10.092744777910411,196.43149346578866,0.0850425403416574,1.0850425403416575,
llama2-13b,2048,C,int,128,verify_fold,8,4,,cuda,NVIDIA L40S,AMD EPYC 9334 32-Core Processor x8 threads,40,13015449600,0.0,measured,0.0,0.0,0.0,,,
llama2-13b,2048,C,int,128,verify_products,8,4,,cuda,NVIDIA L40S,AMD EPYC 9334 32-Core Processor x8 threads,40,13015449600,38.213378387503326,measured,0.9148036176338792,1.7494604047387838,33.46641831472516,-0.12422246535340442,0.8757775346465956,
llama2-13b,2048,Kpre,int,128,bytes_total,8,4,,cuda,NVIDIA L40S,AMD EPYC 9334 32-Core Processor x8 threads,40,13015449600,17490375680.0,measured,478278656.0,914486272.0,17490375680.0,0.0,1.0,
llama2-13b,2048,Kpre,int,128,fs_hash,8,4,,cuda,NVIDIA L40S,AMD EPYC 9334 32-Core Processor x8 threads,40,13015449600,3.059394657611847e-06,measured,1.1799857020378113e-06,1.0300427675247192e-06,-4.667788743972778e-06,-2.52572298325723,-1.5257229832572299,
llama2-13b,2048,Kpre,int,128,prove_fold,8,4,,cuda,NVIDIA L40S,AMD EPYC 9334 32-Core Processor x8 threads,40,13015449600,0.0,measured,0.0,0.0,0.0,,,
llama2-13b,2048,Kpre,int,128,prove_forward,8,4,,cuda,NVIDIA L40S,AMD EPYC 9334 32-Core Processor x8 threads,40,13015449600,22.624188202433288,measured,0.6327179996296763,1.2033768622204661,22.88841364067048,0.011678891453385812,1.0116788914533859,
llama2-13b,2048,Kpre,int,128,verify_derive,8,4,,cuda,NVIDIA L40S,AMD EPYC 9334 32-Core Processor x8 threads,40,13015449600,183.72659388463944,measured,5.155332738533616,9.902331434190273,190.28828186914325,0.03571441589247466,1.0357144158924747,
llama2-13b,2048,Kpre,int,128,verify_fold,8,4,,cuda,NVIDIA L40S,AMD EPYC 9334 32-Core Processor x8 threads,40,13015449600,0.0,measured,0.0,0.0,0.0,,,
llama2-13b,2048,Kpre,int,128,verify_products,8,4,,cuda,NVIDIA L40S,AMD EPYC 9334 32-Core Processor x8 threads,40,13015449600,37.068425494246185,measured,0.8990364810451865,1.6904842918738723,31.76550110336393,-0.14305771880452223,0.8569422811954778,
llama2-13b,64,C,int,128,bytes_total,8,4,,cuda,NVIDIA L40S,AMD EPYC 9334 32-Core Processor x8 threads,40,13015449600,1186265856.0,measured,41811648.0,71156048.0,1186243248.0,-1.9058122498975474e-05,0.999980941877501,
llama2-13b,64,C,int,128,fs_hash,8,4,,cuda,NVIDIA L40S,AMD EPYC 9334 32-Core Processor x8 threads,40,13015449600,1.2996606528759003e-06,measured,6.69620931148529e-07,8.800998330116272e-07,8.878298103809357e-06,5.831243281977786,6.831243281977786,
llama2-13b,64,C,int,128,prove_fold,8,4,,cuda,NVIDIA L40S,AMD EPYC 9334 32-Core Processor x8 threads,40,13015449600,1.3006262187846005,measured,0.060906745959073305,0.09284878987818956,1.3066464588046074,0.004628724173831159,1.0046287241738312,
llama2-13b,64,C,int,128,prove_forward,8,4,,cuda,NVIDIA L40S,AMD EPYC 9334 32-Core Processor x8 threads,40,13015449600,0.3174259811639786,measured,0.010839349590241909,0.019485171418637037,0.3480264008976519,0.0964017489099782,1.0964017489099782,
llama2-13b,64,C,int,128,prove_open,8,4,,cuda,NVIDIA L40S,AMD EPYC 9334 32-Core Processor x8 threads,40,13015449600,3.024297846481204,measured,0.12328460766002536,0.20357153983786702,3.2544749625958502,0.07610927487927792,1.076109274879278,
llama2-13b,64,C,int,128,verify_columns,8,4,,cuda,NVIDIA L40S,AMD EPYC 9334 32-Core Processor x8 threads,40,13015449600,4.214895152952522,measured,0.18412891635671258,0.3359268382191658,6.104247868992388,0.44825615999401075,1.4482561599940107,
llama2-13b,64,C,int,128,verify_derive,8,4,,cuda,NVIDIA L40S,AMD EPYC 9334 32-Core Processor x8 threads,40,13015449600,0.5183206903748214,measured,0.016747025307267904,0.03514261543750763,0.7341750403866172,0.4164494183238211,1.4164494183238212,
llama2-13b,64,C,int,128,verify_fold,8,4,,cuda,NVIDIA L40S,AMD EPYC 9334 32-Core Processor x8 threads,40,13015449600,0.0,measured,0.0,0.0,0.0,,,
llama2-13b,64,C,int,128,verify_products,8,4,,cuda,NVIDIA L40S,AMD EPYC 9334 32-Core Processor x8 threads,40,13015449600,1.926394228823483,measured,0.05207306472584605,0.12134484061971307,2.7536723245866597,0.4294438196424751,1.429443819642475,
llama2-13b,64,Kpre,int,128,bytes_total,8,4,,cuda,NVIDIA L40S,AMD EPYC 9334 32-Core Processor x8 threads,40,13015449600,546698240.0,measured,15070208.0,28701696.0,546698240.0,0.0,1.0,
llama2-13b,64,Kpre,int,128,fs_hash,8,4,,cuda,NVIDIA L40S,AMD EPYC 9334 32-Core Processor x8 threads,40,13015449600,1.194886863231659e-06,measured,5.145557224750519e-07,5.499459803104401e-07,1.894775778055191e-06,0.5857365549493375,1.5857365549493374,
llama2-13b,64,Kpre,int,128,prove_fold,8,4,,cuda,NVIDIA L40S,AMD EPYC 9334 32-Core Processor x8 threads,40,13015449600,0.0,measured,0.0,0.0,0.0,,,
llama2-13b,64,Kpre,int,128,prove_forward,8,4,,cuda,NVIDIA L40S,AMD EPYC 9334 32-Core Processor x8 threads,40,13015449600,0.3232453688979149,measured,0.014597801025956869,0.01854539569467306,0.16855399310588837,-0.47855712927748106,0.5214428707225189,
llama2-13b,64,Kpre,int,128,verify_derive,8,4,,cuda,NVIDIA L40S,AMD EPYC 9334 32-Core Processor x8 threads,40,13015449600,0.5319135938771069,measured,0.01571476925164461,0.036203764379024506,0.8147855792194605,0.5318006319043393,1.5318006319043393,
llama2-13b,64,Kpre,int,128,verify_fold,8,4,,cuda,NVIDIA L40S,AMD EPYC 9334 32-Core Processor x8 threads,40,13015449600,0.0,measured,0.0,0.0,0.0,,,
llama2-13b,64,Kpre,int,128,verify_products,8,4,,cuda,NVIDIA L40S,AMD EPYC 9334 32-Core Processor x8 threads,40,13015449600,2.1463902592658997,measured,0.043745663948357105,0.12017407827079296,3.0244538225233555,0.40908849612361164,1.4090884961236116,
llama2-7b,1,C,int,128,bytes_total,8,4,,cuda,NVIDIA L40S,AMD EPYC 9334 32-Core Processor x8 threads,32,6738149376,418018384.0,measured,23590288.0,36314384.0,418037264.0,4.516547769822487e-05,1.0000451654776983,
llama2-7b,1,C,int,128,fs_hash,8,4,,cuda,NVIDIA L40S,AMD EPYC 9334 32-Core Processor x8 threads,32,6738149376,1.0970979928970337e-06,measured,5.774199962615967e-07,8.121132850646973e-07,7.852911949157715e-06,6.157894736842105,7.157894736842105,
llama2-7b,1,C,int,128,prove_fold,8,4,,cuda,NVIDIA L40S,AMD EPYC 9334 32-Core Processor x8 threads,32,6738149376,0.523103840649128,measured,0.03465533070266247,0.05043443664908409,0.5238076150417328,0.0013453818112509038,1.001345381811251,
llama2-7b,1,C,int,128,prove_forward,8,4,,cuda,NVIDIA L40S,AMD EPYC 9334 32-Core Processor x8 threads,32,6738149376,0.10461134649813175,measured,0.005786348134279251,0.009040715172886848,0.10667172633111477,0.01969556746905856,1.0196955674690587,
llama2-7b,1,C,int,128,prove_open,8,4,,cuda,NVIDIA L40S,AMD EPYC 9334 32-Core Processor x8 threads,32,6738149376,2.089241687208414,measured,0.10964590683579445,0.16198579780757427,1.732182526960969,-0.17090371230555787,0.8290962876944421,
llama2-7b,1,C,int,128,verify_columns,8,4,,cuda,NVIDIA L40S,AMD EPYC 9334 32-Core Processor x8 threads,32,6738149376,2.3390988260507584,measured,0.13301318138837814,0.20556571148335934,2.382141614332795,0.01840144067564196,1.0184014406756419,
llama2-7b,1,C,int,128,verify_derive,8,4,,cuda,NVIDIA L40S,AMD EPYC 9334 32-Core Processor x8 threads,32,6738149376,0.032677408307790756,measured,0.0014361441135406494,0.00253450870513916,0.03548544645309448,0.08593209470147148,1.0859320947014715,
llama2-7b,1,C,int,128,verify_fold,8,4,,cuda,NVIDIA L40S,AMD EPYC 9334 32-Core Processor x8 threads,32,6738149376,0.0,measured,0.0,0.0,0.0,,,
llama2-7b,1,C,int,128,verify_products,8,4,,cuda,NVIDIA L40S,AMD EPYC 9334 32-Core Processor x8 threads,32,6738149376,0.15483593940734863,measured,0.007235849276185036,0.012850835919380188,0.18130043521523476,0.17091959340435983,1.17091959340436,
llama2-7b,1,Kpre,int,128,bytes_total,8,4,,cuda,NVIDIA L40S,AMD EPYC 9334 32-Core Processor x8 threads,32,6738149376,5583872.0,measured,314368.0,484352.0,5583872.0,0.0,1.0,
llama2-7b,1,Kpre,int,128,fs_hash,8,4,,cuda,NVIDIA L40S,AMD EPYC 9334 32-Core Processor x8 threads,32,6738149376,1.0617077350616455e-06,measured,7.152557373046875e-07,6.556510925292969e-07,-1.1324882507324219e-06,-2.066666666666667,-1.0666666666666667,
llama2-7b,1,Kpre,int,128,prove_fold,8,4,,cuda,NVIDIA L40S,AMD EPYC 9334 32-Core Processor x8 threads,32,6738149376,0.0,measured,0.0,0.0,0.0,,,
llama2-7b,1,Kpre,int,128,prove_forward,8,4,,cuda,NVIDIA L40S,AMD EPYC 9334 32-Core Processor x8 threads,32,6738149376,0.10443719662725925,measured,0.005151210352778435,0.008550303056836128,0.11052308417856693,0.05827317993825961,1.0582731799382596,
llama2-7b,1,Kpre,int,128,verify_derive,8,4,,cuda,NVIDIA L40S,AMD EPYC 9334 32-Core Processor x8 threads,32,6738149376,0.03277939558029175,measured,0.0013071335852146149,0.002385556697845459,0.03473825007677078,0.059758713112354464,1.0597587131123545,
llama2-7b,1,Kpre,int,128,verify_fold,8,4,,cuda,NVIDIA L40S,AMD EPYC 9334 32-Core Processor x8 threads,32,6738149376,0.0,measured,0.0,0.0,0.0,,,
llama2-7b,1,Kpre,int,128,verify_products,8,4,,cuda,NVIDIA L40S,AMD EPYC 9334 32-Core Processor x8 threads,32,6738149376,0.1569690816104412,measured,0.007628869265317917,0.012768378481268883,0.16695365495979786,0.06360853517723901,1.063608535177239,
llama2-7b,2048,C,int,128,bytes_total,8,4,,cuda,NVIDIA L40S,AMD EPYC 9334 32-Core Processor x8 threads,32,6738149376,11586191616.0,measured,405085248.0,765766464.0,11586202944.0,9.777155751814557e-07,1.0000009777155752,
llama2-7b,2048,C,int,128,fs_hash,8,4,,cuda,NVIDIA L40S,AMD EPYC 9334 32-Core Processor x8 threads,32,6738149376,4.060566425323486e-06,measured,9.387731552124023e-07,9.797513484954834e-07,2.209097146987915e-06,-0.4559633027522936,0.5440366972477064,
llama2-7b,2048,C,int,128,prove_fold,8,4,,cuda,NVIDIA L40S,AMD EPYC 9334 32-Core Processor x8 threads,32,6738149376,0.5363999493420124,measured,0.034606415778398514,0.050328657031059265,0.5219958946108818,-0.02685319927565182,0.9731468007243482,
llama2-7b,2048,C,int,128,prove_forward,8,4,,cuda,NVIDIA L40S,AMD EPYC 9334 32-Core Processor x8 threads,32,6738149376,14.995519485324621,measured,0.5201043598353863,1.0238923132419586,16.13753091543913,0.07615684346461876,1.0761568434646187,
llama2-7b,2048,C,int,128,prove_open,8,4,,cuda,NVIDIA L40S,AMD EPYC 9334 32-Core Processor x8 threads,32,6738149376,2.0773624442517757,measured,0.12564663216471672,0.17038973420858383,1.5126827955245972,-0.2718252899438378,0.7281747100561622,
llama2-7b,2048,C,int,128,verify_columns,8,4,,cuda,NVIDIA L40S,AMD EPYC 9334 32-Core Processor x8 threads,32,6738149376,3.243106000125408,measured,0.16503969952464104,0.202739629894495,1.3337375409901142,-0.5887468553483791,0.41125314465162094,
llama2-7b,2048,C,int,128,verify_derive,8,4,,cuda,NVIDIA L40S,AMD EPYC 9334 32-Core Processor x8 threads,32,6738149376,139.54052982106805,measured,4.669520240277052,8.38947632163763,119.98815876245499,-0.14011965615785568,0.8598803438421443,
llama2-7b,2048,C,int,128,verify_fold,8,4,,cuda,NVIDIA L40S,AMD EPYC 9334 32-Core Processor x8 threads,32,6738149376,0.0,measured,0.0,0.0,0.0,,,
llama2-7b,2048,C,int,128,verify_products,8,4,,cuda,NVIDIA L40S,AMD EPYC 9334 32-Core Processor x8 threads,32,6738149376,26.116991966962814,measured,0.8230498693883419,1.4041592292487621,18.83744002506137,-0.2787285745276429,0.7212714254723571,
llama2-7b,2048,Kpre,int,128,bytes_total,8,4,,cuda,NVIDIA L40S,AMD EPYC 9334 32-Core Processor x8 threads,32,6738149376,11173753856.0,measured,381809664.0,729936896.0,11173753856.0,0.0,1.0,
llama2-7b,2048,Kpre,int,128,fs_hash,8,4,,cuda,NVIDIA L40S,AMD EPYC 9334 32-Core Processor x8 threads,32,6738149376,8.687376976013184e-06,measured,8.419156074523926e-07,1.0021030902862549e-06,5.807727575302124e-06,-0.33147512864493994,0.66852487135506,
llama2-7b,2048,Kpre,int,128,prove_fold,8,4,,cuda,NVIDIA L40S,AMD EPYC 9334 32-Core Processor x8 threads,32,6738149376,0.0,measured,0.0,0.0,0.0,,,
llama2-7b,2048,Kpre,int,128,prove_forward,8,4,,cuda,NVIDIA L40S,AMD EPYC 9334 32-Core Processor x8 threads,32,6738149376,15.039174947887659,measured,0.530227717012167,1.0491429343819618,16.616599455475807,0.10488770248727686,1.1048877024872767,
llama2-7b,2048,Kpre,int,128,verify_derive,8,4,,cuda,NVIDIA L40S,AMD EPYC 9334 32-Core Processor x8 threads,32,6738149376,138.36152324080467,measured,4.280016768723726,9.553309012204409,167.75207631662488,0.21241854228988813,1.212418542289888,
llama2-7b,2048,Kpre,int,128,verify_fold,8,4,,cuda,NVIDIA L40S,AMD EPYC 9334 32-Core Processor x8 threads,32,6738149376,0.0,measured,0.0,0.0,0.0,,,
llama2-7b,2048,Kpre,int,128,verify_products,8,4,,cuda,NVIDIA L40S,AMD EPYC 9334 32-Core Processor x8 threads,32,6738149376,26.410035766661167,measured,0.6807422079145908,1.7240100800991058,33.022046245634556,0.2503597699523032,1.2503597699523032,
llama2-7b,4096,C,int,128,bytes_total,8,4,,cuda,NVIDIA L40S,AMD EPYC 9334 32-Core Processor x8 threads,32,6738149376,22759818464.0,measured,786766624.0,1495574432.0,22759808672.0,-4.302319025737551e-07,0.9999995697680975,
llama2-7b,4096,C,int,128,fs_hash,8,4,,cuda,NVIDIA L40S,AMD EPYC 9334 32-Core Processor x8 threads,32,6738149376,6.339512765407562e-06,measured,1.7499551177024841e-06,3.390014171600342e-06,5.259178578853607e-05,7.295871896577053,8.295871896577053,
llama2-7b,4096,C,int,128,prove_fold,8,4,,cuda,NVIDIA L40S,AMD EPYC 9334 32-Core Processor x8 threads,32,6738149376,0.542505937628448,measured,0.03486725967377424,0.05038249772042036,0.5158396391198039,-0.04915392931036885,0.9508460706896311,
llama2-7b,4096,C,int,128,prove_forward,8,4,,cuda,NVIDIA L40S,AMD EPYC 9334 32-Core Processor x8 threads,32,6738149376,33.98235331103206,measured,1.142525083385408,2.1137355538085103,31.25004966650158,-0.08040360299719025,0.9195963970028097,
llama2-7b,4096,C,int,128,prove_open,8,4,,cuda,NVIDIA L40S,AMD EPYC 9334 32-Core Processor x8 threads,32,6738149376,2.0233603790402412,measured,0.11496847681701183,0.16534381080418825,1.6766038304194808,-0.17137656356859207,0.8286234364314079,
llama2-7b,4096,C,int,128,verify_columns,8,4,,cuda,NVIDIA L40S,AMD EPYC 9334 32-Core Processor x8 threads,32,6738149376,3.368132106028497,measured,0.18005711492151022,0.2771728076040745,3.1906435880810022,-0.052696424118820855,0.9473035758811792,
llama2-7b,4096,C,int,128,verify_derive,8,4,,cuda,NVIDIA L40S,AMD EPYC 9334 32-Core Processor x8 threads,32,6738149376,433.4864558810368,measured,15.485809862613678,29.659698290750384,454.8763511348516,0.04934386060653498,1.049343860606535,
llama2-7b,4096,C,int,128,verify_fold,8,4,,cuda,NVIDIA L40S,AMD EPYC 9334 32-Core Processor x8 threads,32,6738149376,0.0,measured,0.0,0.0,0.0,,,
llama2-7b,4096,C,int,128,verify_products,8,4,,cuda,NVIDIA L40S,AMD EPYC 9334 32-Core Processor x8 threads,32,6738149376,55.85606375709176,measured,1.7923942850902677,3.5409760903567076,55.998430248349905,0.0025488099533341863,1.0025488099533342,
llama2-7b,4096,Kpre,int,128,bytes_total,8,4,,cuda,NVIDIA L40S,AMD EPYC 9334 32-Core Processor x8 threads,32,6738149376,22347379712.0,measured,763491328.0,1459745792.0,22347379712.0,0.0,1.0,
llama2-7b,4096,Kpre,int,128,fs_hash,8,4,,cuda,NVIDIA L40S,AMD EPYC 9334 32-Core Processor x8 threads,32,6738149376,6.659887731075287e-06,measured,9.397044777870178e-07,1.0896474123001099e-06,5.587935447692871e-06,-0.16095650957907984,0.8390434904209202,
llama2-7b,4096,Kpre,int,128,prove_fold,8,4,,cuda,NVIDIA L40S,AMD EPYC 9334 32-Core Processor x8 threads,32,6738149376,0.0,measured,0.0,0.0,0.0,,,
llama2-7b,4096,Kpre,int,128,prove_forward,8,4,,cuda,NVIDIA L40S,AMD EPYC 9334 32-Core Processor x8 threads,32,6738149376,31.467648876830935,measured,1.1452727410942316,2.1279734168201685,31.608993688598275,0.004491749997611336,1.0044917499976114,
llama2-7b,4096,Kpre,int,128,verify_derive,8,4,,cuda,NVIDIA L40S,AMD EPYC 9334 32-Core Processor x8 threads,32,6738149376,400.43180585093796,measured,14.584285591728985,30.92325103841722,521.0922144390643,0.301325735930783,1.301325735930783,
llama2-7b,4096,Kpre,int,128,verify_fold,8,4,,cuda,NVIDIA L40S,AMD EPYC 9334 32-Core Processor x8 threads,32,6738149376,0.0,measured,0.0,0.0,0.0,,,
llama2-7b,4096,Kpre,int,128,verify_products,8,4,,cuda,NVIDIA L40S,AMD EPYC 9334 32-Core Processor x8 threads,32,6738149376,64.20176342036575,measured,1.729885134845972,3.7507056863978505,64.3753222329542,0.002703334041653408,1.0027033340416533,
llama2-7b,64,C,int,128,bytes_total,8,4,,cuda,NVIDIA L40S,AMD EPYC 9334 32-Core Processor x8 threads,32,6738149376,761742096.0,measured,35331904.0,58764016.0,761727376.0,-1.9324125681508878e-05,0.9999806758743185,
llama2-7b,64,C,int,128,bytes_total,8,4,_batch,cuda,NVIDIA L40S,AMD EPYC 9334 32-Core Processor x8 threads,32,6738149376,761743424.0,measured,35330944.0,58763392.0,761736832.0,-8.653832500955073e-06,0.9999913461674991,
llama2-7b,64,C,int,128,bytes_total,8,4,_batch,cuda,NVIDIA L40S,AMD EPYC 9334 32-Core Processor x8 threads,32,6738149376,11590161056.0,measured,409053056.0,769733376.0,11590142976.0,-1.5599438103269788e-06,0.9999984400561897,32
llama2-7b,64,C,int,128,bytes_total,8,4,_batch,cuda,NVIDIA L40S,AMD EPYC 9334 32-Core Processor x8 threads,32,6738149376,3206873600.0,measured,119720480.0,219305536.0,3206857216.0,-5.109025812554633e-06,0.9999948909741875,8
llama2-7b,64,C,int,128,bytes_total,8,4,_nofix,cuda,NVIDIA L40S,AMD EPYC 9334 32-Core Processor x8 threads,32,6738149376,761739328.0,measured,35331664.0,58763952.0,761732592.0,-8.842920080923011e-06,0.999991157079919,
llama2-7b,64,C,int,128,fs_hash,8,4,,cuda,NVIDIA L40S,AMD EPYC 9334 32-Core Processor x8 threads,32,6738149376,9.238719940185547e-07,measured,5.19677996635437e-07,5.62518835067749e-07,1.8477439880371094e-06,1.0,2.0,
llama2-7b,64,C,int,128,fs_hash,8,4,_batch,cuda,NVIDIA L40S,AMD EPYC 9334 32-Core Processor x8 threads,32,6738149376,1.2097880244255066e-06,measured,1.06077641248703e-06,7.80448317527771e-07,-7.62939453125e-06,-7.306389530408006,-6.306389530408006,
llama2-7b,64,C,int,128,fs_hash,8,4,_batch,cuda,NVIDIA L40S,AMD EPYC 9334 32-Core Processor x8 threads,32,6738149376,1.2293457984924316e-06,measured,1.5497207641601562e-06,1.3802200555801392e-06,-3.7048012018203735e-06,-4.013636363636364,-3.0136363636363637,32
llama2-7b,64,C,int,128,fs_hash,8,4,_batch,cuda,NVIDIA L40S,AMD EPYC 9334 32-Core Processor x8 threads,32,6738149376,1.0496005415916443e-06,measured,1.369975507259369e-06,1.150183379650116e-06,-5.443580448627472e-06,-6.186335403726708,-5.186335403726708,8
llama2-7b,64,C,int,128,fs_hash,8,4,_nofix,cuda,NVIDIA L40S,AMD EPYC 9334 32-Core Processor x8 threads,32,6738149376,1.0398216545581818e-06,measured,1.4901161193847656e-06,9.047798812389374e-07,-1.665530726313591e-05,-17.017465293327362,-16.017465293327362,
llama2-7b,64,C,int,128,prove_fold,8,4,,cuda,NVIDIA L40S,AMD EPYC 9334 32-Core Processor x8 threads,32,6738149376,0.521804116666317,measured,0.03456726670265198,0.050341302528977394,0.5235623773187399,0.003369579879239007,1.003369579879239,
llama2-7b,64,C,int,128,prove_fold,8,4,_batch,cuda,NVIDIA L40S,AMD EPYC 9334 32-Core Processor x8 threads,32,6738149376,0.5228777080774307,measured,0.03471403196454048,0.05031308624893427,0.5182847147807479,-0.00878406791058432,0.9912159320894157,
llama2-7b,64,C,int,128,prove_fold,8,4,_batch,cuda,NVIDIA L40S,AMD EPYC 9334 32-Core Processor x8 threads,32,6738149376,0.5333608314394951,measured,0.034897880628705025,0.050611247308552265,0.5220122477039695,-0.02127749745870306,0.9787225025412969,32
llama2-7b,64,C,int,128,prove_fold,8,4,_batch,cuda,NVIDIA L40S,AMD EPYC 9334 32-Core Processor x8 threads,32,6738149376,0.5214364612475038,measured,0.034752530977129936,0.05029639694839716,0.5166123760864139,-0.00925153018557348,0.9907484698144265,8
llama2-7b,64,C,int,128,prove_fold,8,4,_nofix,cuda,NVIDIA L40S,AMD EPYC 9334 32-Core Processor x8 threads,32,6738149376,0.8515488961711526,measured,0.06386199500411749,0.08662039646878839,0.7693724404089153,-0.09650233372590819,0.9034976662740918,
llama2-7b,64,C,int,128,prove_forward,8,4,,cuda,NVIDIA L40S,AMD EPYC 9334 32-Core Processor x8 threads,32,6738149376,0.19686440750956535,measured,0.008330410346388817,0.013999493792653084,0.1840719971805811,-0.06498081847711702,0.935019181522883,
llama2-7b,64,C,int,128,prove_forward,8,4,_batch,cuda,NVIDIA L40S,AMD EPYC 9334 32-Core Processor x8 threads,32,6738149376,0.20740153547376394,measured,0.009442498907446861,0.014456173405051231,0.16486640833318233,-0.20508588349367476,0.7949141165063253,
llama2-7b,64,C,int,128,prove_forward,8,4,_batch,cuda,NVIDIA L40S,AMD EPYC 9334 32-Core Processor x8 threads,32,6738149376,12.850446562282741,measured,0.46751402504742146,0.861192163079977,12.671536304056644,-0.013922493460360742,0.9860775065396392,32
llama2-7b,64,C,int,128,prove_forward,8,4,_batch,cuda,NVIDIA L40S,AMD EPYC 9334 32-Core Processor x8 threads,32,6738149376,0.8892873702570796,measured,0.049794805236160755,0.14145518094301224,2.8912664521485567,2.2512172654748657,3.2512172654748657,8
llama2-7b,64,C,int,128,prove_forward,8,4,_nofix,cuda,NVIDIA L40S,AMD EPYC 9334 32-Core Processor x8 threads,32,6738149376,0.5503343087621033,measured,0.043349914252758026,0.051762314047664404,0.30413430789485574,-0.44736444184451907,0.5526355581554809,
llama2-7b,64,C,int,128,prove_open,8,4,,cuda,NVIDIA L40S,AMD EPYC 9334 32-Core Processor x8 threads,32,6738149376,1.9777229465544224,measured,0.11001176945865154,0.17253192514181137,2.048136595636606,0.03560339389541801,1.0356033938954181,
llama2-7b,64,C,int,128,prove_open,8,4,_batch,cuda,NVIDIA L40S,AMD EPYC 9334 32-Core Processor x8 threads,32,6738149376,2.004369942471385,measured,0.11671758629381657,0.17393432091921568,1.890436359681189,-0.05684259196668855,0.9431574080333115,
llama2-7b,64,C,int,128,prove_open,8,4,_batch,cuda,NVIDIA L40S,AMD EPYC 9334 32-Core Processor x8 threads,32,6738149376,1.9893969045951962,measured,0.1133043235167861,0.16773359570652246,1.8006117613986135,-0.09489566549566786,0.9051043345043321,32
llama2-7b,64,C,int,128,prove_open,8,4,_batch,cuda,NVIDIA L40S,AMD EPYC 9334 32-Core Processor x8 threads,32,6738149376,1.7998937563970685,measured,0.11081520095467567,0.16356628108769655,1.7460986850783229,-0.029887914843612615,0.9701120851563874,8
llama2-7b,64,C,int,128,prove_open,8,4,_nofix,cuda,NVIDIA L40S,AMD EPYC 9334 32-Core Processor x8 threads,32,6738149376,1.9799977480433881,measured,0.11263696057721972,0.17494858568534255,2.0442973389290273,0.03247457778635321,1.0324745777863533,
llama2-7b,64,C,int,128,verify_columns,8,4,,cuda,NVIDIA L40S,AMD EPYC 9334 32-Core Processor x8 threads,32,6738149376,2.915771907195449,measured,0.1306971088051796,0.20289885811507702,2.3689513374119997,-0.18753887038764,0.81246112961236,
llama2-7b,64,C,int,128,verify_columns,8,4,_batch,cuda,NVIDIA L40S,AMD EPYC 9334 32-Core Processor x8 threads,32,6738149376,3.230898292735219,measured,0.18158249463886023,0.2670162171125412,2.8300278913229704,-0.12407397729406057,0.8759260227059394,
llama2-7b,64,C,int,128,verify_columns,8,4,_batch,cuda,NVIDIA L40S,AMD EPYC 9334 32-Core Processor x8 threads,32,6738149376,3.0558688240125775,measured,0.1764297503978014,0.2755623972043395,3.2495418014004827,0.06337738579157938,1.0633773857915794,32
llama2-7b,64,C,int,128,verify_columns,8,4,_batch,cuda,NVIDIA L40S,AMD EPYC 9334 32-Core Processor x8 threads,32,6738149376,3.0891916574910283,measured,0.173226417042315,0.264274506829679,2.995717200450599,-0.030258548968226516,0.9697414510317734,8
llama2-7b,64,C,int,128,verify_columns,8,4,_nofix,cuda,NVIDIA L40S,AMD EPYC 9334 32-Core Processor x8 threads,32,6738149376,2.8245516172610223,measured,0.1858357642777264,0.2771764756180346,3.0173978158272803,0.06827497765937858,1.0682749776593785,
llama2-7b,64,C,int,128,verify_derive,8,4,,cuda,NVIDIA L40S,AMD EPYC 9334 32-Core Processor x8 threads,32,6738149376,0.3189341928809881,measured,0.010256756097078323,0.017934409901499748,0.2482640240341425,-0.22158229009084815,0.7784177099091518,
llama2-7b,64,C,int,128,verify_derive,8,4,_batch,cuda,NVIDIA L40S,AMD EPYC 9334 32-Core Processor x8 threads,32,6738149376,0.3603134313598275,measured,0.014495273120701313,0.024450463242828846,0.32310616690665483,-0.10326360666809446,0.8967363933319056,
llama2-7b,64,C,int,128,verify_derive,8,4,_batch,cuda,NVIDIA L40S,AMD EPYC 9334 32-Core Processor x8 threads,32,6738149376,45.97663498762995,measured,1.422749673947692,3.038010997697711,51.49585071019828,0.1200439250078498,1.1200439250078498,32
llama2-7b,64,C,int,128,verify_derive,8,4,_batch,cuda,NVIDIA L40S,AMD EPYC 9334 32-Core Processor x8 threads,32,6738149376,5.771186346188188,measured,0.20408100448548794,0.3014848493039608,3.2236001938581467,-0.4414319690114835,0.5585680309885165,8
llama2-7b,64,C,int,128,verify_derive,8,4,_nofix,cuda,NVIDIA L40S,AMD EPYC 9334 32-Core Processor x8 threads,32,6738149376,0.3446058197878301,measured,0.015126708894968033,0.025846631731837988,0.34744431683793664,0.008236938806936446,1.0082369388069365,
llama2-7b,64,C,int,128,verify_fold,8,4,,cuda,NVIDIA L40S,AMD EPYC 9334 32-Core Processor x8 threads,32,6738149376,0.0,measured,0.0,0.0,0.0,,,
llama2-7b,64,C,int,128,verify_fold,8,4,_batch,cuda,NVIDIA L40S,AMD EPYC 9334 32-Core Processor x8 threads,32,6738149376,0.0,measured,0.0,0.0,0.0,,,
llama2-7b,64,C,int,128,verify_fold,8,4,_batch,cuda,NVIDIA L40S,AMD EPYC 9334 32-Core Processor x8 threads,32,6738149376,0.0,measured,0.0,0.0,0.0,,,32
llama2-7b,64,C,int,128,verify_fold,8,4,_batch,cuda,NVIDIA L40S,AMD EPYC 9334 32-Core Processor x8 threads,32,6738149376,0.0,measured,0.0,0.0,0.0,,,8
llama2-7b,64,C,int,128,verify_fold,8,4,_nofix,cuda,NVIDIA L40S,AMD EPYC 9334 32-Core Processor x8 threads,32,6738149376,0.0,measured,0.0,0.0,0.0,,,
llama2-7b,64,C,int,128,verify_products,8,4,,cuda,NVIDIA L40S,AMD EPYC 9334 32-Core Processor x8 threads,32,6738149376,1.1801480278372765,measured,0.033139824867248535,0.06231267191469669,0.9374980833381414,-0.20560975299328516,0.7943902470067149,
llama2-7b,64,C,int,128,verify_products,8,4,_batch,cuda,NVIDIA L40S,AMD EPYC 9334 32-Core Processor x8 threads,32,6738149376,1.3761570528149605,measured,0.04954118560999632,0.09104329533874989,1.3361065872013569,-0.029103121283780405,0.9708968787162195,
llama2-7b,64,C,int,128,verify_products,8,4,_batch,cuda,NVIDIA L40S,AMD EPYC 9334 32-Core Processor x8 threads,32,6738149376,22.07197405025363,measured,0.7926681619137526,1.4239799045026302,20.36333218216896,-0.07741228148394978,0.9225877185160503,32
llama2-7b,64,C,int,128,verify_products,8,4,_batch,cuda,NVIDIA L40S,AMD EPYC 9334 32-Core Processor x8 threads,32,6738149376,4.496563154272735,measured,0.14725348446518183,0.25413829647004604,3.4606826566159725,-0.23037161096524258,0.7696283890347574,8
llama2-7b,64,C,int,128,verify_products,8,4,_nofix,cuda,NVIDIA L40S,AMD EPYC 9334 32-Core Processor x8 threads,32,6738149376,1.0964608686044812,measured,0.048809890635311604,0.09181524161249399,1.3819757709279656,0.2603968007420758,1.2603968007420758,
llama2-7b,64,Kpre,int,128,bytes_total,8,4,,cuda,NVIDIA L40S,AMD EPYC 9334 32-Core Processor x8 threads,32,6738149376,349303808.0,measured,12055552.0,22934528.0,349303808.0,0.0,1.0,
llama2-7b,64,Kpre,int,128,bytes_total,8,4,_batch,cuda,NVIDIA L40S,AMD EPYC 9334 32-Core Processor x8 threads,32,6738149376,349303808.0,measured,12055552.0,22934528.0,349303808.0,0.0,1.0,
llama2-7b,64,Kpre,int,128,bytes_total,8,4,_batch,cuda,NVIDIA L40S,AMD EPYC 9334 32-Core Processor x8 threads,32,6738149376,11177721856.0,measured,385777664.0,733904896.0,11177721856.0,0.0,1.0,32
llama2-7b,64,Kpre,int,128,bytes_total,8,4,_batch,cuda,NVIDIA L40S,AMD EPYC 9334 32-Core Processor x8 threads,32,6738149376,2794430464.0,measured,96444416.0,183476224.0,2794430464.0,0.0,1.0,8
llama2-7b,64,Kpre,int,128,bytes_total,8,4,_nofix,cuda,NVIDIA L40S,AMD EPYC 9334 32-Core Processor x8 threads,32,6738149376,349303808.0,measured,12055552.0,22934528.0,349303808.0,0.0,1.0,
llama2-7b,64,Kpre,int,128,fs_hash,8,4,,cuda,NVIDIA L40S,AMD EPYC 9334 32-Core Processor x8 threads,32,6738149376,9.723007678985596e-07,measured,4.3213367462158203e-07,6.556510925292969e-07,7.361173629760742e-06,6.57088122605364,7.57088122605364,
llama2-7b,64,Kpre,int,128,fs_hash,8,4,_batch,cuda,NVIDIA L40S,AMD EPYC 9334 32-Core Processor x8 threads,32,6738149376,9.797513484954834e-07,measured,7.795169949531555e-07,5.206093192100525e-07,-7.246620953083038e-06,-8.39638783269962,-7.39638783269962,
llama2-7b,64,Kpre,int,128,fs_hash,8,4,_batch,cuda,NVIDIA L40S,AMD EPYC 9334 32-Core Processor x8 threads,32,6738149376,2.020038664340973e-06,measured,1.3494864106178284e-06,1.4500692486763e-06,4.4675543904304504e-06,1.2116182572614107,2.211618257261411,32
llama2-7b,64,Kpre,int,128,fs_hash,8,4,_batch,cuda,NVIDIA L40S,AMD EPYC 9334 32-Core Processor x8 threads,32,6738149376,1.2097880244255066e-06,measured,1.0496005415916443e-06,1.3299286365509033e-06,9.739771485328674e-06,7.05080831408776,8.05080831408776,8
llama2-7b,64,Kpre,int,128,fs_hash,8,4,_nofix,cuda,NVIDIA L40S,AMD EPYC 9334 32-Core Processor x8 threads,32,6738149376,9.653158485889435e-07,measured,1.194886863231659e-06,7.897615432739258e-07,-1.1363998055458069e-05,-12.772310660877954,-11.772310660877954,
llama2-7b,64,Kpre,int,128,prove_fold,8,4,,cuda,NVIDIA L40S,AMD EPYC 9334 32-Core Processor x8 threads,32,6738149376,0.0,measured,0.0,0.0,0.0,,,
llama2-7b,64,Kpre,int,128,prove_fold,8,4,_batch,cuda,NVIDIA L40S,AMD EPYC 9334 32-Core Processor x8 threads,32,6738149376,0.0,measured,0.0,0.0,0.0,,,
llama2-7b,64,Kpre,int,128,prove_fold,8,4,_batch,cuda,NVIDIA L40S,AMD EPYC 9334 32-Core Processor x8 threads,32,6738149376,0.0,measured,0.0,0.0,0.0,,,32
llama2-7b,64,Kpre,int,128,prove_fold,8,4,_batch,cuda,NVIDIA L40S,AMD EPYC 9334 32-Core Processor x8 threads,32,6738149376,0.0,measured,0.0,0.0,0.0,,,8
llama2-7b,64,Kpre,int,128,prove_fold,8,4,_nofix,cuda,NVIDIA L40S,AMD EPYC 9334 32-Core Processor x8 threads,32,6738149376,0.0,measured,0.0,0.0,0.0,,,
llama2-7b,64,Kpre,int,128,prove_forward,8,4,,cuda,NVIDIA L40S,AMD EPYC 9334 32-Core Processor x8 threads,32,6738149376,0.18740147352218628,measured,0.008286327123641968,0.014118047431111336,0.18906965665519238,0.008901654302139739,1.0089016543021398,
llama2-7b,64,Kpre,int,128,prove_forward,8,4,_batch,cuda,NVIDIA L40S,AMD EPYC 9334 32-Core Processor x8 threads,32,6738149376,0.19593220297247171,measured,0.010912380181252956,0.01485141459852457,0.133022447116673,-0.3210792044462312,0.6789207955537687,
llama2-7b,64,Kpre,int,128,prove_forward,8,4,_batch,cuda,NVIDIA L40S,AMD EPYC 9334 32-Core Processor x8 threads,32,6738149376,12.229804466478527,measured,0.461212701164186,0.8648074613884091,12.972650268115103,0.060740611485056155,1.0607406114850562,32
llama2-7b,64,Kpre,int,128,prove_forward,8,4,_batch,cuda,NVIDIA L40S,AMD EPYC 9334 32-Core Processor x8 threads,32,6738149376,0.7050027688965201,measured,0.11265605315566063,0.1999136172235012,2.8176405392587185,2.996637550330373,3.996637550330373,8
llama2-7b,64,Kpre,int,128,prove_forward,8,4,_nofix,cuda,NVIDIA L40S,AMD EPYC 9334 32-Core Processor x8 threads,32,6738149376,0.19470198918133974,measured,0.011936989147216082,0.015399971976876259,0.11928945686668158,-0.38732286522466464,0.6126771347753354,
llama2-7b,64,Kpre,int,128,verify_derive,8,4,,cuda,NVIDIA L40S,AMD EPYC 9334 32-Core Processor x8 threads,32,6738149376,0.3303561136126518,measured,0.008990487083792686,0.016997620463371277,0.257211621850729,-0.22141104325886943,0.7785889567411306,
llama2-7b,64,Kpre,int,128,verify_derive,8,4,_batch,cuda,NVIDIA L40S,AMD EPYC 9334 32-Core Processor x8 threads,32,6738149376,0.3564517553895712,measured,0.01495418418198824,0.02182331122457981,0.22789712250232697,-0.36065086212507225,0.6393491378749278,
llama2-7b,64,Kpre,int,128,verify_derive,8,4,_batch,cuda,NVIDIA L40S,AMD EPYC 9334 32-Core Processor x8 threads,32,6738149376,40.96099516376853,measured,1.566645965911448,3.1493401136249304,50.6301645450294,0.2360579703349981,1.236057970334998,32
llama2-7b,64,Kpre,int,128,verify_derive,8,4,_batch,cuda,NVIDIA L40S,AMD EPYC 9334 32-Core Processor x8 threads,32,6738149376,2.667389553040266,measured,0.1928890561684966,0.2920950632542372,3.268275275826454,0.22527107902229884,1.225271079022299,8
llama2-7b,64,Kpre,int,128,verify_derive,8,4,_nofix,cuda,NVIDIA L40S,AMD EPYC 9334 32-Core Processor x8 threads,32,6738149376,0.3578064809553325,measured,0.015243975445628166,0.02323266165331006,0.2628932478837669,-0.26526415289670036,0.7347358471032996,
llama2-7b,64,Kpre,int,128,verify_fold,8,4,,cuda,NVIDIA L40S,AMD EPYC 9334 32-Core Processor x8 threads,32,6738149376,0.0,measured,0.0,0.0,0.0,,,
llama2-7b,64,Kpre,int,128,verify_fold,8,4,_batch,cuda,NVIDIA L40S,AMD EPYC 9334 32-Core Processor x8 threads,32,6738149376,0.0,measured,0.0,0.0,0.0,,,
llama2-7b,64,Kpre,int,128,verify_fold,8,4,_batch,cuda,NVIDIA L40S,AMD EPYC 9334 32-Core Processor x8 threads,32,6738149376,0.0,measured,0.0,0.0,0.0,,,32
llama2-7b,64,Kpre,int,128,verify_fold,8,4,_batch,cuda,NVIDIA L40S,AMD EPYC 9334 32-Core Processor x8 threads,32,6738149376,0.0,measured,0.0,0.0,0.0,,,8
llama2-7b,64,Kpre,int,128,verify_fold,8,4,_nofix,cuda,NVIDIA L40S,AMD EPYC 9334 32-Core Processor x8 threads,32,6738149376,0.0,measured,0.0,0.0,0.0,,,
llama2-7b,64,Kpre,int,128,verify_products,8,4,,cuda,NVIDIA L40S,AMD EPYC 9334 32-Core Processor x8 threads,32,6738149376,1.2166754696518183,measured,0.03336955048143864,0.062364401295781136,0.9322099257260561,-0.23380560471657164,0.7661943952834284,
llama2-7b,64,Kpre,int,128,verify_products,8,4,_batch,cuda,NVIDIA L40S,AMD EPYC 9334 32-Core Processor x8 threads,32,6738149376,1.4421595763415098,measured,0.04177969880402088,0.09257764741778374,1.6165161058306694,0.12089960941178897,1.120899609411789,
llama2-7b,64,Kpre,int,128,verify_products,8,4,_batch,cuda,NVIDIA L40S,AMD EPYC 9334 32-Core Processor x8 threads,32,6738149376,21.89333582855761,measured,0.8165199868381023,1.5004160273820162,22.01729724369943,0.005662061556655334,1.0056620615566554,32
llama2-7b,64,Kpre,int,128,verify_products,8,4,_batch,cuda,NVIDIA L40S,AMD EPYC 9334 32-Core Processor x8 threads,32,6738149376,4.147650294937193,measured,0.1440869616344571,0.2469435902312398,3.3326424481347203,-0.19649868934160336,0.8035013106583967,8
llama2-7b,64,Kpre,int,128,verify_products,8,4,_nofix,cuda,NVIDIA L40S,AMD EPYC 9334 32-Core Processor x8 threads,32,6738149376,1.215206552296877,measured,0.05038705142214894,0.09301894763484597,1.3719758340157568,0.1290062840943117,1.1290062840943116,
opt-1.3b,2048,C,int,128,bytes_total,8,4,,cuda,NVIDIA L40S,AMD EPYC 9334 32-Core Processor x8 threads,24,1315553280,3807060032.0,measured,206447672.0,362996208.0,3807064000.0,1.042274082007436e-06,1.000001042274082,
opt-1.3b,2048,C,int,128,fs_hash,8,4,,cuda,NVIDIA L40S,AMD EPYC 9334 32-Core Processor x8 threads,24,1315553280,2.88989394903183e-06,measured,8.493661880493164e-07,9.099021553993225e-07,2.2416934370994568e-06,-0.22429906542056074,0.7757009345794392,
opt-1.3b,2048,C,int,128,prove_fold,8,4,,cuda,NVIDIA L40S,AMD EPYC 9334 32-Core Processor x8 threads,24,1315553280,0.1649580616503954,measured,0.018118680454790592,0.02432727161794901,0.16091627720743418,-0.0245018909807948,0.9754981090192052,
opt-1.3b,2048,C,int,128,prove_forward,8,4,,cuda,NVIDIA L40S,AMD EPYC 9334 32-Core Processor x8 threads,24,1315553280,5.042926777154207,measured,0.2642673524096608,0.49069966189563274,5.472210470587015,0.0851259025567408,1.0851259025567408,
opt-1.3b,2048,C,int,128,prove_open,8,4,,cuda,NVIDIA L40S,AMD EPYC 9334 32-Core Processor x8 threads,24,1315553280,0.49059132393449545,measured,0.061367571353912354,0.07722752261906862,0.42614645045250654,-0.13136162491653378,0.8686383750834662,
opt-1.3b,2048,C,int,128,verify_columns,8,4,,cuda,NVIDIA L40S,AMD EPYC 9334 32-Core Processor x8 threads,24,1315553280,1.1960451202467084,measured,0.18742299359291792,0.22246841993182898,0.9934677993878722,-0.16937264107314826,0.8306273589268518,
opt-1.3b,2048,C,int,128,verify_derive,8,4,,cuda,NVIDIA L40S,AMD EPYC 9334 32-Core Processor x8 threads,24,1315553280,71.12017545755953,measured,3.3153711212798953,6.43848854675889,75.14707190729678,0.0566210139925804,1.0566210139925805,
opt-1.3b,2048,C,int,128,verify_fold,8,4,,cuda,NVIDIA L40S,AMD EPYC 9334 32-Core Processor x8 threads,24,1315553280,0.0,measured,0.0,0.0,0.0,,,
opt-1.3b,2048,C,int,128,verify_products,8,4,,cuda,NVIDIA L40S,AMD EPYC 9334 32-Core Processor x8 threads,24,1315553280,6.550467310473323,measured,0.3192863427102566,0.5879707429558039,6.499027548357844,-0.007852838534623813,0.9921471614653762,
opt-1.3b,2048,Kpre,int,128,bytes_total,8,4,,cuda,NVIDIA L40S,AMD EPYC 9334 32-Core Processor x8 threads,24,1315553280,3657634176.0,measured,184750464.0,335745408.0,3657634176.0,0.0,1.0,
opt-1.3b,2048,Kpre,int,128,fs_hash,8,4,,cuda,NVIDIA L40S,AMD EPYC 9334 32-Core Processor x8 threads,24,1315553280,2.230517566204071e-06,measured,7.795169949531555e-07,8.307397365570068e-07,1.957640051841736e-06,-0.12233820459290187,0.8776617954070981,
opt-1.3b,2048,Kpre,int,128,prove_fold,8,4,,cuda,NVIDIA L40S,AMD EPYC 9334 32-Core Processor x8 threads,24,1315553280,0.0,measured,0.0,0.0,0.0,,,
opt-1.3b,2048,Kpre,int,128,prove_forward,8,4,,cuda,NVIDIA L40S,AMD EPYC 9334 32-Core Processor x8 threads,24,1315553280,5.347641531378031,measured,0.2647769274190068,0.4706094730645418,4.998925477266312,-0.06520931742817448,0.9347906825718255,
opt-1.3b,2048,Kpre,int,128,verify_derive,8,4,,cuda,NVIDIA L40S,AMD EPYC 9334 32-Core Processor x8 threads,24,1315553280,74.57315101940185,measured,3.329517623409629,6.446076586842537,75.01037378236651,0.0058630050760616614,1.0058630050760617,
opt-1.3b,2048,Kpre,int,128,verify_fold,8,4,,cuda,NVIDIA L40S,AMD EPYC 9334 32-Core Processor x8 threads,24,1315553280,0.0,measured,0.0,0.0,0.0,,,
opt-1.3b,2048,Kpre,int,128,verify_products,8,4,,cuda,NVIDIA L40S,AMD EPYC 9334 32-Core Processor x8 threads,24,1315553280,6.612697439268231,measured,0.3167029283940792,0.5777417421340942,6.320595644414425,-0.04417286554186136,0.9558271344581386,
opt-1.3b,64,C,int,128,bytes_total,8,4,,cuda,NVIDIA L40S,AMD EPYC 9334 32-Core Processor x8 threads,24,1315553280,263923856.0,measured,27665800.0,37938128.0,263929344.0,2.079387624588207e-05,1.000020793876246,
opt-1.3b,64,C,int,128,fs_hash,8,4,,cuda,NVIDIA L40S,AMD EPYC 9334 32-Core Processor x8 threads,24,1315553280,8.353963494300842e-07,measured,4.754401743412018e-07,5.853362381458282e-07,3.0030496418476105e-06,2.5947603121516165,3.5947603121516165,
opt-1.3b,64,C,int,128,prove_fold,8,4,,cuda,NVIDIA L40S,AMD EPYC 9334 32-Core Processor x8 threads,24,1315553280,0.1651047272607684,measured,0.018189366441220045,0.024601712822914124,0.16567333322018385,0.003443910836770728,1.0034439108367708,
opt-1.3b,64,C,int,128,prove_forward,8,4,,cuda,NVIDIA L40S,AMD EPYC 9334 32-Core Processor x8 threads,24,1315553280,0.07578075677156448,measured,0.007439387496560812,0.008871888741850853,0.040386916138231754,-0.467055782248584,0.532944217751416,
opt-1.3b,64,C,int,128,prove_open,8,4,,cuda,NVIDIA L40S,AMD EPYC 9334 32-Core Processor x8 threads,24,1315553280,0.5075089572928846,measured,0.07256803568452597,0.08707429002970457,0.40621188562363386,-0.19959661837217968,0.8004033816278203,
opt-1.3b,64,C,int,128,verify_columns,8,4,,cuda,NVIDIA L40S,AMD EPYC 9334 32-Core Processor x8 threads,24,1315553280,1.049700896255672,measured,0.10120316641405225,0.12555853510275483,0.6613766462542117,-0.3699379998498901,0.6300620001501098,
opt-1.3b,64,C,int,128,verify_derive,8,4,,cuda,NVIDIA L40S,AMD EPYC 9334 32-Core Processor x8 threads,24,1315553280,0.16254584910348058,measured,0.007546747103333473,0.01254121633246541,0.12241953937336802,-0.2468614852451088,0.7531385147548912,
opt-1.3b,64,C,int,128,verify_fold,8,4,,cuda,NVIDIA L40S,AMD EPYC 9334 32-Core Processor x8 threads,24,1315553280,0.0,measured,0.0,0.0,0.0,,,
opt-1.3b,64,C,int,128,verify_products,8,4,,cuda,NVIDIA L40S,AMD EPYC 9334 32-Core Processor x8 threads,24,1315553280,0.40224549686536193,measured,0.015195143409073353,0.023868441581726074,0.21468100138008595,-0.4662935867447557,0.5337064132552444,
opt-1.3b,64,Kpre,int,128,bytes_total,8,4,,cuda,NVIDIA L40S,AMD EPYC 9334 32-Core Processor x8 threads,24,1315553280,114495872.0,measured,5968256.0,10686848.0,114495872.0,0.0,1.0,
opt-1.3b,64,Kpre,int,128,fs_hash,8,4,,cuda,NVIDIA L40S,AMD EPYC 9334 32-Core Processor x8 threads,24,1315553280,9.648501873016357e-07,measured,5.704350769519806e-07,6.300397217273712e-07,1.941341906785965e-06,1.0120656370656371,2.012065637065637,
opt-1.3b,64,Kpre,int,128,prove_fold,8,4,,cuda,NVIDIA L40S,AMD EPYC 9334 32-Core Processor x8 threads,24,1315553280,0.0,measured,0.0,0.0,0.0,,,
opt-1.3b,64,Kpre,int,128,prove_forward,8,4,,cuda,NVIDIA L40S,AMD EPYC 9334 32-Core Processor x8 threads,24,1315553280,0.07441995572298765,measured,0.005560255143791437,0.008781323675066233,0.07964483136311173,0.07020799178613547,1.0702079917861356,
opt-1.3b,64,Kpre,int,128,verify_derive,8,4,,cuda,NVIDIA L40S,AMD EPYC 9334 32-Core Processor x8 threads,24,1315553280,0.14410427771508694,measured,0.006305251270532608,0.011436490807682276,0.12432376062497497,-0.13726530123707117,0.8627346987629289,
opt-1.3b,64,Kpre,int,128,verify_fold,8,4,,cuda,NVIDIA L40S,AMD EPYC 9334 32-Core Processor x8 threads,24,1315553280,0.0,measured,0.0,0.0,0.0,,,
opt-1.3b,64,Kpre,int,128,verify_products,8,4,,cuda,NVIDIA L40S,AMD EPYC 9334 32-Core Processor x8 threads,24,1315553280,0.3421744219958782,measured,0.015249268617480993,0.030897927936166525,0.3751684329472482,0.0964245391543832,1.0964245391543832,
opt-13b,2048,C,int,128,bytes_total,8,4,,cuda,NVIDIA L40S,AMD EPYC 9334 32-Core Processor x8 threads,40,12852633600,15751510720.0,measured,493231672.0,884468912.0,15751484032.0,-1.6943136740600841e-06,0.999998305686326,
opt-13b,2048,C,int,128,fs_hash,8,4,,cuda,NVIDIA L40S,AMD EPYC 9334 32-Core Processor x8 threads,40,12852633600,3.890134394168854e-06,measured,9.192153811454773e-07,8.195638656616211e-07,-2.9671937227249146e-06,-1.762748384007661,-0.762748384007661,
opt-13b,2048,C,int,128,prove_fold,8,4,,cuda,NVIDIA L40S,AMD EPYC 9334 32-Core Processor x8 threads,40,12852633600,1.6100262077525258,measured,0.08401910122483969,0.12274187617003918,1.5942073240876198,-0.009825233644480846,0.9901747663555192,
opt-13b,2048,C,int,128,prove_forward,8,4,,cuda,NVIDIA L40S,AMD EPYC 9334 32-Core Processor x8 threads,40,12852633600,20.29138773214072,measured,0.5811531422659755,1.1071941535919905,21.09675258398056,0.03968998387252616,1.0396899838725262,
opt-13b,2048,C,int,128,prove_open,8,4,,cuda,NVIDIA L40S,AMD EPYC 9334 32-Core Processor x8 threads,40,12852633600,3.021321184001863,measured,0.15658801794052124,0.22302707377821207,2.7477111956104636,-0.09055971600774725,0.9094402839922527,
opt-13b,2048,C,int,128,verify_columns,8,4,,cuda,NVIDIA L40S,AMD EPYC 9334 32-Core Processor x8 threads,40,12852633600,4.25532061047852,measured,0.23218281008303165,0.2607826041057706,1.34757477696985,-0.6833200361797622,0.3166799638202378,
opt-13b,2048,C,int,128,verify_derive,8,4,,cuda,NVIDIA L40S,AMD EPYC 9334 32-Core Processor x8 threads,40,12852633600,166.43041857611388,measured,4.644840677268803,7.91744237113744,132.27630673814565,-0.20521556173547972,0.7947844382645203,
opt-13b,2048,C,int,128,verify_fold,8,4,,cuda,NVIDIA L40S,AMD EPYC 9334 32-Core Processor x8 threads,40,12852633600,0.0,measured,0.0,0.0,0.0,,,
opt-13b,2048,C,int,128,verify_products,8,4,,cuda,NVIDIA L40S,AMD EPYC 9334 32-Core Processor x8 threads,40,12852633600,31.056628359481692,measured,0.8332221582531929,1.2402289481833577,16.70648696552962,-0.46206372526497796,0.537936274735022,
opt-13b,2048,Kpre,int,128,bytes_total,8,4,,cuda,NVIDIA L40S,AMD EPYC 9334 32-Core Processor x8 threads,40,12852633600,15183581568.0,measured,461574528.0,839061888.0,15183581568.0,0.0,1.0,
opt-13b,2048,Kpre,int,128,fs_hash,8,4,,cuda,NVIDIA L40S,AMD EPYC 9334 32-Core Processor x8 threads,40,12852633600,3.0705705285072327e-06,measured,2.4605542421340942e-06,3.1795352697372437e-06,3.050081431865692e-05,8.933272672126176,9.933272672126176,
opt-13b,2048,Kpre,int,128,prove_fold,8,4,,cuda,NVIDIA L40S,AMD EPYC 9334 32-Core Processor x8 threads,40,12852633600,0.0,measured,0.0,0.0,0.0,,,
opt-13b,2048,Kpre,int,128,prove_forward,8,4,,cuda,NVIDIA L40S,AMD EPYC 9334 32-Core Processor x8 threads,40,12852633600,20.73400394245982,measured,0.5848744148388505,1.1750338627025485,23.601092881523073,0.13827955984863713,1.138279559848637,
opt-13b,2048,Kpre,int,128,verify_derive,8,4,,cuda,NVIDIA L40S,AMD EPYC 9334 32-Core Processor x8 threads,40,12852633600,171.29509184416384,measured,4.473980809561908,8.697346105240285,169.18522734101862,-0.012317133435817721,0.9876828665641822,
opt-13b,2048,Kpre,int,128,verify_fold,8,4,,cuda,NVIDIA L40S,AMD EPYC 9334 32-Core Processor x8 threads,40,12852633600,0.0,measured,0.0,0.0,0.0,,,
opt-13b,2048,Kpre,int,128,verify_products,8,4,,cuda,NVIDIA L40S,AMD EPYC 9334 32-Core Processor x8 threads,40,12852633600,31.846087094396353,measured,0.8366702124476433,1.6486657476052642,32.50449608359486,0.02067472174044138,1.0206747217404413,
opt-2.7b,2048,C,int,128,bytes_total,8,4,,cuda,NVIDIA L40S,AMD EPYC 9334 32-Core Processor x8 threads,32,2651258880,6319739104.0,measured,254244184.0,449905776.0,6319753536.0,2.2836385747103777e-06,1.0000022836385747,
opt-2.7b,2048,C,int,128,fs_hash,8,4,,cuda,NVIDIA L40S,AMD EPYC 9334 32-Core Processor x8 threads,32,2651258880,2.779066562652588e-06,measured,1.2740492820739746e-06,8.866190910339355e-07,-1.0736286640167236e-05,-4.863270777479893,-3.863270777479893,
opt-2.7b,2048,C,int,128,prove_fold,8,4,,cuda,NVIDIA L40S,AMD EPYC 9334 32-Core Processor x8 threads,32,2651258880,0.4241299070417881,measured,0.030695859342813492,0.04322190582752228,0.41900330036878586,-0.012087350096953045,0.987912649903047,
opt-2.7b,2048,C,int,128,prove_forward,8,4,,cuda,NVIDIA L40S,AMD EPYC 9334 32-Core Processor x8 threads,32,2651258880,9.025713551789522,measured,0.10890249907970428,0.2113308347761631,3.2841809056699276,-0.6361306076438937,0.3638693923561063,
opt-2.7b,2048,C,int,128,prove_open,8,4,,cuda,NVIDIA L40S,AMD EPYC 9334 32-Core Processor x8 threads,32,2651258880,0.9070467837154865,measured,0.07181663438677788,0.0934392400085926,0.7421174086630344,-0.18183116683007336,0.8181688331699266,
opt-2.7b,2048,C,int,128,verify_columns,8,4,,cuda,NVIDIA L40S,AMD EPYC 9334 32-Core Processor x8 threads,32,2651258880,2.0597725734114647,measured,0.17678920179605484,0.2256387285888195,1.6911245323717594,-0.17897511880602332,0.8210248811939767,
opt-2.7b,2048,C,int,128,verify_derive,8,4,,cuda,NVIDIA L40S,AMD EPYC 9334 32-Core Processor x8 threads,32,2651258880,115.75236439332366,measured,0.9956471659243107,4.157888416200876,99.02512592449784,-0.14450882758633835,0.8554911724136617,
opt-2.7b,2048,C,int,128,verify_fold,8,4,,cuda,NVIDIA L40S,AMD EPYC 9334 32-Core Processor x8 threads,32,2651258880,0.0,measured,0.0,0.0,0.0,,,
opt-2.7b,2048,C,int,128,verify_products,8,4,,cuda,NVIDIA L40S,AMD EPYC 9334 32-Core Processor x8 threads,32,2651258880,13.368681475520134,measured,0.2873675487935543,0.5733024924993515,9.151350803673267,-0.3154634718142825,0.6845365281857175,
opt-2.7b,2048,Kpre,int,128,bytes_total,8,4,,cuda,NVIDIA L40S,AMD EPYC 9334 32-Core Processor x8 threads,32,2651258880,6081941888.0,measured,230887808.0,419631488.0,6081941888.0,0.0,1.0,
opt-2.7b,2048,Kpre,int,128,fs_hash,8,4,,cuda,NVIDIA L40S,AMD EPYC 9334 32-Core Processor x8 threads,32,2651258880,1.4193356037139893e-06,measured,9.499490261077881e-07,9.313225746154785e-07,3.725290298461914e-07,-0.7375328083989501,0.26246719160104987,
opt-2.7b,2048,Kpre,int,128,prove_fold,8,4,,cuda,NVIDIA L40S,AMD EPYC 9334 32-Core Processor x8 threads,32,2651258880,0.0,measured,0.0,0.0,0.0,,,
opt-2.7b,2048,Kpre,int,128,prove_forward,8,4,,cuda,NVIDIA L40S,AMD EPYC 9334 32-Core Processor x8 threads,32,2651258880,9.538906838744879,measured,0.10865848511457443,0.2521176338195801,4.5558920949697495,-0.5223884484892181,0.4776115515107819,
opt-2.7b,2048,Kpre,int,128,verify_derive,8,4,,cuda,NVIDIA L40S,AMD EPYC 9334 32-Core Processor x8 threads,32,2651258880,117.02098348364234,measured,1.0308013148605824,4.653115600347519,113.32254416495562,-0.03160492425021967,0.9683950757497803,
opt-2.7b,2048,Kpre,int,128,verify_fold,8,4,,cuda,NVIDIA L40S,AMD EPYC 9334 32-Core Processor x8 threads,32,2651258880,0.0,measured,0.0,0.0,0.0,,,
opt-2.7b,2048,Kpre,int,128,verify_products,8,4,,cuda,NVIDIA L40S,AMD EPYC 9334 32-Core Processor x8 threads,32,2651258880,14.494444243609905,measured,0.2874341420829296,0.6256498247385025,10.77212030440569,-0.2568103941512113,0.7431896058487887,
opt-2.7b,64,C,int,128,bytes_total,8,4,,cuda,NVIDIA L40S,AMD EPYC 9334 32-Core Processor x8 threads,32,2651258880,428058400.0,measured,30766424.0,43583088.0,428083008.0,5.748748301633609e-05,1.0000574874830164,
opt-2.7b,64,C,int,128,fs_hash,8,4,,cuda,NVIDIA L40S,AMD EPYC 9334 32-Core Processor x8 threads,32,2651258880,9.685754776000977e-07,measured,4.805624485015869e-07,6.556510925292969e-07,5.908310413360596e-06,5.1,6.1,
opt-2.7b,64,C,int,128,prove_fold,8,4,,cuda,NVIDIA L40S,AMD EPYC 9334 32-Core Processor x8 threads,32,2651258880,0.41379132866859436,measured,0.030372779816389084,0.04290122911334038,0.4187547080218792,0.01199488488377679,1.0119948848837768,
opt-2.7b,64,C,int,128,prove_forward,8,4,,cuda,NVIDIA L40S,AMD EPYC 9334 32-Core Processor x8 threads,32,2651258880,0.11483945325016975,measured,0.006180770695209503,0.009828049689531326,0.11924641951918602,0.03837501959728071,1.0383750195972807,
opt-2.7b,64,C,int,128,prove_open,8,4,,cuda,NVIDIA L40S,AMD EPYC 9334 32-Core Processor x8 threads,32,2651258880,0.8851939365267754,measured,0.1367671638727188,0.10590889677405357,-0.8198391161859035,-1.9261689245214402,-0.9261689245214402,
opt-2.7b,64,C,int,128,verify_columns,8,4,,cuda,NVIDIA L40S,AMD EPYC 9334 32-Core Processor x8 threads,32,2651258880,1.845852341502905,measured,0.1979074962437153,0.25593291595578194,1.9966955073177814,0.08172006092971612,1.0817200609297162,
opt-2.7b,64,C,int,128,verify_derive,8,4,,cuda,NVIDIA L40S,AMD EPYC 9334 32-Core Processor x8 threads,32,2651258880,0.2559196576476097,measured,0.009491510689258575,0.013650692999362946,0.13842616230249405,-0.4591030498598866,0.5408969501401134,
opt-2.7b,64,C,int,128,verify_fold,8,4,,cuda,NVIDIA L40S,AMD EPYC 9334 32-Core Processor x8 threads,32,2651258880,0.0,measured,0.0,0.0,0.0,,,
opt-2.7b,64,C,int,128,verify_products,8,4,,cuda,NVIDIA L40S,AMD EPYC 9334 32-Core Processor x8 threads,32,2651258880,0.7677886113524437,measured,0.03569037839770317,0.05459985136985779,0.6218840405344963,-0.19003221545698565,0.8099677845430143,
opt-2.7b,64,Kpre,int,128,bytes_total,8,4,,cuda,NVIDIA L40S,AMD EPYC 9334 32-Core Processor x8 threads,32,2651258880,190255488.0,measured,7410048.0,13308288.0,190255488.0,0.0,1.0,
opt-2.7b,64,Kpre,int,128,fs_hash,8,4,,cuda,NVIDIA L40S,AMD EPYC 9334 32-Core Processor x8 threads,32,2651258880,1.0021030902862549e-06,measured,4.6193599700927734e-07,6.593763828277588e-07,6.582587957382202e-06,5.568773234200743,6.568773234200743,
opt-2.7b,64,Kpre,int,128,prove_fold,8,4,,cuda,NVIDIA L40S,AMD EPYC 9334 32-Core Processor x8 threads,32,2651258880,0.0,measured,0.0,0.0,0.0,,,
opt-2.7b,64,Kpre,int,128,prove_forward,8,4,,cuda,NVIDIA L40S,AMD EPYC 9334 32-Core Processor x8 threads,32,2651258880,0.11405983567237854,measured,0.005930501967668533,0.010381728410720825,0.14391852170228958,0.26178089643821756,1.2617808964382176,
opt-2.7b,64,Kpre,int,128,verify_derive,8,4,,cuda,NVIDIA L40S,AMD EPYC 9334 32-Core Processor x8 threads,32,2651258880,0.2700335867702961,measured,0.00981864333152771,0.018568966537714005,0.28107866272330284,0.040902600617612174,1.040902600617612,
opt-2.7b,64,Kpre,int,128,verify_fold,8,4,,cuda,NVIDIA L40S,AMD EPYC 9334 32-Core Processor x8 threads,32,2651258880,0.0,measured,0.0,0.0,0.0,,,
opt-2.7b,64,Kpre,int,128,verify_products,8,4,,cuda,NVIDIA L40S,AMD EPYC 9334 32-Core Processor x8 threads,32,2651258880,0.8321996778249741,measured,0.030850019305944443,0.0652366429567337,1.0968353524804115,0.3179954062792787,1.3179954062792787,
opt-6.7b,2048,C,int,128,bytes_total,8,4,,cuda,NVIDIA L40S,AMD EPYC 9334 32-Core Processor x8 threads,32,6657933312,10101029984.0,measured,397639576.0,710652464.0,10101039104.0,9.028782227600603e-07,1.0000009028782229,
opt-6.7b,2048,C,int,128,fs_hash,8,4,,cuda,NVIDIA L40S,AMD EPYC 9334 32-Core Processor x8 threads,32,6657933312,2.909451723098755e-06,measured,1.0691583156585693e-06,1.12876296043396e-06,2.9169023036956787e-06,0.002560819462227913,1.002560819462228,
opt-6.7b,2048,C,int,128,prove_fold,8,4,,cuda,NVIDIA L40S,AMD EPYC 9334 32-Core Processor x8 threads,32,6657933312,0.7242709137499332,measured,0.05007561296224594,0.06994376331567764,0.6659882739186287,-0.08047077236547374,0.9195292276345263,
opt-6.7b,2048,C,int,128,prove_forward,8,4,,cuda,NVIDIA L40S,AMD EPYC 9334 32-Core Processor x8 threads,32,6657933312,13.494732193648815,measured,0.6107446812093258,0.9409409761428833,10.846829824149609,-0.1962174818663997,0.8037825181336004,
opt-6.7b,2048,C,int,128,prove_open,8,4,,cuda,NVIDIA L40S,AMD EPYC 9334 32-Core Processor x8 threads,32,6657933312,1.9817052446305752,measured,0.1405811384320259,0.18587573245167732,1.5447135530412197,-0.22051296113454977,0.7794870388654502,
opt-6.7b,2048,C,int,128,verify_columns,8,4,,cuda,NVIDIA L40S,AMD EPYC 9334 32-Core Processor x8 threads,32,6657933312,2.975664898753166,measured,0.21792559698224068,0.3019096553325653,2.8214314058423042,-0.05183160676979702,0.948168393230203,
opt-6.7b,2048,C,int,128,verify_derive,8,4,,cuda,NVIDIA L40S,AMD EPYC 9334 32-Core Processor x8 threads,32,6657933312,137.78158793970942,measured,4.973443951457739,7.9238886423408985,96.43722936883569,-0.30007172358156614,0.6999282764184338,
opt-6.7b,2048,C,int,128,verify_fold,8,4,,cuda,NVIDIA L40S,AMD EPYC 9334 32-Core Processor x8 threads,32,6657933312,0.0,measured,0.0,0.0,0.0,,,
opt-6.7b,2048,C,int,128,verify_products,8,4,,cuda,NVIDIA L40S,AMD EPYC 9334 32-Core Processor x8 threads,32,6657933312,22.256762705743313,measured,0.7388434074819088,1.317564282566309,18.679190535098314,-0.1607409045935424,0.8392590954064576,
opt-6.7b,2048,Kpre,int,128,bytes_total,8,4,,cuda,NVIDIA L40S,AMD EPYC 9334 32-Core Processor x8 threads,32,6657933312,9730986368.0,measured,369299840.0,671289728.0,9730986368.0,0.0,1.0,
opt-6.7b,2048,Kpre,int,128,fs_hash,8,4,,cuda,NVIDIA L40S,AMD EPYC 9334 32-Core Processor x8 threads,32,6657933312,5.3942203521728516e-06,measured,1.385807991027832e-06,9.834766387939453e-07,-1.1086463928222656e-05,-3.0552486187845305,-2.0552486187845305,
opt-6.7b,2048,Kpre,int,128,prove_fold,8,4,,cuda,NVIDIA L40S,AMD EPYC 9334 32-Core Processor x8 threads,32,6657933312,0.0,measured,0.0,0.0,0.0,,,
opt-6.7b,2048,Kpre,int,128,prove_forward,8,4,,cuda,NVIDIA L40S,AMD EPYC 9334 32-Core Processor x8 threads,32,6657933312,15.58212062716484,measured,0.5676872991025448,0.9465114288032055,12.311235319823027,-0.20991271891706245,0.7900872810829376,
opt-6.7b,2048,Kpre,int,128,verify_derive,8,4,,cuda,NVIDIA L40S,AMD EPYC 9334 32-Core Processor x8 threads,32,6657933312,135.54310724139214,measured,4.9548774138092995,8.08560622856021,102.0074706710875,-0.2474167610056347,0.7525832389943653,
opt-6.7b,2048,Kpre,int,128,verify_fold,8,4,,cuda,NVIDIA L40S,AMD EPYC 9334 32-Core Processor x8 threads,32,6657933312,0.0,measured,0.0,0.0,0.0,,,
opt-6.7b,2048,Kpre,int,128,verify_products,8,4,,cuda,NVIDIA L40S,AMD EPYC 9334 32-Core Processor x8 threads,32,6657933312,23.46803206205368,measured,0.770859107375145,1.335921436548233,18.287791311740875,-0.2207360522013657,0.7792639477986343,
opt-6.7b,64,C,int,128,bytes_total,8,4,,cuda,NVIDIA L40S,AMD EPYC 9334 32-Core Processor x8 threads,32,6657933312,674327936.0,measured,40075384.0,60534816.0,674317776.0,-1.506685316979067e-05,0.9999849331468302,
opt-6.7b,64,C,int,128,fs_hash,8,4,,cuda,NVIDIA L40S,AMD EPYC 9334 32-Core Processor x8 threads,32,6657933312,9.746290743350983e-07,measured,5.103647708892822e-07,5.201436579227448e-07,8.135102689266205e-07,-0.16531294792164358,0.8346870520783565,
opt-6.7b,64,C,int,128,prove_fold,8,4,,cuda,NVIDIA L40S,AMD EPYC 9334 32-Core Processor x8 threads,32,6657933312,0.6759975315071642,measured,0.049725005868822336,0.06984686106443405,0.6735025169327855,-0.0036908634397169932,0.996309136560283,
opt-6.7b,64,C,int,128,prove_forward,8,4,,cuda,NVIDIA L40S,AMD EPYC 9334 32-Core Processor x8 threads,32,6657933312,0.15593969589099288,measured,0.008888048585504293,0.013653697911649942,0.1566231776960194,0.004382987930823644,1.0043829879308237,
opt-6.7b,64,C,int,128,prove_open,8,4,,cuda,NVIDIA L40S,AMD EPYC 9334 32-Core Processor x8 threads,32,6657933312,1.9062451049685478,measured,0.15235668513923883,0.201442230027169,1.6740085766650736,-0.12182931129798547,0.8781706887020145,
opt-6.7b,64,C,int,128,verify_columns,8,4,,cuda,NVIDIA L40S,AMD EPYC 9334 32-Core Processor x8 threads,32,6657933312,2.5748683735728264,measured,0.1632259702309966,0.2663557860068977,3.36025025928393,0.3050182656992778,1.3050182656992777,
opt-6.7b,64,C,int,128,verify_derive,8,4,,cuda,NVIDIA L40S,AMD EPYC 9334 32-Core Processor x8 threads,32,6657933312,0.2532042497768998,measured,0.009865113999694586,0.02030736394226551,0.33357486221939325,0.31741415285607805,1.317414152856078,
opt-6.7b,64,C,int,128,verify_fold,8,4,,cuda,NVIDIA L40S,AMD EPYC 9334 32-Core Processor x8 threads,32,6657933312,0.0,measured,0.0,0.0,0.0,,,
opt-6.7b,64,C,int,128,verify_products,8,4,,cuda,NVIDIA L40S,AMD EPYC 9334 32-Core Processor x8 threads,32,6657933312,0.9885301776230335,measured,0.029327582102268934,0.07280420931056142,1.377103025559336,0.3930814220266333,1.3930814220266332,
opt-6.7b,64,Kpre,int,128,bytes_total,8,4,,cuda,NVIDIA L40S,AMD EPYC 9334 32-Core Processor x8 threads,32,6657933312,304288128.0,measured,11735424.0,21172608.0,304288128.0,0.0,1.0,
opt-6.7b,64,Kpre,int,128,fs_hash,8,4,,cuda,NVIDIA L40S,AMD EPYC 9334 32-Core Processor x8 threads,32,6657933312,1.0202638804912567e-06,measured,6.752088665962219e-07,6.896443665027618e-07,1.1227093636989594e-06,0.10041077133728891,1.1004107713372888,
opt-6.7b,64,Kpre,int,128,prove_fold,8,4,,cuda,NVIDIA L40S,AMD EPYC 9334 32-Core Processor x8 threads,32,6657933312,0.0,measured,0.0,0.0,0.0,,,
opt-6.7b,64,Kpre,int,128,prove_forward,8,4,,cuda,NVIDIA L40S,AMD EPYC 9334 32-Core Processor x8 threads,32,6657933312,0.158612672239542,measured,0.008673757780343294,0.013742928393185139,0.16581804677844048,0.045427483423371606,1.0454274834233717,
opt-6.7b,64,Kpre,int,128,verify_derive,8,4,,cuda,NVIDIA L40S,AMD EPYC 9334 32-Core Processor x8 threads,32,6657933312,0.256049208343029,measured,0.00957851903513074,0.018393002450466156,0.28282750491052866,0.10458261808653892,1.104582618086539,
opt-6.7b,64,Kpre,int,128,verify_fold,8,4,,cuda,NVIDIA L40S,AMD EPYC 9334 32-Core Processor x8 threads,32,6657933312,0.0,measured,0.0,0.0,0.0,,,
opt-6.7b,64,Kpre,int,128,verify_products,8,4,,cuda,NVIDIA L40S,AMD EPYC 9334 32-Core Processor x8 threads,32,6657933312,1.0885128895752132,measured,0.048418129328638315,0.08486086502671242,1.1781429359689355,0.08234174096799164,1.0823417409679916,
qwen3-4b,64,C,int,128,bytes_total,8,4,,cuda,NVIDIA L40S,AMD EPYC 9334 32-Core Processor x8 threads,36,4022272000,658626880.0,measured,64026368.0,81015296.0,658638848.0,1.817113811085269e-05,1.0000181711381109,
qwen3-4b,64,C,int,128,fs_hash,8,4,,cuda,NVIDIA L40S,AMD EPYC 9334 32-Core Processor x8 threads,36,4022272000,1.3899989426136017e-06,measured,5.746260285377502e-07,6.351619958877563e-07,2.693384885787964e-06,0.9376884422110553,1.9376884422110552,
qwen3-4b,64,C,int,128,prove_fold,8,4,,cuda,NVIDIA L40S,AMD EPYC 9334 32-Core Processor x8 threads,36,4022272000,0.37858974374830723,measured,0.06090423371642828,0.0701389885507524,0.38412065291777253,0.014609241958605048,1.014609241958605,
qwen3-4b,64,C,int,128,prove_forward,8,4,,cuda,NVIDIA L40S,AMD EPYC 9334 32-Core Processor x8 threads,36,4022272000,0.20232190378010273,measured,0.011792689096182585,0.016849128529429436,0.18876806925982237,-0.06699143427896762,0.9330085657210324,
qwen3-4b,64,C,int,128,prove_open,8,4,,cuda,NVIDIA L40S,AMD EPYC 9334 32-Core Processor x8 threads,36,4022272000,1.3645572969689965,measured,0.17527841124683619,0.2005026675760746,1.0581273827701807,-0.22456361112828968,0.7754363888717103,
qwen3-4b,64,C,int,128,verify_columns,8,4,,cuda,NVIDIA L40S,AMD EPYC 9334 32-Core Processor x8 threads,36,4022272000,3.01630387455225,measured,0.3933433834463358,0.4341079811565578,1.820104303304106,-0.39657793809839925,0.6034220619016007,
qwen3-4b,64,C,int,128,verify_derive,8,4,,cuda,NVIDIA L40S,AMD EPYC 9334 32-Core Processor x8 threads,36,4022272000,0.3997461125254631,measured,0.011721594724804163,0.020653273910284042,0.32433036621659994,-0.18865911123540774,0.8113408887645922,
qwen3-4b,64,C,int,128,verify_fold,8,4,,cuda,NVIDIA L40S,AMD EPYC 9334 32-Core Processor x8 threads,36,4022272000,0.0,measured,0.0,0.0,0.0,,,
qwen3-4b,64,C,int,128,verify_products,8,4,,cuda,NVIDIA L40S,AMD EPYC 9334 32-Core Processor x8 threads,36,4022272000,1.2140123657882214,measured,0.046101349871605635,0.07325882650911808,0.9966130321845412,-0.179075057001194,0.820924942998806,
qwen3-4b,64,Kpre,int,128,bytes_total,8,4,,cuda,NVIDIA L40S,AMD EPYC 9334 32-Core Processor x8 threads,36,4022272000,284378624.0,measured,9127424.0,16991744.0,284378624.0,0.0,1.0,
qwen3-4b,64,Kpre,int,128,fs_hash,8,4,,cuda,NVIDIA L40S,AMD EPYC 9334 32-Core Processor x8 threads,36,4022272000,9.699724614620209e-07,measured,5.201436579227448e-07,7.748603820800781e-07,9.435229003429413e-06,8.727316370619299,9.727316370619299,
qwen3-4b,64,Kpre,int,128,prove_fold,8,4,,cuda,NVIDIA L40S,AMD EPYC 9334 32-Core Processor x8 threads,36,4022272000,0.0,measured,0.0,0.0,0.0,,,
qwen3-4b,64,Kpre,int,128,prove_forward,8,4,,cuda,NVIDIA L40S,AMD EPYC 9334 32-Core Processor x8 threads,36,4022272000,0.19360224762931466,measured,0.011715448461472988,0.016812452115118504,0.19011057633906603,-0.018035282818276197,0.9819647171817238,
qwen3-4b,64,Kpre,int,128,verify_derive,8,4,,cuda,NVIDIA L40S,AMD EPYC 9334 32-Core Processor x8 threads,36,4022272000,0.397161069791764,measured,0.012667163275182247,0.022092485334724188,0.34255343535915017,-0.13749493237402458,0.8625050676259755,
qwen3-4b,64,Kpre,int,128,verify_fold,8,4,,cuda,NVIDIA L40S,AMD EPYC 9334 32-Core Processor x8 threads,36,4022272000,0.0,measured,0.0,0.0,0.0,,,
qwen3-4b,64,Kpre,int,128,verify_products,8,4,,cuda,NVIDIA L40S,AMD EPYC 9334 32-Core Processor x8 threads,36,4022272000,1.1913298536092043,measured,0.04720556177198887,0.0738874371163547,0.9810711988247931,-0.17649071258259846,0.8235092874174015,
qwen3-4b,8,C,int,128,bytes_total,1,4,_thr1,cuda,NVIDIA L40S,AMD EPYC 9334 32-Core Processor x1 threads,36,4022272000,410329280.0,measured,56572000.0,66679520.0,410335200.0,1.4427437398569266e-05,1.0000144274373985,
qwen3-4b,8,C,int,128,bytes_total,8,4,,cuda,NVIDIA L40S,AMD EPYC 9334 32-Core Processor x8 threads,36,4022272000,410324768.0,measured,56572608.0,66679664.0,410319568.0,-1.2672888417986018e-05,0.999987327111582,
qwen3-4b,8,C,int,128,fs_hash,1,4,_thr1,cuda,NVIDIA L40S,AMD EPYC 9334 32-Core Processor x1 threads,36,4022272000,8.400529623031616e-07,measured,4.3958425521850586e-07,7.199123501777649e-07,1.0251067578792572e-05,11.202882483370288,12.202882483370288,
qwen3-4b,8,C,int,128,fs_hash,8,4,,cuda,NVIDIA L40S,AMD EPYC 9334 32-Core Processor x8 threads,36,4022272000,1.0351650416851044e-06,measured,5.30388206243515e-07,4.2514875531196594e-07,-3.1529925763607025e-06,-4.045883940620783,-3.045883940620783,
qwen3-4b,8,C,int,128,prove_fold,1,4,_thr1,cuda,NVIDIA L40S,AMD EPYC 9334 32-Core Processor x1 threads,36,4022272000,0.3776401663199067,measured,0.06085436791181564,0.07007577456533909,0.3836036007851362,0.01579131405258879,1.0157913140525887,
qwen3-4b,8,C,int,128,prove_fold,8,4,,cuda,NVIDIA L40S,AMD EPYC 9334 32-Core Processor x8 threads,36,4022272000,0.37762728706002235,measured,0.060924523044377565,0.07007898529991508,0.3813307019881904,0.009807063883017053,1.009807063883017,
qwen3-4b,8,C,int,128,prove_forward,1,4,_thr1,cuda,NVIDIA L40S,AMD EPYC 9334 32-Core Processor x1 threads,36,4022272000,0.13585489615797997,measured,0.00982496328651905,0.01578572578728199,0.21845165081322193,0.6079777541414014,1.6079777541414015,
qwen3-4b,8,C,int,128,prove_forward,8,4,,cuda,NVIDIA L40S,AMD EPYC 9334 32-Core Processor x8 threads,36,4022272000,0.14449256332591176,measured,0.01009147148579359,0.013899995014071465,0.14338979497551918,-0.007632007661911423,0.9923679923380886,
qwen3-4b,8,C,int,128,prove_open,1,4,_thr1,cuda,NVIDIA L40S,AMD EPYC 9334 32-Core Processor x1 threads,36,4022272000,1.3578381752595305,measured,0.21190997771918774,0.24304968770593405,1.3017998272553086,-0.04127026992263715,0.9587297300773628,
qwen3-4b,8,C,int,128,prove_open,8,4,,cuda,NVIDIA L40S,AMD EPYC 9334 32-Core Processor x8 threads,36,4022272000,1.3904293118976057,measured,0.21438515279442072,0.23886279296129942,1.0711025586351752,-0.22966054479002984,0.7703394552099702,
qwen3-4b,8,C,int,128,verify_columns,1,4,_thr1,cuda,NVIDIA L40S,AMD EPYC 9334 32-Core Processor x1 threads,36,4022272000,2.189863751642406,measured,0.5042032683268189,0.5852765385061502,3.3417677246034145,0.5260162748011498,1.5260162748011497,
qwen3-4b,8,C,int,128,verify_columns,8,4,,cuda,NVIDIA L40S,AMD EPYC 9334 32-Core Processor x8 threads,36,4022272000,3.064858593046665,measured,0.44405429158359766,0.528013058938086,3.3826111489906907,0.10367609020035054,1.1036760902003506,
qwen3-4b,8,C,int,128,verify_derive,1,4,_thr1,cuda,NVIDIA L40S,AMD EPYC 9334 32-Core Processor x1 threads,36,4022272000,0.10371377039700747,measured,0.003594503737986088,0.006732603535056114,0.11342799663543701,0.09366380376727523,1.0936638037672752,
qwen3-4b,8,C,int,128,verify_derive,8,4,,cuda,NVIDIA L40S,AMD EPYC 9334 32-Core Processor x8 threads,36,4022272000,0.14079859852790833,measured,0.0036936639808118343,0.007624506950378418,0.14127316791564226,0.003370554768979961,1.00337055476898,
qwen3-4b,8,C,int,128,verify_fold,1,4,_thr1,cuda,NVIDIA L40S,AMD EPYC 9334 32-Core Processor x1 threads,36,4022272000,0.0,measured,0.0,0.0,0.0,,,
qwen3-4b,8,C,int,128,verify_fold,8,4,,cuda,NVIDIA L40S,AMD EPYC 9334 32-Core Processor x8 threads,36,4022272000,0.0,measured,0.0,0.0,0.0,,,
qwen3-4b,8,C,int,128,verify_products,1,4,_thr1,cuda,NVIDIA L40S,AMD EPYC 9334 32-Core Processor x1 threads,36,4022272000,0.19521320704370737,measured,0.03086423221975565,0.03963134437799454,0.3377131577581167,0.7299708501920377,1.7299708501920377,
qwen3-4b,8,C,int,128,verify_products,8,4,,cuda,NVIDIA L40S,AMD EPYC 9334 32-Core Processor x8 threads,36,4022272000,0.5687112552113831,measured,0.031034221407026052,0.0446557542309165,0.5077878702431917,-0.10712533717228244,0.8928746628277175,
qwen3-4b,8,C,int,40,bytes_total,1,4,_thr1,cuda,NVIDIA L40S,AMD EPYC 9334 32-Core Processor x1 threads,36,4022272000,172814304.0,measured,21711008.0,26027712.0,172795648.0,-0.0001079540267685249,0.9998920459732314,
qwen3-4b,8,C,int,40,fs_hash,1,4,_thr1,cuda,NVIDIA L40S,AMD EPYC 9334 32-Core Processor x1 threads,36,4022272000,5.904585123062134e-07,measured,5.00120222568512e-07,5.997717380523682e-07,3.987923264503479e-06,5.753943217665615,6.753943217665615,
qwen3-4b,8,C,int,40,prove_fold,1,4,_thr1,cuda,NVIDIA L40S,AMD EPYC 9334 32-Core Processor x1 threads,36,4022272000,0.3570180907845497,measured,0.059372047893702984,0.06796860508620739,0.3602515496313572,0.009056848743160135,1.0090568487431602,
qwen3-4b,8,C,int,40,prove_forward,1,4,_thr1,cuda,NVIDIA L40S,AMD EPYC 9334 32-Core Processor x1 threads,36,4022272000,0.13574319519102573,measured,0.009833325631916523,0.013575420714914799,0.14080665353685617,0.037301747160915485,1.0373017471609154,
qwen3-4b,8,C,int,40,prove_open,1,4,_thr1,cuda,NVIDIA L40S,AMD EPYC 9334 32-Core Processor x1 threads,36,4022272000,0.6004378534853458,measured,0.08856906089931726,0.10670809354633093,0.7234352035447955,0.20484609580407062,1.2048460958040705,
qwen3-4b,8,C,int,40,verify_columns,1,4,_thr1,cuda,NVIDIA L40S,AMD EPYC 9334 32-Core Processor x1 threads,36,4022272000,0.8340910654515028,measured,0.18013294134289026,0.21230385079979897,1.3061147723346949,0.5659138749168597,1.5659138749168597,
qwen3-4b,8,C,int,40,verify_derive,1,4,_thr1,cuda,NVIDIA L40S,AMD EPYC 9334 32-Core Processor x1 threads,36,4022272000,0.10403912793844938,measured,0.003583565354347229,0.006487512961030006,0.10522173158824444,0.011366912364881566,1.0113669123648816,
qwen3-4b,8,C,int,40,verify_fold,1,4,_thr1,cuda,NVIDIA L40S,AMD EPYC 9334 32-Core Processor x1 threads,36,4022272000,0.0,measured,0.0,0.0,0.0,,,
qwen3-4b,8,C,int,40,verify_products,1,4,_thr1,cuda,NVIDIA L40S,AMD EPYC 9334 32-Core Processor x1 threads,36,4022272000,0.15856555942445993,measured,0.01852625049650669,0.02140908595174551,0.11942549142986536,-0.2468383937638158,0.7531616062361842,
qwen3-4b,8,Kpre,int,128,bytes_total,1,4,_thr1,cuda,NVIDIA L40S,AMD EPYC 9334 32-Core Processor x1 threads,36,4022272000,36079104.0,measured,1672704.0,2655744.0,36079104.0,0.0,1.0,
qwen3-4b,8,Kpre,int,128,bytes_total,8,4,,cuda,NVIDIA L40S,AMD EPYC 9334 32-Core Processor x8 threads,36,4022272000,36079104.0,measured,1672704.0,2655744.0,36079104.0,0.0,1.0,
qwen3-4b,8,Kpre,int,128,fs_hash,1,4,_thr1,cuda,NVIDIA L40S,AMD EPYC 9334 32-Core Processor x1 threads,36,4022272000,7.301568984985352e-07,measured,3.6973506212234497e-07,6.30505383014679e-07,9.496696293354034e-06,12.006377551020408,13.006377551020408,
qwen3-4b,8,Kpre,int,128,fs_hash,8,4,,cuda,NVIDIA L40S,AMD EPYC 9334 32-Core Processor x8 threads,36,4022272000,1.8151476979255676e-06,measured,5.448237061500549e-07,4.55416738986969e-07,-2.584420144557953e-06,-2.4238070805541305,-1.4238070805541303,
qwen3-4b,8,Kpre,int,128,prove_fold,1,4,_thr1,cuda,NVIDIA L40S,AMD EPYC 9334 32-Core Processor x1 threads,36,4022272000,0.0,measured,0.0,0.0,0.0,,,
qwen3-4b,8,Kpre,int,128,prove_fold,8,4,,cuda,NVIDIA L40S,AMD EPYC 9334 32-Core Processor x8 threads,36,4022272000,0.0,measured,0.0,0.0,0.0,,,
qwen3-4b,8,Kpre,int,128,prove_forward,1,4,_thr1,cuda,NVIDIA L40S,AMD EPYC 9334 32-Core Processor x1 threads,36,4022272000,0.13520653452724218,measured,0.009714211337268353,0.013391396962106228,0.138415708206594,0.023735344527340163,1.0237353445273403,
qwen3-4b,8,Kpre,int,128,prove_forward,8,4,,cuda,NVIDIA L40S,AMD EPYC 9334 32-Core Processor x8 threads,36,4022272000,0.14358226861804724,measured,0.00973948696628213,0.013604895677417517,0.1450287918560207,0.010074525579627416,1.0100745255796275,
qwen3-4b,8,Kpre,int,128,verify_derive,1,4,_thr1,cuda,NVIDIA L40S,AMD EPYC 9334 32-Core Processor x1 threads,36,4022272000,0.10393111500889063,measured,0.0036125341430306435,0.006521902047097683,0.10544041078537703,0.014522078170308154,1.0145220781703082,
qwen3-4b,8,Kpre,int,128,verify_derive,8,4,,cuda,NVIDIA L40S,AMD EPYC 9334 32-Core Processor x8 threads,36,4022272000,0.15283458027988672,measured,0.0049565318040549755,0.008751245215535164,0.13777150120586157,-0.09855805568635097,0.901441944313649,
qwen3-4b,8,Kpre,int,128,verify_fold,1,4,_thr1,cuda,NVIDIA L40S,AMD EPYC 9334 32-Core Processor x1 threads,36,4022272000,0.0,measured,0.0,0.0,0.0,,,
qwen3-4b,8,Kpre,int,128,verify_fold,8,4,,cuda,NVIDIA L40S,AMD EPYC 9334 32-Core Processor x8 threads,36,4022272000,0.0,measured,0.0,0.0,0.0,,,
qwen3-4b,8,Kpre,int,128,verify_products,1,4,_thr1,cuda,NVIDIA L40S,AMD EPYC 9334 32-Core Processor x1 threads,36,4022272000,0.19568445440381765,measured,0.01954757608473301,0.024399475194513798,0.1893640449270606,-0.03229898612034939,0.9677010138796506,
qwen3-4b,8,Kpre,int,128,verify_products,8,4,,cuda,NVIDIA L40S,AMD EPYC 9334 32-Core Processor x8 threads,36,4022272000,0.5980335669592023,measured,0.027366927359253168,0.04247153690084815,0.5560282613150775,-0.07023904336625696,0.929760956633743,
qwen3-4b,8,Kpre,int,40,bytes_total,1,4,_thr1,cuda,NVIDIA L40S,AMD EPYC 9334 32-Core Processor x1 threads,36,4022272000,36079104.0,measured,1672704.0,2655744.0,36079104.0,0.0,1.0,
qwen3-4b,8,Kpre,int,40,fs_hash,1,4,_thr1,cuda,NVIDIA L40S,AMD EPYC 9334 32-Core Processor x1 threads,36,4022272000,8.502975106239319e-07,measured,4.0978193283081055e-07,4.805624485015869e-07,2.8870999813079834e-06,2.3953997809419496,3.3953997809419496,
qwen3-4b,8,Kpre,int,40,prove_fold,1,4,_thr1,cuda,NVIDIA L40S,AMD EPYC 9334 32-Core Processor x1 threads,36,4022272000,0.0,measured,0.0,0.0,0.0,,,
qwen3-4b,8,Kpre,int,40,prove_forward,1,4,_thr1,cuda,NVIDIA L40S,AMD EPYC 9334 32-Core Processor x1 threads,36,4022272000,0.1354603860527277,measured,0.009610753506422043,0.01319405809044838,0.13502641394734383,-0.0032036827742019736,0.996796317225798,
qwen3-4b,8,Kpre,int,40,verify_derive,1,4,_thr1,cuda,NVIDIA L40S,AMD EPYC 9334 32-Core Processor x1 threads,36,4022272000,0.10410460457205772,measured,0.003505065105855465,0.006287542171776295,0.10089176241308451,-0.03086167199020861,0.9691383280097914,
qwen3-4b,8,Kpre,int,40,verify_fold,1,4,_thr1,cuda,NVIDIA L40S,AMD EPYC 9334 32-Core Processor x1 threads,36,4022272000,0.0,measured,0.0,0.0,0.0,,,
qwen3-4b,8,Kpre,int,40,verify_products,1,4,_thr1,cuda,NVIDIA L40S,AMD EPYC 9334 32-Core Processor x1 threads,36,4022272000,0.15928864106535912,measured,0.014219148084521294,0.018162469379603863,0.1522353934124112,-0.04427966492635105,0.955720335073649,
