model,seq,mode,challenges,lam,metric,threads,rate,variant,device,prover_hw,verifier_hw,n_layers_full,params_full,value,provenance,value_1block,value_2blocks,extrapolated,rel_error,ratio
llama2-13b,2048,C,int,128,bytes_total,8,4,_wire_prune_polauto,cuda,NVIDIA L40S,AMD EPYC 9334 32-Core Processor x8 threads,40,13015449600,10508980385.0,measured,66527023.0,326790495.0,10216802431.0,-0.027802692868000817,0.9721973071319991
llama2-13b,2048,C,int,128,fs_hash,8,4,_wire_prune_polauto,cuda,NVIDIA L40S,AMD EPYC 9334 32-Core Processor x8 threads,40,13015449600,5.125999450683594e-06,measured,1.73225998878479e-06,2.1383166313171387e-06,1.7568469047546387e-05,2.427325581395349,3.427325581395349
llama2-13b,2048,C,int,128,prove_encode,8,4,_wire_prune_polauto,cuda,NVIDIA L40S,AMD EPYC 9334 32-Core Processor x8 threads,40,13015449600,17.862295020371675,measured,0.053518638014793396,0.31261732801795006,10.158367548137903,-0.4312955005752374,0.5687044994247626
llama2-13b,2048,C,int,128,prove_fold,8,4,_wire_prune_polauto,cuda,NVIDIA L40S,AMD EPYC 9334 32-Core Processor x8 threads,40,13015449600,0.24429889395833015,measured,0.005980890244245529,0.011887673288583755,0.23634542897343636,-0.03255628732502741,0.9674437126749726
llama2-13b,2048,C,int,128,prove_forward,8,4,_wire_prune_polauto,cuda,NVIDIA L40S,AMD EPYC 9334 32-Core Processor x8 threads,40,13015449600,4.417313698679209,measured,0.01995435729622841,0.13281697779893875,4.421596556901932,0.0009695617098698686,1.00096956170987
llama2-13b,2048,C,int,128,prove_lookups,8,4,_wire_prune_polauto,cuda,NVIDIA L40S,AMD EPYC 9334 32-Core Processor x8 threads,40,13015449600,0.0029640011489391327,measured,0.002525120973587036,0.002613849937915802,0.005985550582408905,1.0194157429902606,2.019415742990261
llama2-13b,2048,C,int,128,prove_open,8,4,_wire_prune_polauto,cuda,NVIDIA L40S,AMD EPYC 9334 32-Core Processor x8 threads,40,13015449600,1.9544423557817936,measured,0.0786905400454998,0.12475421279668808,1.8751737773418427,-0.04055815624618043,0.9594418437538196
llama2-13b,2048,C,int,128,verify_columns,8,4,_wire_prune_polauto,cuda,NVIDIA L40S,AMD EPYC 9334 32-Core Processor x8 threads,40,13015449600,0.46259620413184166,measured,0.012514591217041016,0.02678573504090309,0.569089200347662,0.2302072417902275,1.2302072417902274
llama2-13b,2048,C,int,128,verify_decode,8,4,_wire_prune_polauto,cuda,NVIDIA L40S,AMD EPYC 9334 32-Core Processor x8 threads,40,13015449600,1115.3605430722237,measured,0.22033875435590744,1.4917870908975601,49.80682387948036,-0.9553446424218225,0.04465535757817747
llama2-13b,2048,C,int,128,verify_derive,8,4,_wire_prune_polauto,cuda,NVIDIA L40S,AMD EPYC 9334 32-Core Processor x8 threads,40,13015449600,70.33004430681467,measured,0.13856127858161926,1.72614087164402,62.05416540801525,-0.11767202737276711,0.8823279726272328
llama2-13b,2048,C,int,128,verify_fold,8,4,_wire_prune_polauto,cuda,NVIDIA L40S,AMD EPYC 9334 32-Core Processor x8 threads,40,13015449600,0.0,measured,0.0,0.0,0.0,,
llama2-13b,2048,C,int,128,verify_lookups,8,4,_wire_prune_polauto,cuda,NVIDIA L40S,AMD EPYC 9334 32-Core Processor x8 threads,40,13015449600,0.0386754609644413,measured,0.03134085237979889,0.028233177959918976,-0.08985844999551773,-3.323397000442599,-2.323397000442599
llama2-13b,2048,C,int,128,verify_products,8,4,_wire_prune_polauto,cuda,NVIDIA L40S,AMD EPYC 9334 32-Core Processor x8 threads,40,13015449600,25.24582350254059,measured,0.0921609178185463,0.5792607665061951,19.08905501663685,-0.24387275326091698,0.756127246739083
llama2-13b,2048,Kpre,int,128,bytes_total,8,4,_wire_prune_lookups,cuda,NVIDIA L40S,AMD EPYC 9334 32-Core Processor x8 threads,40,13015449600,10342824833.0,measured,50107113.0,306517505.0,10050112401.0,-0.02830101415486285,0.9716989858451371
llama2-13b,2048,Kpre,int,128,fs_hash,8,4,_wire_prune_lookups,cuda,NVIDIA L40S,AMD EPYC 9334 32-Core Processor x8 threads,40,13015449600,1.0151416063308716e-05,measured,1.7881393432617188e-06,1.8849968910217285e-06,5.5655837059021e-06,-0.45174311926605504,0.548256880733945
llama2-13b,2048,Kpre,int,128,prove_encode,8,4,_wire_prune_lookups,cuda,NVIDIA L40S,AMD EPYC 9334 32-Core Processor x8 threads,40,13015449600,10.28173067048192,measured,0.04615696147084236,0.3070213682949543,10.219868827611208,-0.006016676068778285,0.9939833239312217
llama2-13b,2048,Kpre,int,128,prove_fold,8,4,_wire_prune_lookups,cuda,NVIDIA L40S,AMD EPYC 9334 32-Core Processor x8 threads,40,13015449600,0.0,measured,0.0,0.0,0.0,,
llama2-13b,2048,Kpre,int,128,prove_forward,8,4,_wire_prune_lookups,cuda,NVIDIA L40S,AMD EPYC 9334 32-Core Processor x8 threads,40,13015449600,4.490331791341305,measured,0.020360711961984634,0.13423744216561317,4.461553189903498,-0.0064090144726723286,0.9935909855273277
llama2-13b,2048,Kpre,int,128,verify_decode,8,4,_wire_prune_lookups,cuda,NVIDIA L40S,AMD EPYC 9334 32-Core Processor x8 threads,40,13015449600,1075.388681244105,measured,0.022629834711551666,0.1621486358344555,5.463863078504801,-0.9949191737147691,0.005080826285230861
llama2-13b,2048,Kpre,int,128,verify_derive,8,4,_wire_prune_lookups,cuda,NVIDIA L40S,AMD EPYC 9334 32-Core Processor x8 threads,40,13015449600,71.49222027882934,measured,0.1919950395822525,1.8705251067876816,65.65466766059399,-0.0816529770018067,0.9183470229981933
llama2-13b,2048,Kpre,int,128,verify_fold,8,4,_wire_prune_lookups,cuda,NVIDIA L40S,AMD EPYC 9334 32-Core Processor x8 threads,40,13015449600,0.0,measured,0.0,0.0,0.0,,
llama2-13b,2048,Kpre,int,128,verify_products,8,4,_wire_prune_lookups,cuda,NVIDIA L40S,AMD EPYC 9334 32-Core Processor x8 threads,40,13015449600,17.121733512729406,measured,0.0708981491625309,0.45885274559259415,15.201127409934998,-0.11217357759753156,0.8878264224024685
llama2-7b,2048,C,int,128,bytes_total,8,4,_wire_prune_polauto,cuda,NVIDIA L40S,AMD EPYC 9334 32-Core Processor x8 threads,32,6738149376,6570112359.0,measured,54959453.0,264750850.0,6558492760.0,-0.0017685540771738878,0.9982314459228261
llama2-7b,2048,C,int,128,fs_hash,8,4,_wire_prune_polauto,cuda,NVIDIA L40S,AMD EPYC 9334 32-Core Processor x8 threads,32,6738149376,4.459172487258911e-06,measured,1.8253922462463379e-06,1.6093254089355469e-06,-4.872679710388184e-06,-2.092731829573935,-1.0927318295739348
llama2-7b,2048,C,int,128,prove_encode,8,4,_wire_prune_polauto,cuda,NVIDIA L40S,AMD EPYC 9334 32-Core Processor x8 threads,32,6738149376,62.68188441172242,measured,0.05893459916114807,0.2865474224090576,7.114932119846344,-0.8864914131631347,0.11350858683686524
llama2-7b,2048,C,int,128,prove_fold,8,4,_wire_prune_polauto,cuda,NVIDIA L40S,AMD EPYC 9334 32-Core Processor x8 threads,32,6738149376,0.14732450619339943,measured,0.004686135798692703,0.009159505367279053,0.14336059242486954,-0.026906004105836174,0.9730939958941638
llama2-7b,2048,C,int,128,prove_forward,8,4,_wire_prune_polauto,cuda,NVIDIA L40S,AMD EPYC 9334 32-Core Processor x8 threads,32,6738149376,2.4005627892911434,measured,0.013868171721696854,0.09084268286824226,2.4000780172646046,-0.000201940990130067,0.99979805900987
llama2-7b,2048,C,int,128,prove_lookups,8,4,_wire_prune_polauto,cuda,NVIDIA L40S,AMD EPYC 9334 32-Core Processor x8 threads,32,6738149376,0.0029628239572048187,measured,0.002562887966632843,0.0026340894401073456,0.0047701336443424225,0.6099956370147122,1.6099956370147122
llama2-7b,2048,C,int,128,prove_open,8,4,_wire_prune_polauto,cuda,NVIDIA L40S,AMD EPYC 9334 32-Core Processor x8 threads,32,6738149376,1.119872011244297,measured,0.06963099166750908,0.1009768508374691,1.0413526259362698,-0.07011460641898164,0.9298853935810184
llama2-7b,2048,C,int,128,verify_columns,8,4,_wire_prune_polauto,cuda,NVIDIA L40S,AMD EPYC 9334 32-Core Processor x8 threads,32,6738149376,0.32873503863811493,measured,0.01562606543302536,0.024647433310747147,0.29528846964240074,-0.10174324323405498,0.8982567567659451
llama2-7b,2048,C,int,128,verify_decode,8,4,_wire_prune_polauto,cuda,NVIDIA L40S,AMD EPYC 9334 32-Core Processor x8 threads,32,6738149376,514.0387980267406,measured,0.037952832877635956,0.205277681350708,5.22502313554287,-0.9898353525928386,0.010164647407161397
llama2-7b,2048,C,int,128,verify_derive,8,4,_wire_prune_polauto,cuda,NVIDIA L40S,AMD EPYC 9334 32-Core Processor x8 threads,32,6738149376,40.411174811422825,measured,0.10535451397299767,1.2782135270535946,36.4639839194715,-0.09767572732964917,0.9023242726703509
llama2-7b,2048,C,int,128,verify_fold,8,4,_wire_prune_polauto,cuda,NVIDIA L40S,AMD EPYC 9334 32-Core Processor x8 threads,32,6738149376,0.0,measured,0.0,0.0,0.0,,
llama2-7b,2048,C,int,128,verify_lookups,8,4,_wire_prune_polauto,cuda,NVIDIA L40S,AMD EPYC 9334 32-Core Processor x8 threads,32,6738149376,0.026395797729492188,measured,0.019201844930648804,0.02050039917230606,0.05945702642202377,1.2525186407074211,2.252518640707421
llama2-7b,2048,C,int,128,verify_products,8,4,_wire_prune_polauto,cuda,NVIDIA L40S,AMD EPYC 9334 32-Core Processor x8 threads,32,6738149376,12.620707985013723,measured,0.06610157713294029,0.4056573957204819,10.59233195334673,-0.16071808602778542,0.8392819139722145
llama2-7b,2048,Kpre,int,128,bytes_total,8,4,_wire_prune_lookups,cuda,NVIDIA L40S,AMD EPYC 9334 32-Core Processor x8 threads,32,6738149376,6433736775.0,measured,39860349.0,245717538.0,6421433208.0,-0.0019123516286536294,0.9980876483713463
llama2-7b,2048,Kpre,int,128,fs_hash,8,4,_wire_prune_lookups,cuda,NVIDIA L40S,AMD EPYC 9334 32-Core Processor x8 threads,32,6738149376,5.260109901428223e-06,measured,1.7201527953147888e-06,2.109445631504059e-06,1.378823071718216e-05,1.6212818696883853,2.621281869688385
llama2-7b,2048,Kpre,int,128,prove_encode,8,4,_wire_prune_lookups,cuda,NVIDIA L40S,AMD EPYC 9334 32-Core Processor x8 threads,32,6738149376,7.955045761540532,measured,0.046718779020011425,0.25034698098897934,6.359193040058017,-0.20060886754389592,0.799391132456104
llama2-7b,2048,Kpre,int,128,prove_fold,8,4,_wire_prune_lookups,cuda,NVIDIA L40S,AMD EPYC 9334 32-Core Processor x8 threads,32,6738149376,0.0,measured,0.0,0.0,0.0,,
llama2-7b,2048,Kpre,int,128,prove_forward,8,4,_wire_prune_lookups,cuda,NVIDIA L40S,AMD EPYC 9334 32-Core Processor x8 threads,32,6738149376,2.3997439220547676,measured,0.014065773226320744,0.09089434053748846,2.39575135987252,-0.001663745096113851,0.9983362549038861
llama2-7b,2048,Kpre,int,128,verify_decode,8,4,_wire_prune_lookups,cuda,NVIDIA L40S,AMD EPYC 9334 32-Core Processor x8 threads,32,6738149376,10.096295164898038,measured,0.036025493405759335,0.273800915107131,7.407063566148281,-0.26635825863129026,0.7336417413687097
llama2-7b,2048,Kpre,int,128,verify_derive,8,4,_wire_prune_lookups,cuda,NVIDIA L40S,AMD EPYC 9334 32-Core Processor x8 threads,32,6738149376,39.84008996933699,measured,0.14921984635293484,1.4715751511976123,41.142234296537936,0.03268427175247715,1.0326842717524771
llama2-7b,2048,Kpre,int,128,verify_fold,8,4,_wire_prune_lookups,cuda,NVIDIA L40S,AMD EPYC 9334 32-Core Processor x8 threads,32,6738149376,0.0,measured,0.0,0.0,0.0,,
llama2-7b,2048,Kpre,int,128,verify_products,8,4,_wire_prune_lookups,cuda,NVIDIA L40S,AMD EPYC 9334 32-Core Processor x8 threads,32,6738149376,8.2419956298545,measured,0.06012374069541693,0.35786217730492353,9.290015275590122,0.12715605452876497,1.1271560545287649
llama2-7b,64,C,int,128,bytes_total,8,4,_wire_prune_polauto,cuda,NVIDIA L40S,AMD EPYC 9334 32-Core Processor x8 threads,32,6738149376,324534708.0,measured,8172238.5,18511400.0,328686245.0,0.012792274285806126,1.0127922742858062
llama2-7b,64,C,int,128,fs_hash,8,4,_wire_prune_polauto,cuda,NVIDIA L40S,AMD EPYC 9334 32-Core Processor x8 threads,32,6738149376,2.069864422082901e-06,measured,6.002373993396759e-07,1.2246891856193542e-06,1.9958242774009705e-05,8.642294713160855,9.642294713160855
llama2-7b,64,C,int,128,prove_encode,8,4,_wire_prune_polauto,cuda,NVIDIA L40S,AMD EPYC 9334 32-Core Processor x8 threads,32,6738149376,0.4133165921084583,measured,0.01498735835775733,0.027524498291313648,0.4036386962980032,-0.02341521244304538,0.9765847875569547
llama2-7b,64,C,int,128,prove_fold,8,4,_wire_prune_polauto,cuda,NVIDIA L40S,AMD EPYC 9334 32-Core Processor x8 threads,32,6738149376,0.14384121261537075,measured,0.0045969425700604916,0.009155175182968378,0.14590215357020497,0.014327889186704426,1.0143278891867045
llama2-7b,64,C,int,128,prove_forward,8,4,_wire_prune_polauto,cuda,NVIDIA L40S,AMD EPYC 9334 32-Core Processor x8 threads,32,6738149376,0.11664066696539521,measured,0.005028813611716032,0.008706199005246162,0.11902776081115007,0.02046536519259669,1.0204653651925968
llama2-7b,64,C,int,128,prove_lookups,8,4,_wire_prune_polauto,cuda,NVIDIA L40S,AMD EPYC 9334 32-Core Processor x8 threads,32,6738149376,0.0003006705082952976,measured,0.0002532200887799263,0.00025725504383444786,0.0003783036954700947,0.2582002059827935,1.2582002059827935
llama2-7b,64,C,int,128,prove_open,8,4,_wire_prune_polauto,cuda,NVIDIA L40S,AMD EPYC 9334 32-Core Processor x8 threads,32,6738149376,1.10546829784289,measured,0.06959138996899128,0.10055419150739908,1.0294382376596332,-0.06877633698914296,0.931223663010857
llama2-7b,64,C,int,128,verify_columns,8,4,_wire_prune_polauto,cuda,NVIDIA L40S,AMD EPYC 9334 32-Core Processor x8 threads,32,6738149376,0.26676288433372974,measured,0.019018125254660845,0.02573708025738597,0.2273057303391397,-0.14791095880200394,0.852089041197996
llama2-7b,64,C,int,128,verify_decode,8,4,_wire_prune_polauto,cuda,NVIDIA L40S,AMD EPYC 9334 32-Core Processor x8 threads,32,6738149376,0.17264105519279838,measured,0.006315100006759167,0.016078469809144735,0.3089795638807118,0.7897224014047888,1.7897224014047888
llama2-7b,64,C,int,128,verify_derive,8,4,_wire_prune_polauto,cuda,NVIDIA L40S,AMD EPYC 9334 32-Core Processor x8 threads,32,6738149376,0.31129297660663724,measured,0.003143494948744774,0.014709223061800003,0.3616810664534569,0.16186709509508826,1.1618670950950882
llama2-7b,64,C,int,128,verify_fold,8,4,_wire_prune_polauto,cuda,NVIDIA L40S,AMD EPYC 9334 32-Core Processor x8 threads,32,6738149376,0.0,measured,0.0,0.0,0.0,,
llama2-7b,64,C,int,128,verify_lookups,8,4,_wire_prune_polauto,cuda,NVIDIA L40S,AMD EPYC 9334 32-Core Processor x8 threads,32,6738149376,0.0009618713520467281,measured,0.0008275462314486504,0.0009904969483613968,0.00587901845574379,5.11206316024909,6.11206316024909
llama2-7b,64,C,int,128,verify_products,8,4,_wire_prune_polauto,cuda,NVIDIA L40S,AMD EPYC 9334 32-Core Processor x8 threads,32,6738149376,0.27634135680273175,measured,0.004016555845737457,0.011503602843731642,0.23611501278355718,-0.1455675852669799,0.8544324147330201
llama2-7b,64,Kpre,int,128,bytes_total,8,4,_wire_prune_lookups,cuda,NVIDIA L40S,AMD EPYC 9334 32-Core Processor x8 threads,32,6738149376,196479940.0,measured,1389778.5,7800980.5,200137040.5,0.018613098619635164,1.0186130986196351
llama2-7b,64,Kpre,int,128,fs_hash,8,4,_wire_prune_lookups,cuda,NVIDIA L40S,AMD EPYC 9334 32-Core Processor x8 threads,32,6738149376,2.4745240807533264e-06,measured,9.848736226558685e-07,8.14441591501236e-07,-4.298519343137741e-06,-2.7371095220173127,-1.7371095220173127
llama2-7b,64,Kpre,int,128,prove_encode,8,4,_wire_prune_lookups,cuda,NVIDIA L40S,AMD EPYC 9334 32-Core Processor x8 threads,32,6738149376,0.19477352313697338,measured,0.0029490217566490173,0.005436197854578495,0.08005148079246283,-0.5890022447446973,0.4109977552553027
llama2-7b,64,Kpre,int,128,prove_fold,8,4,_wire_prune_lookups,cuda,NVIDIA L40S,AMD EPYC 9334 32-Core Processor x8 threads,32,6738149376,0.0,measured,0.0,0.0,0.0,,
llama2-7b,64,Kpre,int,128,prove_forward,8,4,_wire_prune_lookups,cuda,NVIDIA L40S,AMD EPYC 9334 32-Core Processor x8 threads,32,6738149376,0.11691845068708062,measured,0.0049723414704203606,0.008513214066624641,0.11473939195275307,-0.018637423961078356,0.9813625760389216
llama2-7b,64,Kpre,int,128,verify_decode,8,4,_wire_prune_lookups,cuda,NVIDIA L40S,AMD EPYC 9334 32-Core Processor x8 threads,32,6738149376,0.13990223221480846,measured,0.00219812523573637,0.009597247000783682,0.23157089995220304,0.6552337749453834,1.6552337749453834
llama2-7b,64,Kpre,int,128,verify_derive,8,4,_wire_prune_lookups,cuda,NVIDIA L40S,AMD EPYC 9334 32-Core Processor x8 threads,32,6738149376,0.34007563814520836,measured,0.004192314576357603,0.015043983701616526,0.3405940574593842,0.0015244235576630312,1.001524423557663
llama2-7b,64,Kpre,int,128,verify_fold,8,4,_wire_prune_lookups,cuda,NVIDIA L40S,AMD EPYC 9334 32-Core Processor x8 threads,32,6738149376,0.0,measured,0.0,0.0,0.0,,
llama2-7b,64,Kpre,int,128,verify_products,8,4,_wire_prune_lookups,cuda,NVIDIA L40S,AMD EPYC 9334 32-Core Processor x8 threads,32,6738149376,0.21756622474640608,measured,0.0019350689835846424,0.009143625851720572,0.22540033189579844,0.036007919696744085,1.036007919696744
opt-1.3b,2048,C,int,128,bytes_total,8,4,_wire_prune_polauto,cuda,NVIDIA L40S,AMD EPYC 9334 32-Core Processor x8 threads,24,1315553280,2054949476.0,measured,30338964.0,116706070.0,2016782402.0,-0.01857324204110992,0.9814267579588901
opt-1.3b,2048,C,int,128,fs_hash,8,4,_wire_prune_polauto,cuda,NVIDIA L40S,AMD EPYC 9334 32-Core Processor x8 threads,24,1315553280,5.149282515048981e-06,measured,1.5702098608016968e-06,2.119690179824829e-06,1.420825719833374e-05,1.7592693072888406,2.759269307288841
opt-1.3b,2048,C,int,128,prove_encode,8,4,_wire_prune_polauto,cuda,NVIDIA L40S,AMD EPYC 9334 32-Core Processor x8 threads,24,1315553280,2.6761931218206882,measured,0.01401547808200121,0.11683495808392763,2.378863518126309,-0.11110169937664953,0.8888983006233505
opt-1.3b,2048,C,int,128,prove_fold,8,4,_wire_prune_polauto,cuda,NVIDIA L40S,AMD EPYC 9334 32-Core Processor x8 threads,24,1315553280,0.03623789642006159,measured,0.0018149912357330322,0.0032368646934628487,0.03451808076351881,-0.04745903671137694,0.952540963288623
opt-1.3b,2048,C,int,128,prove_forward,8,4,_wire_prune_polauto,cuda,NVIDIA L40S,AMD EPYC 9334 32-Core Processor x8 threads,24,1315553280,0.7924052253365517,measured,0.005969498306512833,0.04004202224314213,0.7896375488489866,-0.0034927539585438098,0.9965072460414562
opt-1.3b,2048,C,int,128,prove_lookups,8,4,_wire_prune_polauto,cuda,NVIDIA L40S,AMD EPYC 9334 32-Core Processor x8 threads,24,1315553280,0.003915555775165558,measured,0.0035911956802010536,0.004043844528496265,0.014002119190990925,2.5760234293684365,3.5760234293684365
opt-1.3b,2048,C,int,128,prove_open,8,4,_wire_prune_polauto,cuda,NVIDIA L40S,AMD EPYC 9334 32-Core Processor x8 threads,24,1315553280,0.3131707822903991,measured,0.03847300074994564,0.05192402005195618,0.347846444696188,0.1107244492994708,1.1107244492994708
opt-1.3b,2048,C,int,128,verify_columns,8,4,_wire_prune_polauto,cuda,NVIDIA L40S,AMD EPYC 9334 32-Core Processor x8 threads,24,1315553280,0.08484685700386763,measured,0.010470372624695301,0.015987921506166458,0.1373739968985319,0.6190817403203269,1.6190817403203268
opt-1.3b,2048,C,int,128,verify_decode,8,4,_wire_prune_polauto,cuda,NVIDIA L40S,AMD EPYC 9334 32-Core Processor x8 threads,24,1315553280,2.593920669518411,measured,0.023708022199571133,0.09942936152219772,1.7652988266199827,-0.3194476425727664,0.6805523574272335
opt-1.3b,2048,C,int,128,verify_derive,8,4,_wire_prune_polauto,cuda,NVIDIA L40S,AMD EPYC 9334 32-Core Processor x8 threads,24,1315553280,20.494913209229708,measured,0.05254710838198662,1.0749721061438322,23.568322056904435,0.14995959320728638,1.1499595932072864
opt-1.3b,2048,C,int,128,verify_fold,8,4,_wire_prune_polauto,cuda,NVIDIA L40S,AMD EPYC 9334 32-Core Processor x8 threads,24,1315553280,0.0,measured,0.0,0.0,0.0,,
opt-1.3b,2048,C,int,128,verify_lookups,8,4,_wire_prune_polauto,cuda,NVIDIA L40S,AMD EPYC 9334 32-Core Processor x8 threads,24,1315553280,0.0293310871347785,measured,0.027739635668694973,0.025076854042708874,-0.03350434172898531,-2.1422809381401513,-1.1422809381401513
opt-1.3b,2048,C,int,128,verify_products,8,4,_wire_prune_polauto,cuda,NVIDIA L40S,AMD EPYC 9334 32-Core Processor x8 threads,24,1315553280,4.184711451642215,measured,0.04108071327209473,0.2174166403710842,4.096807036548853,-0.021006087542515223,0.9789939124574848
opt-1.3b,2048,Kpre,int,128,bytes_total,8,4,_wire_prune_lookups,cuda,NVIDIA L40S,AMD EPYC 9334 32-Core Processor x8 threads,24,1315553280,2010968432.0,measured,19239137.0,104163655.0,1972503051.0,-0.019127789570393416,0.9808722104296066
opt-1.3b,2048,Kpre,int,128,fs_hash,8,4,_wire_prune_lookups,cuda,NVIDIA L40S,AMD EPYC 9334 32-Core Processor x8 threads,24,1315553280,5.309469997882843e-06,measured,1.0905787348747253e-06,1.4100223779678345e-06,8.437782526016235e-06,0.5891948780915629,1.5891948780915628
opt-1.3b,2048,Kpre,int,128,prove_encode,8,4,_wire_prune_lookups,cuda,NVIDIA L40S,AMD EPYC 9334 32-Core Processor x8 threads,24,1315553280,1.5949504189193249,measured,0.008997203782200813,0.10141190607100725,2.134535356424749,0.33830828288131076,1.3383082828813107
opt-1.3b,2048,Kpre,int,128,prove_fold,8,4,_wire_prune_lookups,cuda,NVIDIA L40S,AMD EPYC 9334 32-Core Processor x8 threads,24,1315553280,0.0,measured,0.0,0.0,0.0,,
opt-1.3b,2048,Kpre,int,128,prove_forward,8,4,_wire_prune_lookups,cuda,NVIDIA L40S,AMD EPYC 9334 32-Core Processor x8 threads,24,1315553280,0.7864749412983656,measured,0.005469847470521927,0.03956520091742277,0.7896629767492414,0.004053575369626827,1.004053575369627
opt-1.3b,2048,Kpre,int,128,verify_decode,8,4,_wire_prune_lookups,cuda,NVIDIA L40S,AMD EPYC 9334 32-Core Processor x8 threads,24,1315553280,2.2284448556602,measured,0.012782890349626541,0.07368994411081076,1.4136451268568635,-0.36563602941924433,0.6343639705807557
opt-1.3b,2048,Kpre,int,128,verify_derive,8,4,_wire_prune_lookups,cuda,NVIDIA L40S,AMD EPYC 9334 32-Core Processor x8 threads,24,1315553280,21.603438750840724,measured,0.08371823839843273,0.9855048712342978,20.824810793623328,-0.036041852697506045,0.963958147302494
opt-1.3b,2048,Kpre,int,128,verify_fold,8,4,_wire_prune_lookups,cuda,NVIDIA L40S,AMD EPYC 9334 32-Core Processor x8 threads,24,1315553280,0.0,measured,0.0,0.0,0.0,,
opt-1.3b,2048,Kpre,int,128,verify_products,8,4,_wire_prune_lookups,cuda,NVIDIA L40S,AMD EPYC 9334 32-Core Processor x8 threads,24,1315553280,3.6551403207704425,measured,0.028936903923749924,0.14767969865351915,2.760021182708442,-0.2448932351448888,0.7551067648551112
opt-13b,2048,C,int,128,bytes_total,8,4,_wire_prune_polauto,cuda,NVIDIA L40S,AMD EPYC 9334 32-Core Processor x8 threads,40,12852633600,8776474626.0,measured,77794384.0,304252821.0,8909673427.0,0.015176800102105143,1.015176800102105
opt-13b,2048,C,int,128,fs_hash,8,4,_wire_prune_polauto,cuda,NVIDIA L40S,AMD EPYC 9334 32-Core Processor x8 threads,40,12852633600,5.1371753215789795e-06,measured,1.430511474609375e-06,1.989305019378662e-06,2.3223459720611572e-05,3.5206671501087743,4.520667150108775
opt-13b,2048,C,int,128,prove_encode,8,4,_wire_prune_polauto,cuda,NVIDIA L40S,AMD EPYC 9334 32-Core Processor x8 threads,40,12852633600,6.934530317783356,measured,0.058888692408800125,0.2886255234479904,9.018625102937222,0.3005387084124903,1.3005387084124904
opt-13b,2048,C,int,128,prove_fold,8,4,_wire_prune_polauto,cuda,NVIDIA L40S,AMD EPYC 9334 32-Core Processor x8 threads,40,12852633600,0.36876415088772774,measured,0.009342968463897705,0.018251188099384308,0.3567635342478752,-0.03254279628581949,0.9674572037141805
opt-13b,2048,C,int,128,prove_forward,8,4,_wire_prune_polauto,cuda,NVIDIA L40S,AMD EPYC 9334 32-Core Processor x8 threads,40,12852633600,4.305854808539152,measured,0.022971466183662415,0.13291965425014496,4.310950800776482,0.0011835030357325031,1.0011835030357326
opt-13b,2048,C,int,128,prove_lookups,8,4,_wire_prune_polauto,cuda,NVIDIA L40S,AMD EPYC 9334 32-Core Processor x8 threads,40,12852633600,0.005455289036035538,measured,0.003649890422821045,0.003809407353401184,0.009871050715446472,0.8094459615690597,1.8094459615690597
opt-13b,2048,C,int,128,prove_open,8,4,_wire_prune_polauto,cuda,NVIDIA L40S,AMD EPYC 9334 32-Core Processor x8 threads,40,12852633600,2.002181764692068,measured,0.11075489595532417,0.15573818981647491,1.865103356540203,-0.06846451734263369,0.9315354826573663
opt-13b,2048,C,int,128,verify_columns,8,4,_wire_prune_polauto,cuda,NVIDIA L40S,AMD EPYC 9334 32-Core Processor x8 threads,40,12852633600,0.3686008080840111,measured,0.015227120369672775,0.021987836807966232,0.2788950614631176,-0.2433682852926569,0.7566317147073431
opt-13b,2048,C,int,128,verify_decode,8,4,_wire_prune_polauto,cuda,NVIDIA L40S,AMD EPYC 9334 32-Core Processor x8 threads,40,12852633600,7.058956298977137,measured,0.03783546760678291,0.172092966735363,5.2738779336214066,-0.25288134530800155,0.7471186546919985
opt-13b,2048,C,int,128,verify_derive,8,4,_wire_prune_polauto,cuda,NVIDIA L40S,AMD EPYC 9334 32-Core Processor x8 threads,40,12852633600,61.232845187187195,measured,0.14319812878966331,1.5451418347656727,54.81900266185403,-0.10474513319977569,0.8952548668002244
opt-13b,2048,C,int,128,verify_fold,8,4,_wire_prune_polauto,cuda,NVIDIA L40S,AMD EPYC 9334 32-Core Processor x8 threads,40,12852633600,0.0,measured,0.0,0.0,0.0,,
opt-13b,2048,C,int,128,verify_lookups,8,4,_wire_prune_polauto,cuda,NVIDIA L40S,AMD EPYC 9334 32-Core Processor x8 threads,40,12852633600,0.0413358211517334,measured,0.036066941916942596,0.03435226157307625,-0.030805591493844986,-1.7452517123287672,-0.7452517123287671
opt-13b,2048,C,int,128,verify_products,8,4,_wire_prune_polauto,cuda,NVIDIA L40S,AMD EPYC 9334 32-Core Processor x8 threads,40,12852633600,20.585806269198656,measured,0.09351427853107452,0.46505069360136986,14.583434466272593,-0.29157817403086433,0.7084218259691357
opt-13b,2048,Kpre,int,128,bytes_total,8,4,_wire_prune_lookups,cuda,NVIDIA L40S,AMD EPYC 9334 32-Core Processor x8 threads,40,12852633600,8594800030.0,measured,50131614.0,272628957.0,8727527991.0,0.015442821303196743,1.0154428213031967
opt-13b,2048,Kpre,int,128,fs_hash,8,4,_wire_prune_lookups,cuda,NVIDIA L40S,AMD EPYC 9334 32-Core Processor x8 threads,40,12852633600,1.0006129741668701e-05,measured,1.4454126358032227e-06,1.4007091522216797e-06,-2.980232238769531e-07,-1.0297840655249442,-0.029784065524944156
opt-13b,2048,Kpre,int,128,prove_encode,8,4,_wire_prune_lookups,cuda,NVIDIA L40S,AMD EPYC 9334 32-Core Processor x8 threads,40,12852633600,8.21854828670621,measured,0.04521884024143219,0.26886699348688126,8.767496816813946,0.06679385591682659,1.0667938559168266
opt-13b,2048,Kpre,int,128,prove_fold,8,4,_wire_prune_lookups,cuda,NVIDIA L40S,AMD EPYC 9334 32-Core Processor x8 threads,40,12852633600,0.0,measured,0.0,0.0,0.0,,
opt-13b,2048,Kpre,int,128,prove_forward,8,4,_wire_prune_lookups,cuda,NVIDIA L40S,AMD EPYC 9334 32-Core Processor x8 threads,40,12852633600,4.264632843434811,measured,0.02239200845360756,0.13096821680665016,4.256864134222269,-0.001821659565489001,0.998178340434511
opt-13b,2048,Kpre,int,128,verify_decode,8,4,_wire_prune_lookups,cuda,NVIDIA L40S,AMD EPYC 9334 32-Core Processor x8 threads,40,12852633600,928.4124394990504,measured,0.02450881525874138,0.18025459721684456,6.098594311624765,-0.9934311583385124,0.0065688416614876725
opt-13b,2048,Kpre,int,128,verify_derive,8,4,_wire_prune_lookups,cuda,NVIDIA L40S,AMD EPYC 9334 32-Core Processor x8 threads,40,12852633600,68.6612286195159,measured,0.23187632113695145,1.7639489136636257,59.98270742967725,-0.12639624085275852,0.8736037591472414
opt-13b,2048,Kpre,int,128,verify_fold,8,4,_wire_prune_lookups,cuda,NVIDIA L40S,AMD EPYC 9334 32-Core Processor x8 threads,40,12852633600,0.0,measured,0.0,0.0,0.0,,
opt-13b,2048,Kpre,int,128,verify_products,8,4,_wire_prune_lookups,cuda,NVIDIA L40S,AMD EPYC 9334 32-Core Processor x8 threads,40,12852633600,17.21740487590432,measured,0.07827572524547577,0.4300376996397972,13.796992726624012,-0.19866014500635695,0.801339854993643
opt-2.7b,2048,C,int,128,bytes_total,8,4,_wire_prune_polauto,cuda,NVIDIA L40S,AMD EPYC 9334 32-Core Processor x8 threads,32,2651258880,3446384737.0,measured,38155786.0,146733040.0,3404050660.0,-0.012283618989344427,0.9877163810106556
opt-2.7b,2048,C,int,128,fs_hash,8,4,_wire_prune_polauto,cuda,NVIDIA L40S,AMD EPYC 9334 32-Core Processor x8 threads,32,2651258880,6.340444087982178e-06,measured,1.2200325727462769e-06,1.930631697177887e-06,2.324860543012619e-05,2.6667156286721503,3.6667156286721503
opt-2.7b,2048,C,int,128,prove_encode,8,4,_wire_prune_polauto,cuda,NVIDIA L40S,AMD EPYC 9334 32-Core Processor x8 threads,32,2651258880,3.8889069072902203,measured,0.018279317766427994,0.13814537413418293,3.734127065166831,-0.039800346424656234,0.9601996535753438
opt-2.7b,2048,C,int,128,prove_fold,8,4,_wire_prune_polauto,cuda,NVIDIA L40S,AMD EPYC 9334 32-Core Processor x8 threads,32,2651258880,0.10366582684218884,measured,0.003368847072124481,0.006429683417081833,0.09825477376580238,-0.052197076328959716,0.9478029236710402
opt-2.7b,2048,C,int,128,prove_forward,8,4,_wire_prune_polauto,cuda,NVIDIA L40S,AMD EPYC 9334 32-Core Processor x8 threads,32,2651258880,1.3156884834170341,measured,0.007597006857395172,0.04962276481091976,1.3103955034166574,-0.0040229735739801134,0.9959770264260199
opt-2.7b,2048,C,int,128,prove_lookups,8,4,_wire_prune_polauto,cuda,NVIDIA L40S,AMD EPYC 9334 32-Core Processor x8 threads,32,2651258880,0.005060776136815548,measured,0.0033083874732255936,0.0033519966527819633,0.004660272039473057,-0.07913886852827777,0.9208611314717222
opt-2.7b,2048,C,int,128,prove_open,8,4,_wire_prune_polauto,cuda,NVIDIA L40S,AMD EPYC 9334 32-Core Processor x8 threads,32,2651258880,0.6502766767516732,measured,0.050032077357172966,0.06808601506054401,0.6097041461616755,-0.062392719961401215,0.9376072800385988
opt-2.7b,2048,C,int,128,verify_columns,8,4,_wire_prune_polauto,cuda,NVIDIA L40S,AMD EPYC 9334 32-Core Processor x8 threads,32,2651258880,0.14665063936263323,measured,0.008118296973407269,0.01504434272646904,0.22282571531832218,0.5194322799188454,1.5194322799188453
opt-2.7b,2048,C,int,128,verify_decode,8,4,_wire_prune_polauto,cuda,NVIDIA L40S,AMD EPYC 9334 32-Core Processor x8 threads,32,2651258880,4.208429078571498,measured,0.02472096122801304,0.10151794366538525,2.4054274167865515,-0.42842629117013764,0.5715737088298624
opt-2.7b,2048,C,int,128,verify_derive,8,4,_wire_prune_polauto,cuda,NVIDIA L40S,AMD EPYC 9334 32-Core Processor x8 threads,32,2651258880,27.457430394366384,measured,0.07179934438318014,0.9016614006832242,25.797523089684546,-0.06045384731349119,0.9395461526865088
opt-2.7b,2048,C,int,128,verify_fold,8,4,_wire_prune_polauto,cuda,NVIDIA L40S,AMD EPYC 9334 32-Core Processor x8 threads,32,2651258880,0.0,measured,0.0,0.0,0.0,,
opt-2.7b,2048,C,int,128,verify_lookups,8,4,_wire_prune_polauto,cuda,NVIDIA L40S,AMD EPYC 9334 32-Core Processor x8 threads,32,2651258880,0.032665167935192585,measured,0.02359791100025177,0.02383426111191511,0.030924764461815357,-0.05328010181457427,0.9467198981854257
opt-2.7b,2048,C,int,128,verify_products,8,4,_wire_prune_polauto,cuda,NVIDIA L40S,AMD EPYC 9334 32-Core Processor x8 threads,32,2651258880,7.021185766905546,measured,0.04705314990133047,0.21547550987452269,5.268146309070289,-0.24967854662074776,0.7503214533792523
opt-2.7b,2048,Kpre,int,128,bytes_total,8,4,_wire_prune_lookups,cuda,NVIDIA L40S,AMD EPYC 9334 32-Core Processor x8 threads,32,2651258880,3371804913.0,measured,24188314.0,130797666.0,3329078226.0,-0.012671755366174117,0.9873282446338258
opt-2.7b,2048,Kpre,int,128,fs_hash,8,4,_wire_prune_lookups,cuda,NVIDIA L40S,AMD EPYC 9334 32-Core Processor x8 threads,32,2651258880,3.1404197216033936e-06,measured,1.1902302503585815e-06,1.4901161193847656e-06,1.0486692190170288e-05,2.33926453143535,3.33926453143535
opt-2.7b,2048,Kpre,int,128,prove_encode,8,4,_wire_prune_lookups,cuda,NVIDIA L40S,AMD EPYC 9334 32-Core Processor x8 threads,32,2651258880,2.646546727977693,measured,0.01388371642678976,0.12882739584892988,3.5771377785131335,0.3516246438038649,1.3516246438038648
opt-2.7b,2048,Kpre,int,128,prove_fold,8,4,_wire_prune_lookups,cuda,NVIDIA L40S,AMD EPYC 9334 32-Core Processor x8 threads,32,2651258880,0.0,measured,0.0,0.0,0.0,,
opt-2.7b,2048,Kpre,int,128,prove_forward,8,4,_wire_prune_lookups,cuda,NVIDIA L40S,AMD EPYC 9334 32-Core Processor x8 threads,32,2651258880,1.3169288886711001,measured,0.0075046587735414505,0.049547609873116016,1.310836142860353,-0.0046264804904502296,0.9953735195095498
opt-2.7b,2048,Kpre,int,128,verify_decode,8,4,_wire_prune_lookups,cuda,NVIDIA L40S,AMD EPYC 9334 32-Core Processor x8 threads,32,2651258880,3.106927463784814,measured,0.014857977628707886,0.10308307409286499,2.749835968017578,-0.11493396609016165,0.8850660339098383
opt-2.7b,2048,Kpre,int,128,verify_derive,8,4,_wire_prune_lookups,cuda,NVIDIA L40S,AMD EPYC 9334 32-Core Processor x8 threads,32,2651258880,28.588875088840723,measured,0.09297129046171904,1.0673578828573227,30.298955654725432,0.059816294295266484,1.0598162942952665
opt-2.7b,2048,Kpre,int,128,verify_fold,8,4,_wire_prune_lookups,cuda,NVIDIA L40S,AMD EPYC 9334 32-Core Processor x8 threads,32,2651258880,0.0,measured,0.0,0.0,0.0,,
opt-2.7b,2048,Kpre,int,128,verify_products,8,4,_wire_prune_lookups,cuda,NVIDIA L40S,AMD EPYC 9334 32-Core Processor x8 threads,32,2651258880,5.062186046503484,measured,0.0303071066737175,0.19907324109226465,5.262057273648679,0.039483184795874614,1.0394831847958745
opt-6.7b,2048,C,int,128,bytes_total,8,4,_wire_prune_polauto,cuda,NVIDIA L40S,AMD EPYC 9334 32-Core Processor x8 threads,32,6657933312,5519070085.0,measured,62006195.0,241943154.0,5640051924.0,0.021920692641466972,1.021920692641467
opt-6.7b,2048,C,int,128,fs_hash,8,4,_wire_prune_polauto,cuda,NVIDIA L40S,AMD EPYC 9334 32-Core Processor x8 threads,32,6657933312,4.699453711509705e-06,measured,1.9297003746032715e-06,2.169981598854065e-06,9.378418326377869e-06,0.9956401109789933,1.9956401109789932
opt-6.7b,2048,C,int,128,prove_encode,8,4,_wire_prune_polauto,cuda,NVIDIA L40S,AMD EPYC 9334 32-Core Processor x8 threads,32,6657933312,4.155297347344458,measured,0.05602744501084089,0.24735068157315254,5.987047778442502,0.4408229491130563,1.4408229491130564
opt-6.7b,2048,C,int,128,prove_fold,8,4,_wire_prune_polauto,cuda,NVIDIA L40S,AMD EPYC 9334 32-Core Processor x8 threads,32,6657933312,0.1685631275177002,measured,0.0054292455315589905,0.010551370680332184,0.16421512514352798,-0.02579450463575222,0.9742054953642478
opt-6.7b,2048,C,int,128,prove_forward,8,4,_wire_prune_polauto,cuda,NVIDIA L40S,AMD EPYC 9334 32-Core Processor x8 threads,32,6657933312,2.3265607180073857,measured,0.01567382551729679,0.09032165259122849,2.3297564648091793,0.0013735926928787037,1.0013735926928786
opt-6.7b,2048,C,int,128,prove_lookups,8,4,_wire_prune_polauto,cuda,NVIDIA L40S,AMD EPYC 9334 32-Core Processor x8 threads,32,6657933312,0.005139835178852081,measured,0.0035191839560866356,0.0036993632093071938,0.009104740805923939,0.7714071539463976,1.7714071539463976
opt-6.7b,2048,C,int,128,prove_open,8,4,_wire_prune_polauto,cuda,NVIDIA L40S,AMD EPYC 9334 32-Core Processor x8 threads,32,6657933312,1.0095459893345833,measured,0.07967361994087696,0.10841825138777494,0.9707571947947145,-0.0384220183623685,0.9615779816376315
opt-6.7b,2048,C,int,128,verify_columns,8,4,_wire_prune_polauto,cuda,NVIDIA L40S,AMD EPYC 9334 32-Core Processor x8 threads,32,6657933312,0.2321384074166417,measured,0.012822733260691166,0.021917901933193207,0.29477296210825443,0.26981556127933753,1.2698155612793376
opt-6.7b,2048,C,int,128,verify_decode,8,4,_wire_prune_polauto,cuda,NVIDIA L40S,AMD EPYC 9334 32-Core Processor x8 threads,32,6657933312,3.003440434113145,measured,0.05321146547794342,0.2263019196689129,5.419015545397997,0.8042693585158857,1.8042693585158855
opt-6.7b,2048,C,int,128,verify_derive,8,4,_wire_prune_polauto,cuda,NVIDIA L40S,AMD EPYC 9334 32-Core Processor x8 threads,32,6657933312,31.801453694701195,measured,0.10933235008269548,1.1610844628885388,32.71364784706384,0.028684039450518447,1.0286840394505183
opt-6.7b,2048,C,int,128,verify_fold,8,4,_wire_prune_polauto,cuda,NVIDIA L40S,AMD EPYC 9334 32-Core Processor x8 threads,32,6657933312,0.0,measured,0.0,0.0,0.0,,
opt-6.7b,2048,C,int,128,verify_lookups,8,4,_wire_prune_polauto,cuda,NVIDIA L40S,AMD EPYC 9334 32-Core Processor x8 threads,32,6657933312,0.038831512443721294,measured,0.03144611231982708,0.03706137835979462,0.20551935955882072,4.292592191887477,5.292592191887477
opt-6.7b,2048,C,int,128,verify_products,8,4,_wire_prune_polauto,cuda,NVIDIA L40S,AMD EPYC 9334 32-Core Processor x8 threads,32,6657933312,11.416000373661518,measured,0.064032644033432,0.3768998943269253,9.762917403131723,-0.1448040396305271,0.8551959603694729
opt-6.7b,2048,Kpre,int,128,bytes_total,8,4,_wire_prune_lookups,cuda,NVIDIA L40S,AMD EPYC 9334 32-Core Processor x8 threads,32,6657933312,5408588069.0,measured,40117327.0,217184566.0,5529201736.0,0.022300398081952725,1.0223003980819527
opt-6.7b,2048,Kpre,int,128,fs_hash,8,4,_wire_prune_lookups,cuda,NVIDIA L40S,AMD EPYC 9334 32-Core Processor x8 threads,32,6657933312,4.550442099571228e-06,measured,1.3997778296470642e-06,2.0693987607955933e-06,2.2158026695251465e-05,3.8694228407695457,4.869422840769546
opt-6.7b,2048,Kpre,int,128,prove_encode,8,4,_wire_prune_lookups,cuda,NVIDIA L40S,AMD EPYC 9334 32-Core Processor x8 threads,32,6657933312,4.2248144540935755,measured,0.04565099999308586,0.2267270078882575,5.659007244743407,0.3394688231243363,1.3394688231243363
opt-6.7b,2048,Kpre,int,128,prove_fold,8,4,_wire_prune_lookups,cuda,NVIDIA L40S,AMD EPYC 9334 32-Core Processor x8 threads,32,6657933312,0.0,measured,0.0,0.0,0.0,,
opt-6.7b,2048,Kpre,int,128,prove_forward,8,4,_wire_prune_lookups,cuda,NVIDIA L40S,AMD EPYC 9334 32-Core Processor x8 threads,32,6657933312,2.3345206156373024,measured,0.015472114086151123,0.09029134921729565,2.3348684031516314,0.0001489759876179178,1.0001489759876179
opt-6.7b,2048,Kpre,int,128,verify_decode,8,4,_wire_prune_lookups,cuda,NVIDIA L40S,AMD EPYC 9334 32-Core Processor x8 threads,32,6657933312,4.262425346300006,measured,0.03966149128973484,0.2538064317777753,6.678154646418989,0.5667499378530945,1.5667499378530945
opt-6.7b,2048,Kpre,int,128,verify_derive,8,4,_wire_prune_lookups,cuda,NVIDIA L40S,AMD EPYC 9334 32-Core Processor x8 threads,32,6657933312,36.113738977350295,measured,0.16331059113144875,1.3847514213994145,38.02797632943839,0.0530057924295421,1.0530057924295422
opt-6.7b,2048,Kpre,int,128,verify_fold,8,4,_wire_prune_lookups,cuda,NVIDIA L40S,AMD EPYC 9334 32-Core Processor x8 threads,32,6657933312,0.0,measured,0.0,0.0,0.0,,
opt-6.7b,2048,Kpre,int,128,verify_products,8,4,_wire_prune_lookups,cuda,NVIDIA L40S,AMD EPYC 9334 32-Core Processor x8 threads,32,6657933312,9.769586304202676,measured,0.050364596769213676,0.3586715515702963,9.607880195602775,-0.01655199141138029,0.9834480085886197
