system,model,params,seq,prover_s,verifier_s,proof_bytes,hardware,catalog_row_id,source_location,venue,snippet
zkCNN,LeNet-5 MNIST,61700.0,,0.441,0.0058,71300.0,"AMD EPYC 7R32, 1 core",170,"ePrint 2021/673, Table 1, p.13; accuracy in Sec. 5.2, p.13",ACM CCS 2021 (IACR ePrint 2021/673),It only takes 0.44s to generate a proof for a prediction of LeNet on an MNIST data sample.
zkCNN,VGG-11 CIFAR-10,9750000.0,,47.8,0.0393,304000.0,"AMD EPYC 7R32, 1 core",171,"ePrint 2021/673, Table 1, p.13; accuracy Sec. 5.2 p.13",ACM CCS 2021 (IACR ePrint 2021/673),Total prover 0.441s 47.8s 88.3s (columns: LeNet VGG11 VGG16)
zkCNN,VGG-16 CIFAR-10,15200000.0,,88.3,0.0593,341000.0,"AMD EPYC 7R32, 1 core",172,"ePrint 2021/673, Abstract p.1 and Table 1, p.13",ACM CCS 2021 (IACR ePrint 2021/673),"It only takes 88.3 seconds to generate the proof, which is 1264× faster than existing schemes. The proof size is 341 kilobytes"
vCNN (re-run by zkCNN),LeNet-5 MNIST,61700.0,,5.49,0.084,340.0,AMD EPYC 7R32,174,"ePrint 2021/673, Table 2, p.13",ACM CCS 2021 (IACR ePrint 2021/673),vCNN [34] 5.49s 0.34KB 84ms
ZKML,ResNet-18 CIFAR-10 (ZKML's 281K-param variant),280900.0,,52.9,0.01184,15744,"AWS r6i.8xlarge, 32 vCPU",139,"Table 6, p.11; Table 8, p.11",EuroSys 2024,ResNet-18 52.9 s 11.84 ms 15744 bytes
ZKML,VGG-16 CIFAR-10,15200000.0,,637.14,0.00962,12064,"AWS r6i.8xlarge, 32 vCPU",143,"Table 6, p.11; Tables 8-9, p.11-12",EuroSys 2024,VGG16 637.14 s 9.62 ms 12064 bytes
ZKML,MobileNet v2 ImageNet,3500000.0,,1225.5,0.01767,17664,"AWS r6i.16xlarge, 64 vCPU",145,"Table 6, p.11",EuroSys 2024,MobileNet 1225.5 s 17.67 ms 17664 bytes
ZKML,GPT-2 (distilled),81300000.0,,3651.67,18.7,28128,"AWS r6i.32xlarge, 128 vCPU",141,"Table 6, p.11",EuroSys 2024,GPT-2 3651.67 s 18.70 s 28128 bytes
ZENO,VGG-16 CIFAR-10 (19.9M-FLOP variant),,,48.0,,,Xeon Gold 5218,224,"ASPLOS'24 camera-ready, Table 5 p.12; text p.11","ASPLOS 2024 (Proc. ASPLOS '24 vol. 1, pp. 450-464)",We observe a significant latency reduction from 398 seconds to 48 seconds for VGG16.
ZENO,ResNet-18 CIFAR-10 (32.4M-FLOP variant),,,102.0,,,Xeon Gold 5218,225,"ASPLOS'24 camera-ready, Table 5 p.12; Table 4 p.10","ASPLOS 2024 (Proc. ASPLOS '24 vol. 1, pp. 450-464)",RES18 826 102 8.9
Bionetta,MNIST MLP (2M),2000000.0,,3.05,0.01,880.0,"Xeon E5-2665, 16 threads",367,"Table 4, p.25","Technical report, arXiv 2025 (arXiv:2510.06784v2, 8 Dec 2025), Rarimo / Distributed Lab",Bionetta+UltraGroth Proof Size (KB) 0.88 ... Prove (s) 3.05 ... Verify (s) 0.010
Bionetta,LeNet-5,,,3.75,0.01,880.0,"Xeon E5-2665, 16 threads",368,"Table 4, p.25","Technical report, arXiv 2025 (arXiv:2510.06784v2, 8 Dec 2025), Rarimo / Distributed Lab","LeNet5: 0.88 KB, Prove 3.75 s, RAM 0.28 GB, Verify 0.010 s"
EZKL (run by Bionetta),MNIST MLP (2M),2000000.0,,1310,5.4,127000.0,"Xeon E5-2665, 16 threads",348,"Bionetta arXiv 2510.06784v2, Table 4, p.25",EZKL blog 2023-2024 (non-peer-reviewed); third-party measurements from Bionetta tech report 2025,ezkl ... Proof Size (KB) 127.0 ... Prove (s) 1310 ... Verify (s) 5.40
EZKL (run by Bionetta),ResNet-18 (Bionetta's version),,,6840,25.3,180000.0,"Xeon E5-2665, 16 threads",351,"Bionetta Table 4, p.25",EZKL blog 2023-2024 (non-peer-reviewed); third-party measurements from Bionetta tech report 2025,"ezkl ResNet18: Proof 180.0 KB, Prove 6840 s, RAM 103.50 GB, Verify 25.30 s"
ZEN,LeNet-5-small CIFAR-10,,,125.53,0.023,192,"Azure M32ls, 32 cores",197,"ePrint 2021/087, Table 1 p.4; Table 6 p.17; Table 7 p.18",IACR ePrint 2021/087 (2021); no peer-reviewed venue identified,"LeNet-small-CIFAR 4,061 19,863 137.67 0.255 125.53 0.023 1.144"
Mystique (interactive),ResNet-50 CIFAR-10,23500000.0,,158,,530000000.0,"2x AWS m5.2xlarge, 200 Mbps",213,"ePrint 2021/730, Table 3, p.23",USENIX Security 2021 (IACR ePrint 2021/730),Public Private 4.9 158 262
zkPyTorch,VGG-16 CIFAR-10,15200000.0,,2.2,,,single CPU core,248,"ePrint 2025/535, Table 1 p.2; Table 2 p.5",IACR ePrint 2025/535 (2025),VGG-16 15.2 Million 2.2 sec / image
zkLLM,OPT-125M,125000000.0,2048,73.9,0.342,141000.0,A100 40GB,374,"Table 1, p.12 (setup p.11)",ACM CCS 2024,Prover time (s) 73.9 111 221 352 548 713 620 803; Verifier time (s) 0.342 0.593 0.899 1.41 2.08 3.71 2.36 3.95
zkLLM,OPT-350M,350000000.0,2048,111,0.593,144000.0,A100 40GB,375,"Table 1, p.12",ACM CCS 2024,Prover time (s) 73.9 111 221 352 548 713 620 803; Verifier time (s) 0.342 0.593 0.899 1.41 2.08 3.71 2.36 3.95
zkLLM,OPT-1.3B,1300000000.0,2048,221,0.899,147000.0,A100 40GB,376,"Table 1, p.12",ACM CCS 2024,Prover time (s) 73.9 111 221 352 548 713 620 803; Verifier time (s) 0.342 0.593 0.899 1.41 2.08 3.71 2.36 3.95
zkLLM,OPT-2.7B,2700000000.0,2048,352,1.41,152000.0,A100 40GB,377,"Table 1, p.12",ACM CCS 2024,Prover time (s) 73.9 111 221 352 548 713 620 803; Verifier time (s) 0.342 0.593 0.899 1.41 2.08 3.71 2.36 3.95
zkLLM,OPT-6.7B,6700000000.0,2048,548,2.08,157000.0,A100 40GB,378,"Table 1, p.12",ACM CCS 2024,Prover time (s) 73.9 111 221 352 548 713 620 803; Verifier time (s) 0.342 0.593 0.899 1.41 2.08 3.71 2.36 3.95
zkLLM,OPT-13B,13000000000.0,2048,713,3.71,160000.0,A100 40GB,379,"Table 1, p.12",ACM CCS 2024,Prover time (s) 73.9 111 221 352 548 713 620 803; Verifier time (s) 0.342 0.593 0.899 1.41 2.08 3.71 2.36 3.95
zkLLM,Llama-2-7B,6740000000.0,2048,620,2.36,183000.0,A100 40GB,380,"Table 1, p.12",ACM CCS 2024,Prover time (s) 73.9 111 221 352 548 713 620 803; Proof size (kB) 141 144 147 152 157 160 183 188
zkLLM,Llama-2-13B,13000000000.0,2048,803,3.95,188000.0,A100 40GB,381,"Table 1, p.12",ACM CCS 2024,Prover time (s) 73.9 111 221 352 548 713 620 803; Verifier time (s) 0.342 0.593 0.899 1.41 2.08 3.71 2.36 3.95
zkLLM (re-run by Anchuri),Llama-2-7B,6740000000.0,,388.3,,,RTX 3090,382,"Anchuri et al., Sec 8.1 p.27 (setup) and Sec 8.2 pp.27-28 (results)",ACM CCS 2024,The proving time for the entire inference process is 388.3 seconds. The proof size is 183 kB. The verification time is 2.36 seconds.
zkLLM (re-run by zkGPT),GPT-2,124000000.0,,15.8,0.54,126000.0,A100,383,"zkGPT (USENIX Sec 2025), Table 3, p.2056 (PDF p.13); A100 stated in Sec 7.1, p.2055",ACM CCS 2024,zkLLM [55] ( 6912 CUDA cores) 15.8s 0.54s 126K
zkGPT,GPT-2,124000000.0,,21.8,0.35,101000.0,"Xeon 6126, 32 threads",384,"Table 3, p.2056 (PDF p.13); hardware Sec 7.1 p.2055",USENIX Security 2025,Ours (32 thread) w all opt 21.8s 0.35s 101K
DeepProve,GPT-2,124000000.0,64,34.199999999999996,1.35,21663580.16,"Ryzen 9 7950X3D, 16 cores",317,"Table 2, p.11",IACR ePrint 2026/1112 (received 30 May 2026); ePrint lists 'Published elsewhere. Minor revision. CCS 2026',GPT-2 BaseFold 64 <0.91 18.33 0.57 1.35 20.66 112.86
DeepProve,GPT-2,124000000.0,128,51.0,1.45,22879928.32,"Ryzen 9 7950X3D, 16 cores",318,"Table 2, p.11",IACR ePrint 2026/1112 (received 30 May 2026); ePrint lists 'Published elsewhere. Minor revision. CCS 2026',128 20.82 0.85 1.45 21.82 150.98
DeepProve,GPT-2,124000000.0,256,87.6,1.55,24138219.52,"Ryzen 9 7950X3D, 16 cores",319,"Table 2, p.11",IACR ePrint 2026/1112 (received 30 May 2026); ePrint lists 'Published elsewhere. Minor revision. CCS 2026',256 27.02 1.46 1.55 23.02 175.08
DeepProve,GPT-2,124000000.0,512,176.4,1.65,25511854.08,"Ryzen 9 7950X3D, 16 cores",320,"Table 2, p.11",IACR ePrint 2026/1112 (received 30 May 2026); ePrint lists 'Published elsewhere. Minor revision. CCS 2026',512 41.85 2.94 1.65 24.33 174.32
ZKTorch,GPT-2 (ZKML's distilled model),81300000.0,,599,12,,"Xeon Platinum 8358, 64 threads",296,"Sec 6.3, p.11","arXiv preprint 2025 (arXiv:2507.07031v2, 10 Jul 2025)",ZKTorch achieves a proving time of 599s ... the verification time is reduced to 12s
ZKTorch,Llama-2-7B (1 token),6740000000.0,1,2645.5,100.14,22850000.0,"Xeon Platinum 8358, 64 threads",283,"Table 4, p.12","arXiv preprint 2025 (arXiv:2507.07031v2, 10 Jul 2025)",LLaMA-2-7B (N/A) 2645.50 s 100.14 s 22.85 MB
Jolt Atlas,GPT-2,124000000.0,,38,,,Apple M3 laptop,373,"Table 3, p.19","arXiv preprint 2026 (arXiv:2602.17452v1, 19 Feb 2026), ICME Labs",Proving/verifying key generation 0.872 s ... Sum-check proving ∼16 s ... End-to-end total ∼38 s
SLP (5 sampled chunks),GPT-2,124000000.0,,28.0,0.16,937984,Apple M3 Pro laptop,52,"Sec. 6.2, p.7","arXiv 2609.27367v1, 23 Sep 2026 (TrueOpen; preprint)",proving five chunks (two anchors plus three samples) 28.0 s; proof 916 KiB; verification 0.16 s
"LAMP (1 layer, matmuls only)","GPT-2-medium, one layer",12580000.0,1024,230.82,6.52,3342724,"AMD EPYC 7B13, 32 cores",138,"Table 5, p.13; Sec 7.4, p.12",IACR Cryptology ePrint Archive 2026/1571 (2026),"LAMP 33,427,908 230.82 s 6.52 s 3,342,724 B Freivalds 76,807,671 408.69 s 0.49 s 196 B"
Anchuri et al. (1 path),Llama-2-7B,6740000000.0,64,0.0058,0.01244,3400000.0,RTX 3090,4,"Sec. 8.2, p.28","IEEE SaTML 2026 (arXiv 2603.19025v1, 19 Mar 2026; IACR ePrint 2026/541)",Our verification time is 12.44 milliseconds (two orders of magnitude lower).
"Maverick (verif.-only, 1 thr.)",Qwen3-4B,4020000000.0,8,0.3545,0.0871,36080000.0,AWS c8i (client 1 thread),90,"Table 8, p.16",arXiv 2609.10264v1 (9 Sep 2026); also IACR ePrint 2026/1955,Verification-only 13.01 614.7 260.2 87.1 37.4 354.5 27278.6
"Maverick (verif.-only, 8 thr.)",Qwen3-4B,4020000000.0,8,0.3144,0.0128,36080000.0,AWS c8i (client 8 threads),99,"Table 8, p.16",arXiv 2609.10264v1 (9 Sep 2026); also IACR ePrint 2026/1955,Verification-only 17.51 456.9 142.5 12.8 17.4 314.4 4885.9
"Maverick (standard, 1 thr.)",Qwen3-4B,4020000000.0,8,0.3633,0.0896,57830000.0,AWS c8i (client 1 thread),88,"Table 8, p.16",arXiv 2609.10264v1 (9 Sep 2026); also IACR ePrint 2026/1955,1 Standard 5.17 1547.7 1460.5 89.6 58.6 363.3 27278.6
