system,family,setting,error_type,stated_error,trust
Anchuri et al.,sampling,C,empirical,trace separation (no negligible bound); single-node tamper detected w.p. 1/N per path,separation assumption; CM honest
Ours (whole-network check),freivalds+RS,C / K,statistical,"<= sum_l [p^-r + ((k-1)/n)^t], set to 2^-lambda","CM honest (as in Anchuri); interactive, or Fiat-Shamir with +64 bits"
SafetyNets,interactive proof (sumcheck),K,statistical,3b sum n_i / p < 2^-30,quadratic activations only
Slalom,freivalds + TEE,K,statistical,"40 bits per layer (p = 2^24-3, k = 2)",SGX enclave trusted
Maverick,sparse freivalds + code,K,statistical,kappa = 40 bits,client knows weights (preprocessing)
LAMP,freivalds + code + SNARK,C,computational,"(k-1)/|F| + 4(1-delta)^t + ..., t=128, BN254",commit-and-prove
zkCNN,GKR/sumcheck SNARK,C,computational,"O(d log|C|/|F|), BLS12-381 ('128-bit')","discrete log, ROM"
zkLLM,sumcheck + tlookup SNARK,C,computational,"negligible, |F| ~ 2^254 (BLS12-381)","discrete log, ROM"
zkGPT,GKR/sumcheck SNARK,C,computational,~100 bits (BN254),"discrete log, ROM"
DeepProve,sumcheck + logup-GKR,C,computational,round-by-round sound; not quantified,ROM
ZKML,halo2 (Plonkish),C,computational,inherits halo2; not quantified,KZG setup or IPA
ZKTorch,KZG poly-IOPs + folding,C,computational,"union bound, 'negligible' (BN254)","AGM, KZG setup"
EZKL,halo2 (Plonkish),C,computational,inherits halo2; not stated,KZG setup
Bionetta,Groth16 / UltraGroth,C,computational,GGM + ROM; not quantified,trusted setup per model
ZEN / ZENO / vCNN,Groth16 R1CS,C,computational,knowledge soundness (GGM/KEA); not quantified,trusted setup
Mystique,VOLE interactive ZK,C,computational+statistical,"lambda = 128, rho >= 40","designated verifier, interactive"
NanoZK,halo2 per layer,C,computational,3(L+2) 2^-128,"IPA, SHA-256 chain"
TOPLOC,activation fingerprint,K,empirical,FPR/FNR 0% in evaluation,verifier re-runs the model
SVIP,hidden-state proxy,K,empirical,"FNR < 5%, FPR < 3% per query",secret proxy task
SLP,sampled SNARK chunks,C,computational+sampling,"per audit <= q(M,b,s) + eps; coverage 3/161 on 70B",BN254 HyperKZG
Verde / opML / TAO,refereed / optimistic,C,trust,1-of-k honest (Verde/opML); empirical thresholds (TAO),an honest provider or validator
