model,mode,lam,seq,layers,vocab,threads,stage,reps,base_median_s,new_median_s,base_min_s,new_min_s,ratio_median,tampered
lenet5,C,128,64,,,1,derive,21,0.000671,0.000662,0.000544,0.000510,1.014,15
lenet5,C,128,64,,,1,products,21,0.002244,0.001333,0.002125,0.001216,1.684,15
lenet5,C,128,64,,,1,columns,21,0.005313,0.002678,0.004854,0.002616,1.984,15
lenet5,C,128,64,,,1,total,21,0.008363,0.004745,0.007703,0.004370,1.762,15
lenet5,C,128,64,,,4,derive,21,0.000764,0.000713,0.000581,0.000529,1.071,15
lenet5,C,128,64,,,4,products,21,0.002916,0.001576,0.002312,0.001277,1.850,15
lenet5,C,128,64,,,4,columns,21,0.006761,0.003836,0.005271,0.002894,1.762,15
lenet5,C,128,64,,,4,total,21,0.010539,0.006110,0.008224,0.004701,1.725,15
vgg16,C,128,64,,,1,derive,21,0.004319,0.002749,0.004119,0.002654,1.571,15
vgg16,C,128,64,,,1,products,21,0.022055,0.007487,0.020919,0.006927,2.946,15
vgg16,C,128,64,,,1,columns,21,0.057851,0.022058,0.054909,0.021162,2.623,15
vgg16,C,128,64,,,1,total,21,0.085062,0.032139,0.081590,0.030946,2.647,15
vgg16,C,128,64,,,4,derive,21,0.004311,0.002661,0.003528,0.002165,1.620,15
vgg16,C,128,64,,,4,products,21,0.020929,0.008836,0.018355,0.007266,2.368,15
vgg16,C,128,64,,,4,columns,21,0.052695,0.022794,0.043081,0.019428,2.312,15
vgg16,C,128,64,,,4,total,21,0.077375,0.033966,0.068171,0.030831,2.278,15
lenet5,Kpre,128,64,,,1,derive,21,0.000603,0.000538,0.000551,0.000502,1.119,9
lenet5,Kpre,128,64,,,1,products,21,0.002347,0.001303,0.002058,0.001245,1.801,9
lenet5,Kpre,128,64,,,1,total,21,0.002917,0.001909,0.002632,0.001746,1.528,9
vgg16,Kpre,128,64,,,1,derive,21,0.004314,0.002792,0.004127,0.002611,1.545,9
vgg16,Kpre,128,64,,,1,products,21,0.021660,0.006541,0.020798,0.006149,3.311,9
vgg16,Kpre,128,64,,,1,total,21,0.026166,0.009513,0.025215,0.008910,2.750,9
gpt2,C,128,64,,,1,derive,11,0.118787,0.067189,0.113392,0.065668,1.768,15
gpt2,C,128,64,,,1,products,11,0.111697,0.031388,0.107818,0.030668,3.559,15
gpt2,C,128,64,,,1,columns,11,0.369062,0.147829,0.362031,0.144700,2.497,15
gpt2,C,128,64,,,1,total,11,0.599199,0.245783,0.587673,0.241755,2.438,15
gpt2,C,128,64,,,4,derive,11,0.080609,0.050566,0.074951,0.045018,1.594,15
gpt2,C,128,64,,,4,products,11,0.093230,0.025286,0.084411,0.020363,3.687,15
gpt2,C,128,64,,,4,columns,11,0.314159,0.139269,0.301870,0.135211,2.256,15
gpt2,C,128,64,,,4,total,11,0.487856,0.215133,0.470939,0.200592,2.268,15
gpt2,Kpre,128,64,,,1,derive,11,0.118241,0.068600,0.115144,0.067227,1.724,9
gpt2,Kpre,128,64,,,1,products,11,0.112333,0.023775,0.110601,0.023383,4.725,9
gpt2,Kpre,128,64,,,1,total,11,0.232667,0.092574,0.228524,0.090610,2.513,9
qwen3-4b,Kpre,40,8,1,,1,derive,15,0.007822,0.004622,0.007559,0.004517,1.692,9
qwen3-4b,Kpre,40,8,1,,1,products,15,0.035496,0.002743,0.033523,0.002655,12.942,9
qwen3-4b,Kpre,40,8,1,,1,total,15,0.043599,0.007417,0.041176,0.007249,5.879,9
qwen3-4b,Kpre,40,8,2,1024,1,derive,15,0.014372,0.008435,0.013850,0.008199,1.704,9
qwen3-4b,Kpre,40,8,2,1024,1,products,15,0.019458,0.002930,0.018668,0.002726,6.641,9
qwen3-4b,Kpre,40,8,2,1024,1,total,15,0.033914,0.011450,0.032793,0.010931,2.962,9
qwen3-4b,Kpre,40,8,8,1024,1,derive,15,0.054892,0.032299,0.052680,0.031134,1.700,9
qwen3-4b,Kpre,40,8,8,1024,1,products,15,0.074250,0.009322,0.071450,0.008802,7.965,9
qwen3-4b,Kpre,40,8,8,1024,1,total,15,0.129603,0.041686,0.124757,0.040287,3.109,9
qwen3-4b,Kpre,40,8,8,,1,derive,15,0.055544,0.031820,0.054300,0.030817,1.746,9
qwen3-4b,Kpre,40,8,8,,1,products,15,0.097302,0.010176,0.093803,0.009519,9.562,9
qwen3-4b,Kpre,40,8,8,,1,total,15,0.151838,0.041754,0.148619,0.040826,3.637,9
qwen3-4b,Kpre,40,8,24,,1,derive,11,0.167926,0.099437,0.160896,0.096269,1.689,9
qwen3-4b,Kpre,40,8,24,,1,products,11,0.252859,0.027549,0.246663,0.026699,9.178,9
qwen3-4b,Kpre,40,8,24,,1,total,11,0.420723,0.127504,0.412791,0.123819,3.300,9
