model,seq,layers,vocab,policy,wire,challenges,lam,bytes_claims,bytes_u,bytes_columns,bytes_paths,bytes_total,model_paths,model_total,source,queries,commit_s,encoded_entries,leaves,trees,max_n,whole_model_total
gpt2,64,12,50257,paper,False,int,128,21827908,2701300,36648464,895200,62072872,894498.8150170617,62072170.81501706,run_query,3,108.17326860001776,863309824,712704,75,262144,62072170.81501706
gpt2,64,12,50257,paper,False,fs,128,21827908,3781820,53894800,1185120,80689648,1185228.5902890977,80689756.5902891,run_query,3,108.17326860001776,863309824,712704,75,262144,80689756.5902891
gpt2,64,12,50257,paper,True,int,128,11719513,2616896,35503308,895200,50734917,894498.8150170617,50734215.81501706,run_query,3,108.17326860001776,863309824,712704,75,262144,
gpt2,64,12,50257,paper,True,fs,128,11719513,3663704,52210696,1182208,68772089,1185228.5902890977,68779141.5902891,run_query,3,108.17326860001776,863309824,712704,75,262144,
gpt2,512,12,50257,paper,False,int,128,173216068,2701300,36648464,895200,213461032,894498.8150170617,213460330.81501707,run_query,3,108.17326860001776,863309824,712704,75,262144,213460330.81501707
gpt2,512,12,50257,paper,False,fs,128,173216068,3781820,53894800,1188352,232081040,1185228.5902890977,232077916.5902891,run_query,3,108.17326860001776,863309824,712704,75,262144,232077916.5902891
gpt2,512,12,50257,paper,True,int,128,91294543,2616896,35503308,895200,130311023,894498.8150170617,130257333.81501706,run_query,3,108.17326860001776,863309824,712704,75,262144,
gpt2,512,12,50257,paper,True,fs,128,91294543,3663704,52210696,1183008,148352163,1185228.5902890977,148302259.5902891,run_query,3,108.17326860001776,863309824,712704,75,262144,
gpt2,64,12,50257,R16,False,int,128,21827908,2701300,16897852,49536,41476596,49770.557172299224,41476830.5571723,run_query,3,355.63727379997727,2839822336,348160,4,262144,41476830.5571723
gpt2,64,12,50257,R16,False,fs,128,21827908,3781820,24569076,67200,50246004,68235.00715830218,50247039.0071583,run_query,3,355.63727379997727,2839822336,348160,4,262144,50247039.0071583
gpt2,64,12,50257,R16,True,int,128,11719513,2616896,16369860,49536,30755805,49770.557172299224,30756039.5571723,run_query,3,355.63727379997727,2839822336,348160,4,262144,
gpt2,64,12,50257,R16,True,fs,128,11719513,3663704,23801304,68352,39251849,68235.00715830218,39252756.0071583,run_query,3,355.63727379997727,2839822336,348160,4,262144,
gpt2,512,12,50257,R16,False,int,128,173216068,2701300,16897852,49536,192864756,49770.557172299224,192864990.5571723,run_query,3,355.63727379997727,2839822336,348160,4,262144,192864990.5571723
gpt2,512,12,50257,R16,False,fs,128,173216068,3781820,24569076,68416,201635380,68235.00715830218,201635199.0071583,run_query,3,355.63727379997727,2839822336,348160,4,262144,201635199.0071583
gpt2,512,12,50257,R16,True,int,128,91294543,2616896,16369860,49536,110331763,49770.557172299224,110279157.5571723,run_query,3,355.63727379997727,2839822336,348160,4,262144,
gpt2,512,12,50257,R16,True,fs,128,91294543,3663704,23801304,68160,118827711,68235.00715830218,118775874.00715831,run_query,3,355.63727379997727,2839822336,348160,4,262144,
gpt2,64,12,50257,R16c,False,int,128,21827908,1763140,4941024,73504,28605576,73093.0651133798,28605165.06511338,run_query,3,465.0963738000137,2974482432,1462272,6,1048576,28605165.06511338
gpt2,64,12,50257,R16c,False,fs,128,21827908,2468396,7302384,101376,31700064,101346.22335994603,31700034.223359946,run_query,3,465.0963738000137,2974482432,1462272,6,1048576,31700034.223359946
gpt2,64,12,50257,R16c,True,int,128,11719513,1708100,4786648,73504,18287093,73093.0651133798,18287354.06511338,run_query,3,465.0963738000137,2974482432,1462272,6,1048576,
gpt2,64,12,50257,R16c,True,fs,128,11719513,2391340,7074200,101184,21286845,101346.22335994603,21286399.223359946,run_query,3,465.0963738000137,2974482432,1462272,6,1048576,
gpt2,512,12,50257,R16c,False,int,128,173216068,1763140,4941024,73504,179993736,73093.0651133798,179993325.06511337,run_query,3,465.0963738000137,2974482432,1462272,6,1048576,179993325.06511337
gpt2,512,12,50257,R16c,False,fs,128,173216068,2468396,7302384,101376,183088224,101346.22335994603,183088194.22335994,run_query,3,465.0963738000137,2974482432,1462272,6,1048576,183088194.22335994
gpt2,512,12,50257,R16c,True,int,128,91294543,1708100,4786648,73504,97862795,73093.0651133798,97810472.06511338,run_query,3,465.0963738000137,2974482432,1462272,6,1048576,
gpt2,512,12,50257,R16c,True,fs,128,91294543,2391340,7074200,101856,100861939,101346.22335994603,100809517.22335994,run_query,3,465.0963738000137,2974482432,1462272,6,1048576,
gpt2,64,12,50257,cnn16c,False,int,128,21827908,1763140,4805424,64928,28461400,64508.88885735789,28460980.888857357,run_query,3,382.4163363999687,2669936640,393216,5,131072,28460980.888857357
gpt2,64,12,50257,cnn16c,False,fs,128,21827908,2468396,7077456,89568,31463328,89504.76638411079,31463264.76638411,run_query,3,382.4163363999687,2669936640,393216,5,131072,31463264.76638411
gpt2,64,12,50257,cnn16c,True,int,128,11719513,1708100,4655332,64928,18147329,64508.88885735789,18147453.888857357,run_query,3,382.4163363999687,2669936640,393216,5,131072,
gpt2,64,12,50257,cnn16c,True,fs,128,11719513,2391340,6856332,90592,21057937,89504.76638411079,21056689.76638411,run_query,3,382.4163363999687,2669936640,393216,5,131072,
gpt2,512,12,50257,cnn16c,False,int,128,173216068,1763140,4805424,64928,179849560,64508.88885735789,179849140.88885736,run_query,3,382.4163363999687,2669936640,393216,5,131072,179849140.88885736
gpt2,512,12,50257,cnn16c,False,fs,128,173216068,2468396,7077456,89856,182851776,89504.76638411079,182851424.76638412,run_query,3,382.4163363999687,2669936640,393216,5,131072,182851424.76638412
gpt2,512,12,50257,cnn16c,True,int,128,91294543,1708100,4655332,64928,97722903,64508.88885735789,97670571.88885736,run_query,3,382.4163363999687,2669936640,393216,5,131072,
gpt2,512,12,50257,cnn16c,True,fs,128,91294543,2391340,6856332,88960,100631175,89504.76638411079,100579807.76638411,run_query,3,382.4163363999687,2669936640,393216,5,131072,
gpt2,64,12,50257,tightc,False,int,128,21827908,1763140,8489424,66048,32146520,65767.5856356956,32146239.585635696,run_query,3,132.77307410002686,896974848,303104,5,262144,32146239.585635696
gpt2,64,12,50257,tightc,False,fs,128,21827908,2468396,12437424,89408,36823136,89129.49523809466,36822857.495238096,run_query,3,132.77307410002686,896974848,303104,5,262144,36822857.495238096
gpt2,64,12,50257,tightc,True,int,128,11719513,1708100,8224176,66048,21717837,65767.5856356956,21717556.585635696,run_query,3,132.77307410002686,896974848,303104,5,262144,
gpt2,64,12,50257,tightc,True,fs,128,11719513,2391340,12048832,88544,26248229,89129.49523809466,26248814.495238096,run_query,3,132.77307410002686,896974848,303104,5,262144,
gpt2,512,12,50257,tightc,False,int,128,173216068,1763140,8489424,66048,183534680,65767.5856356956,183534399.5856357,run_query,3,132.77307410002686,896974848,303104,5,262144,183534399.5856357
gpt2,512,12,50257,tightc,False,fs,128,173216068,2468396,12437424,89312,188211200,89129.49523809466,188211017.4952381,run_query,3,132.77307410002686,896974848,303104,5,262144,188211017.4952381
gpt2,512,12,50257,tightc,True,int,128,91294543,1708100,8224176,66048,101292515,65767.5856356956,101240674.58563569,run_query,3,132.77307410002686,896974848,303104,5,262144,
gpt2,512,12,50257,tightc,True,fs,128,91294543,2391340,12048832,89184,105823707,89129.49523809466,105771932.4952381,run_query,3,132.77307410002686,896974848,303104,5,262144,
