model,seq,layers,vocab,policy,wire,challenges,lam,bytes_claims,bytes_u,bytes_columns,bytes_paths,bytes_total,model_paths,model_total,source,queries,commit_s,encoded_entries,leaves,trees,max_n,whole_model_total,soundness_bits
llama2-7b,64,1,1024,tightc,False,int,128,11931648.0,322560.0,5230592.0,77568.0,17562368.0,77662.44705825119,17562462.447058253,run_query,2,169.62431970000034,1174405120,282624,5,131072,480485214.44705826,
llama2-7b,64,1,1024,tightc,False,fs,128,11931648.0,451584.0,7585792.0,105456.0,20074480.0,105232.93272926129,20074256.932729263,run_query,2,169.62431970000034,1174405120,282624,5,131072,539564816.9327292,
llama2-7b,64,1,1024,R8c,False,int,128,11931648.0,322560.0,4005888.0,66304.0,16326400.0,66191.89854748214,16326287.898547482,run_query,2,372.92668819997925,2332033024,561152,5,262144,444203663.8985475,
llama2-7b,64,1,1024,R8c,False,fs,128,11931648.0,451584.0,5812224.0,89952.0,18285408.0,90344.04772691027,18285800.04772691,run_query,2,372.92668819997925,2332033024,561152,5,262144,486985960.0477269,
llama2-7b,64,1,1024,cnn16c,False,int,128,11931648.0,322560.0,4337664.0,76112.0,16667984.0,76341.31439779085,16668213.314397791,run_query,2,194.4021514999913,1409286144,327680,5,65536,479083061.3143978,
llama2-7b,64,1,1024,cnn16c,False,fs,128,11931648.0,451584.0,6352896.0,105776.0,18841904.0,105180.88575831853,18841308.885758318,run_query,2,194.4021514999913,1409286144,327680,5,65536,538839772.8857583,
llama2-7b,64,2,1024,tightc,False,int,128,22810624.0,542720.0,9064448.0,78096.0,32495888.0,77662.44705825119,32495454.447058253,run_query,2,343.5510454000323,2315255808,282624,5,131072,480485214.44705826,
llama2-7b,64,2,1024,tightc,False,fs,128,22810624.0,759808.0,13156352.0,105056.0,36831840.0,105232.93272926129,36832016.93272926,run_query,2,343.5510454000323,2315255808,282624,5,131072,539564816.9327292,
llama2-7b,64,2,1024,R8c,False,int,128,22810624.0,542720.0,6709248.0,66608.0,30129200.0,66191.89854748214,30128783.89854748,run_query,2,764.1023211000138,4613734400,561152,5,262144,444203663.8985475,
llama2-7b,64,2,1024,R8c,False,fs,128,22810624.0,759808.0,9744384.0,91360.0,33406176.0,90344.04772691027,33405160.04772691,run_query,2,764.1023211000138,4613734400,561152,5,262144,486985960.0477269,
llama2-7b,64,2,1024,cnn16c,False,int,128,22810624.0,542720.0,8155136.0,76256.0,31584736.0,76341.31439779085,31584821.31439779,run_query,2,359.16350889997557,2483027968,327680,5,65536,479083061.3143978,
llama2-7b,64,2,1024,cnn16c,False,fs,128,22810624.0,759808.0,11939840.0,105616.0,35615888.0,105180.88575831853,35615452.88575832,run_query,2,359.16350889997557,2483027968,327680,5,65536,538839772.8857583,
llama2-7b,64,32,1024,tightc,False,int,128,349179904,7147520,124080128,77662.44705825119,480485214.44705826,,,"model, claims extrapolated from L1 and L2",,,36540776448,282624,5,131072,,131.5430543343184
llama2-7b,64,32,1024,tightc,False,fs,128,349179904,10006528,180273152,105232.93272926129,539564816.9327292,,,"model, claims extrapolated from L1 and L2",,,36540776448,282624,5,131072,,130.39477655137787
llama2-7b,64,32,1024,R8c,False,int,128,349179904,7147520,87810048,66191.89854748214,444203663.8985475,,,"model, claims extrapolated from L1 and L2",,,73064775680,561152,5,262144,,132.14916481666842
llama2-7b,64,32,1024,R8c,False,fs,128,349179904,10006528,127709184,90344.04772691027,486985960.0477269,,,"model, claims extrapolated from L1 and L2",,,73064775680,561152,5,262144,,131.3606701998979
llama2-7b,64,32,1024,cnn16c,False,int,128,349179904,7147520,122679296,76341.31439779085,479083061.3143978,,,"model, claims extrapolated from L1 and L2",,,34695282688,327680,5,65536,,131.1039193358957
llama2-7b,64,32,1024,cnn16c,False,fs,128,349179904,10006528,179548160,105180.88575831853,538839772.8857583,,,"model, claims extrapolated from L1 and L2",,,34695282688,327680,5,65536,,131.1302492105243
qwen3-4b,8,1,1024,tightc,False,int,128,1069056.0,348160.0,3219456.0,86272.0,4722944.0,85859.84761326891,4722531.8476132685,run_query,2,102.15362409997033,656408576,266240,6,131072,129804131.84761328,
qwen3-4b,8,1,1024,tightc,False,fs,128,1069056.0,487424.0,4679680.0,116192.0,6352352.0,116400.99843416834,6352560.998434168,run_query,2,102.15362409997033,656408576,266240,6,131072,172220080.99843416,
qwen3-4b,8,1,1024,R8c,False,int,128,1069056.0,348160.0,2500608.0,74176.0,3992000.0,74418.52783076737,3992242.5278307674,run_query,2,212.36343980004312,1302331392,528384,6,262144,105777842.52783076,
qwen3-4b,8,1,1024,R8c,False,fs,128,1069056.0,487424.0,3624960.0,102048.0,5283488.0,101355.67548387009,5282795.67548387,run_query,2,212.36343980004312,1302331392,528384,6,262144,137102315.67548388,
qwen3-4b,8,1,1024,cnn16c,False,int,128,1069056.0,348160.0,2457600.0,79040.0,3953856.0,79140.99859250957,3953956.9985925094,run_query,2,123.97018349997234,905969664,393216,6,65536,121509156.99859251,
qwen3-4b,8,1,1024,cnn16c,False,fs,128,1069056.0,487424.0,3575808.0,108480.0,5240768.0,108510.94090300922,5240798.940903009,run_query,2,123.97018349997234,905969664,393216,6,65536,159997918.940903,
qwen3-4b,8,2,1024,tightc,False,int,128,2052096.0,624640.0,5533696.0,86384.0,8296816.0,85859.84761326891,8296291.8476132685,run_query,2,181.2216981999809,1285554176,266240,6,131072,129804131.84761328,
qwen3-4b,8,2,1024,tightc,False,fs,128,2052096.0,874496.0,8048640.0,115712.0,11090944.0,116400.99843416834,11091632.99843417,run_query,2,181.2216981999809,1285554176,266240,6,131072,172220080.99843416,
qwen3-4b,8,2,1024,R8c,False,int,128,2052096.0,624640.0,4149248.0,74752.0,6900736.0,74418.52783076737,6900402.527830767,run_query,2,418.54005299997516,2560622592,528384,6,262144,105777842.52783076,
qwen3-4b,8,2,1024,R8c,False,fs,128,2052096.0,874496.0,6021120.0,101552.0,9049264.0,101355.67548387009,9049067.67548387,run_query,2,418.54005299997516,2560622592,528384,6,262144,137102315.67548388,
qwen3-4b,8,2,1024,cnn16c,False,int,128,2052096.0,624640.0,4556800.0,79136.0,7312672.0,79140.99859250957,7312676.99859251,run_query,2,222.40788650000468,1577058304,393216,6,65536,121509156.99859251,
qwen3-4b,8,2,1024,cnn16c,False,fs,128,2052096.0,874496.0,6627328.0,108784.0,9662704.0,108510.94090300922,9662430.94090301,run_query,2,222.40788650000468,1577058304,393216,6,65536,159997918.940903,
qwen3-4b,8,36,1024,tightc,False,int,128,35475456,10024960,84217856,85859.84761326891,129804131.84761328,,,"model, claims extrapolated from L1 and L2",,,22676504576,266240,6,131072,,130.7800507634269
qwen3-4b,8,36,1024,tightc,False,fs,128,35475456,14034944,122593280,116400.99843416834,172220080.99843416,,,"model, claims extrapolated from L1 and L2",,,22676504576,266240,6,131072,,130.01093757224302
qwen3-4b,8,36,1024,R8c,False,int,128,35475456,10024960,60203008,74418.52783076737,105777842.52783076,,,"model, claims extrapolated from L1 and L2",,,45342523392,528384,6,262144,,131.75514191961406
qwen3-4b,8,36,1024,R8c,False,fs,128,35475456,14034944,87490560,101355.67548387009,137102315.67548388,,,"model, claims extrapolated from L1 and L2",,,45342523392,528384,6,262144,,131.00094699767845
qwen3-4b,8,36,1024,cnn16c,False,int,128,35475456,10024960,75929600,79140.99859250957,121509156.99859251,,,"model, claims extrapolated from L1 and L2",,,24394072064,393216,6,65536,,131.62572037169298
qwen3-4b,8,36,1024,cnn16c,False,fs,128,35475456,14034944,110379008,108510.94090300922,159997918.940903,,,"model, claims extrapolated from L1 and L2",,,24394072064,393216,6,65536,,130.78556794038664
opt-125m,2048,1,50272,tightc,False,int,128,69407104.0,1107860.0,1217148.0,67616.0,71799728.0,67862.25315591533,71799974.25315592,run_query,2,79.45452239998849,449875968,307200,5,262144,702602454.253156,
opt-125m,2048,1,50272,tightc,False,fs,128,69407104.0,1551004.0,1788836.0,92656.0,72839600.0,92403.02630023002,72839347.02630024,run_query,2,79.45452239998849,449875968,307200,5,262144,707294707.0263002,
opt-125m,2048,1,50272,R8c,False,int,128,69407104.0,1107860.0,983504.0,80320.0,71578788.0,80380.5243835675,71578848.52438357,run_query,2,121.30921840004157,692133888,868352,6,524288,700385708.5243835,
opt-125m,2048,1,50272,R8c,False,fs,128,69407104.0,1551004.0,1444516.0,111440.0,72514064.0,110747.0437336126,72513371.04373361,run_query,2,121.30921840004157,692133888,868352,6,524288,704026011.0437336,
opt-125m,2048,1,50272,cnn16c,False,int,128,69407104.0,1107860.0,1032516.0,56880.0,71604360.0,56692.55344774226,71604172.55344774,run_query,2,70.67556709999917,453181440,327680,4,131072,698922644.5534477,
opt-125m,2048,1,50272,cnn16c,False,fs,128,69407104.0,1551004.0,1521116.0,78368.0,72557592.0,78573.9263927162,72557797.92639272,run_query,2,70.67556709999917,453181440,327680,4,131072,701939341.9263927,
opt-125m,2048,2,50272,tightc,False,int,128,126030208.0,1169320.0,1878264.0,68400.0,129146192.0,67862.25315591533,129145654.25315592,run_query,2,82.68249719997402,490807296,307200,5,262144,702602454.253156,
opt-125m,2048,2,50272,tightc,False,fs,128,126030208.0,1637048.0,2757448.0,92320.0,130517024.0,92403.02630023002,130517107.02630024,run_query,2,82.68249719997402,490807296,307200,5,262144,707294707.0263002,
opt-125m,2048,2,50272,R8c,False,int,128,126030208.0,1169320.0,1463200.0,80320.0,128743048.0,80380.5243835675,128743108.52438357,run_query,2,131.94861920003314,773996544,868352,6,524288,700385708.5243835,
opt-125m,2048,2,50272,R8c,False,fs,128,126030208.0,1637048.0,2145608.0,110448.0,129923312.0,110747.0437336126,129923611.04373361,run_query,2,131.94861920003314,773996544,868352,6,524288,704026011.0437336,
opt-125m,2048,2,50272,cnn16c,False,int,128,126030208.0,1169320.0,1376904.0,56544.0,128632976.0,56692.55344774226,128633124.55344774,run_query,2,99.08952219999628,654704640,327680,4,131072,698922644.5534477,
opt-125m,2048,2,50272,cnn16c,False,fs,128,126030208.0,1637048.0,2028472.0,79104.0,129774832.0,78573.9263927162,129774301.92639272,run_query,2,99.08952219999628,654704640,327680,4,131072,701939341.9263927,
opt-125m,2048,12,50272,tightc,False,int,128,692261248,1783920,8489424,67862.25315591533,702602454.253156,,,"model, claims extrapolated from L1 and L2",,,900120576,307200,5,262144,,130.11417161975837
opt-125m,2048,12,50272,tightc,False,fs,128,692261248,2497488,12443568,92403.02630023002,707294707.0263002,,,"model, claims extrapolated from L1 and L2",,,900120576,307200,5,262144,,129.9979648691645
opt-125m,2048,12,50272,R8c,False,int,128,692261248,1783920,6260160,80380.5243835675,700385708.5243835,,,"model, claims extrapolated from L1 and L2",,,1592623104,868352,6,524288,,131.5208601337457
opt-125m,2048,12,50272,R8c,False,fs,128,692261248,2497488,9156528,110747.0437336126,704026011.0437336,,,"model, claims extrapolated from L1 and L2",,,1592623104,868352,6,524288,,131.31199749781834
opt-125m,2048,12,50272,cnn16c,False,int,128,692261248,1783920,4820784,56692.55344774226,698922644.5534477,,,"model, claims extrapolated from L1 and L2",,,2669936640,327680,4,131072,,131.0265220357242
opt-125m,2048,12,50272,cnn16c,False,fs,128,692261248,2497488,7102032,78573.9263927162,701939341.9263927,,,"model, claims extrapolated from L1 and L2",,,2669936640,327680,4,131072,,131.66061400054872
