model,seq,layers,vocab,policy,wire,challenges,lam,bytes_claims,bytes_u,bytes_columns,bytes_paths,bytes_total,source,queries,commit_s,encoded_entries,leaves,trees,max_n,whole_model_total
gpt2,64,12,50257,paper,False,int,128,21827908,2701300,36648464,894498.8150170617,62072170.81501706,model,3,,863309824,712704,75,262144,62072170.81501706
gpt2,64,12,50257,paper,False,fs,128,21827908,3781820,53894800,1185228.5902890977,80689756.5902891,model,3,,863309824,712704,75,262144,80689756.5902891
gpt2,64,12,50257,paper,True,int,128,11719513,2616896,35503308,894498.8150170617,50734215.81501706,model,3,,863309824,712704,75,262144,
gpt2,64,12,50257,paper,True,fs,128,11719513,3663704,52210696,1185228.5902890977,68779141.5902891,model,3,,863309824,712704,75,262144,
gpt2,512,12,50257,paper,False,int,128,173216068,2701300,36648464,894498.8150170617,213460330.81501707,model,3,,863309824,712704,75,262144,213460330.81501707
gpt2,512,12,50257,paper,False,fs,128,173216068,3781820,53894800,1185228.5902890977,232077916.5902891,model,3,,863309824,712704,75,262144,232077916.5902891
gpt2,512,12,50257,paper,True,int,128,91294543,2616896,35503308,894498.8150170617,130309245.81501706,model,3,,863309824,712704,75,262144,
gpt2,512,12,50257,paper,True,fs,128,91294543,3663704,52210696,1185228.5902890977,148354171.5902891,model,3,,863309824,712704,75,262144,
gpt2,64,12,50257,cnn16,False,int,128,21827908,2701300,12425176,55252.34927300527,37009636.349273,model,3,,8880455680,327680,4,131072,37009636.349273
gpt2,64,12,50257,cnn16,False,fs,128,21827908,3781820,17616700,76416.34635678963,43302844.34635679,model,3,,8880455680,327680,4,131072,43302844.34635679
gpt2,64,12,50257,cnn16,True,int,128,11719513,2616896,12036928,55252.34927300527,26428589.349273004,model,3,,8880455680,327680,4,131072,
gpt2,64,12,50257,cnn16,True,fs,128,11719513,3663704,17066244,76416.34635678963,32525877.34635679,model,3,,8880455680,327680,4,131072,
gpt2,512,12,50257,cnn16,False,int,128,173216068,2701300,12425176,55252.34927300527,188397796.349273,model,3,,8880455680,327680,4,131072,188397796.349273
gpt2,512,12,50257,cnn16,False,fs,128,173216068,3781820,17616700,76416.34635678963,194691004.34635678,model,3,,8880455680,327680,4,131072,194691004.34635678
gpt2,512,12,50257,cnn16,True,int,128,91294543,2616896,12036928,55252.34927300527,106003619.34927301,model,3,,8880455680,327680,4,131072,
gpt2,512,12,50257,cnn16,True,fs,128,91294543,3663704,17066244,76416.34635678963,112100907.3463568,model,3,,8880455680,327680,4,131072,
gpt2,64,12,50257,cnn16c,False,int,128,21827908,1763140,4805424,64508.88885735789,28460980.888857357,model,3,,2669936640,393216,5,131072,28460980.888857357
gpt2,64,12,50257,cnn16c,False,fs,128,21827908,2468396,7077456,89504.76638411079,31463264.76638411,model,3,,2669936640,393216,5,131072,31463264.76638411
gpt2,64,12,50257,cnn16c,True,int,128,11719513,1708100,4655332,64508.88885735789,18147453.888857357,model,3,,2669936640,393216,5,131072,
gpt2,64,12,50257,cnn16c,True,fs,128,11719513,2391340,6856332,89504.76638411079,21056689.76638411,model,3,,2669936640,393216,5,131072,
gpt2,512,12,50257,cnn16c,False,int,128,173216068,1763140,4805424,64508.88885735789,179849140.88885736,model,3,,2669936640,393216,5,131072,179849140.88885736
gpt2,512,12,50257,cnn16c,False,fs,128,173216068,2468396,7077456,89504.76638411079,182851424.76638412,model,3,,2669936640,393216,5,131072,182851424.76638412
gpt2,512,12,50257,cnn16c,True,int,128,91294543,1708100,4655332,64508.88885735789,97722483.88885736,model,3,,2669936640,393216,5,131072,
gpt2,512,12,50257,cnn16c,True,fs,128,91294543,2391340,6856332,89504.76638411079,100631719.76638411,model,3,,2669936640,393216,5,131072,
gpt2,64,12,50257,cnn17,False,int,128,21827908,2701300,10706956,53814.27908364203,35289978.27908364,model,3,,17660248064,524288,4,131072,35289978.27908364
gpt2,64,12,50257,cnn17,False,fs,128,21827908,3781820,15285804,74477.9793170721,40970009.97931707,model,3,,17660248064,524288,4,131072,40970009.97931707
gpt2,64,12,50257,cnn17,True,int,128,11719513,2616896,10372476,53814.27908364203,24762699.279083643,model,3,,17660248064,524288,4,131072,
gpt2,64,12,50257,cnn17,True,fs,128,11719513,3663704,14808204,74477.9793170721,30265898.979317073,model,3,,17660248064,524288,4,131072,
gpt2,512,12,50257,cnn17,False,int,128,173216068,2701300,10706956,53814.27908364203,186678138.27908364,model,3,,17660248064,524288,4,131072,186678138.27908364
gpt2,512,12,50257,cnn17,False,fs,128,173216068,3781820,15285804,74477.9793170721,192358169.97931707,model,3,,17660248064,524288,4,131072,192358169.97931707
gpt2,512,12,50257,cnn17,True,int,128,91294543,2616896,10372476,53814.27908364203,104337729.27908364,model,3,,17660248064,524288,4,131072,
gpt2,512,12,50257,cnn17,True,fs,128,91294543,3663704,14808204,74477.9793170721,109840928.97931707,model,3,,17660248064,524288,4,131072,
gpt2,64,12,50257,cnn17c,False,int,128,21827908,1763140,4095168,62689.59439370611,27748905.594393708,model,3,,5138546688,655360,5,131072,27748905.594393708
gpt2,64,12,50257,cnn17c,False,fs,128,21827908,2468396,5992080,86801.34168129774,30375185.341681298,model,3,,5138546688,655360,5,131072,30375185.341681298
gpt2,64,12,50257,cnn17c,True,int,128,11719513,1708100,3967256,62689.59439370611,17457558.594393708,model,3,,5138546688,655360,5,131072,
gpt2,64,12,50257,cnn17c,True,fs,128,11719513,2391340,5804936,86801.34168129774,20002590.341681298,model,3,,5138546688,655360,5,131072,
gpt2,512,12,50257,cnn17c,False,int,128,173216068,1763140,4095168,62689.59439370611,179137065.5943937,model,3,,5138546688,655360,5,131072,179137065.5943937
gpt2,512,12,50257,cnn17c,False,fs,128,173216068,2468396,5992080,86801.34168129774,181763345.3416813,model,3,,5138546688,655360,5,131072,181763345.3416813
gpt2,512,12,50257,cnn17c,True,int,128,91294543,1708100,3967256,62689.59439370611,97032588.5943937,model,3,,5138546688,655360,5,131072,
gpt2,512,12,50257,cnn17c,True,fs,128,91294543,2391340,5804936,86801.34168129774,99577620.3416813,model,3,,5138546688,655360,5,131072,
gpt2,64,12,50257,cnn18,False,int,128,21827908,2701300,9469316,36632.42150769816,34035156.4215077,model,3,,35320496128,786432,3,262144,34035156.4215077
gpt2,64,12,50257,cnn18,False,fs,128,21827908,3781820,13912996,51258.59573155593,39573982.59573156,model,3,,35320496128,786432,3,262144,39573982.59573156
gpt2,64,12,50257,cnn18,True,int,128,11719513,2616896,9173520,36632.42150769816,23546561.421507698,model,3,,35320496128,786432,3,262144,
gpt2,64,12,50257,cnn18,True,fs,128,11719513,3663704,13478304,51258.59573155593,28912779.595731556,model,3,,35320496128,786432,3,262144,
gpt2,512,12,50257,cnn18,False,int,128,173216068,2701300,9469316,36632.42150769816,185423316.4215077,model,3,,35320496128,786432,3,262144,185423316.4215077
gpt2,512,12,50257,cnn18,False,fs,128,173216068,3781820,13912996,51258.59573155593,190962142.59573156,model,3,,35320496128,786432,3,262144,190962142.59573156
gpt2,512,12,50257,cnn18,True,int,128,91294543,2616896,9173520,36632.42150769816,103121591.4215077,model,3,,35320496128,786432,3,262144,
gpt2,512,12,50257,cnn18,True,fs,128,91294543,3663704,13478304,51258.59573155593,108487809.59573156,model,3,,35320496128,786432,3,262144,
gpt2,64,12,50257,cnn18c,False,int,128,21827908,1763140,3391248,44840.362067255555,27027136.362067256,model,3,,10277093376,1048576,4,262144,27027136.362067256
gpt2,64,12,50257,cnn18c,False,fs,128,21827908,2468396,4983888,62997.47258503862,29343189.472585037,model,3,,10277093376,1048576,4,262144,29343189.472585037
gpt2,64,12,50257,cnn18c,True,int,128,11719513,1708100,3285380,44840.362067255555,16757833.362067256,model,3,,10277093376,1048576,4,262144,
gpt2,64,12,50257,cnn18c,True,fs,128,11719513,2391340,4828188,62997.47258503862,19002038.472585037,model,3,,10277093376,1048576,4,262144,
gpt2,512,12,50257,cnn18c,False,int,128,173216068,1763140,3391248,44840.362067255555,178415296.36206725,model,3,,10277093376,1048576,4,262144,178415296.36206725
gpt2,512,12,50257,cnn18c,False,fs,128,173216068,2468396,4983888,62997.47258503862,180731349.47258505,model,3,,10277093376,1048576,4,262144,180731349.47258505
gpt2,512,12,50257,cnn18c,True,int,128,91294543,1708100,3285380,44840.362067255555,96332863.36206725,model,3,,10277093376,1048576,4,262144,
gpt2,512,12,50257,cnn18c,True,fs,128,91294543,2391340,4828188,62997.47258503862,98577068.47258504,model,3,,10277093376,1048576,4,262144,
gpt2,64,12,50257,R16,False,int,128,21827908,2701300,16897852,49770.557172299224,41476830.5571723,model,3,,2839822336,348160,4,262144,41476830.5571723
gpt2,64,12,50257,R16,False,fs,128,21827908,3781820,24569076,68235.00715830218,50247039.0071583,model,3,,2839822336,348160,4,262144,50247039.0071583
gpt2,64,12,50257,R16,True,int,128,11719513,2616896,16369860,49770.557172299224,30756039.5571723,model,3,,2839822336,348160,4,262144,
gpt2,64,12,50257,R16,True,fs,128,11719513,3663704,23801304,68235.00715830218,39252756.0071583,model,3,,2839822336,348160,4,262144,
gpt2,512,12,50257,R16,False,int,128,173216068,2701300,16897852,49770.557172299224,192864990.5571723,model,3,,2839822336,348160,4,262144,192864990.5571723
gpt2,512,12,50257,R16,False,fs,128,173216068,3781820,24569076,68235.00715830218,201635199.0071583,model,3,,2839822336,348160,4,262144,201635199.0071583
gpt2,512,12,50257,R16,True,int,128,91294543,2616896,16369860,49770.557172299224,110331069.5571723,model,3,,2839822336,348160,4,262144,
gpt2,512,12,50257,R16,True,fs,128,91294543,3663704,23801304,68235.00715830218,118827786.00715831,model,3,,2839822336,348160,4,262144,
gpt2,64,12,50257,R16c,False,int,128,21827908,1763140,4941024,73093.0651133798,28605165.06511338,model,3,,2974482432,1462272,6,1048576,28605165.06511338
gpt2,64,12,50257,R16c,False,fs,128,21827908,2468396,7302384,101346.22335994603,31700034.223359946,model,3,,2974482432,1462272,6,1048576,31700034.223359946
gpt2,64,12,50257,R16c,True,int,128,11719513,1708100,4786648,73093.0651133798,18287354.06511338,model,3,,2974482432,1462272,6,1048576,
gpt2,64,12,50257,R16c,True,fs,128,11719513,2391340,7074200,101346.22335994603,21286399.223359946,model,3,,2974482432,1462272,6,1048576,
gpt2,512,12,50257,R16c,False,int,128,173216068,1763140,4941024,73093.0651133798,179993325.06511337,model,3,,2974482432,1462272,6,1048576,179993325.06511337
gpt2,512,12,50257,R16c,False,fs,128,173216068,2468396,7302384,101346.22335994603,183088194.22335994,model,3,,2974482432,1462272,6,1048576,183088194.22335994
gpt2,512,12,50257,R16c,True,int,128,91294543,1708100,4786648,73093.0651133798,97862384.06511338,model,3,,2974482432,1462272,6,1048576,
gpt2,512,12,50257,R16c,True,fs,128,91294543,2391340,7074200,101346.22335994603,100861429.22335994,model,3,,2974482432,1462272,6,1048576,
gpt2,64,12,50257,R64,False,int,128,21827908,2701300,12102616,47999.83497149467,36679823.834971495,model,3,,10745872384,593920,4,262144,36679823.834971495
gpt2,64,12,50257,R64,False,fs,128,21827908,3781820,17109820,65609.00481674679,42785157.00481675,model,3,,10745872384,593920,4,262144,42785157.00481675
gpt2,64,12,50257,R64,True,int,128,11719513,2616896,11724448,47999.83497149467,26108856.834971495,model,3,,10745872384,593920,4,262144,
gpt2,64,12,50257,R64,True,fs,128,11719513,3663704,16575204,65609.00481674679,32024030.00481675,model,3,,10745872384,593920,4,262144,
gpt2,512,12,50257,R64,False,int,128,173216068,2701300,12102616,47999.83497149467,188067983.8349715,model,3,,10745872384,593920,4,262144,188067983.8349715
gpt2,512,12,50257,R64,False,fs,128,173216068,3781820,17109820,65609.00481674679,194173317.00481674,model,3,,10745872384,593920,4,262144,194173317.00481674
gpt2,512,12,50257,R64,True,int,128,91294543,2616896,11724448,47999.83497149467,105683886.83497149,model,3,,10745872384,593920,4,262144,
gpt2,512,12,50257,R64,True,fs,128,91294543,3663704,16575204,65609.00481674679,111599060.00481674,model,3,,10745872384,593920,4,262144,
gpt2,64,12,50257,R64c,False,int,128,21827908,1763140,3621888,67953.2371778347,27280889.237177834,model,3,,11284512768,5050368,6,4194304,27280889.237177834
gpt2,64,12,50257,R64c,False,fs,128,21827908,2468396,5266800,93868.25308223764,29656972.25308224,model,3,,11284512768,5050368,6,4194304,29656972.25308224
gpt2,64,12,50257,R64c,True,int,128,11719513,1708100,3508704,67953.2371778347,17004270.237177834,model,3,,11284512768,5050368,6,4194304,
gpt2,64,12,50257,R64c,True,fs,128,11719513,2391340,5102228,93868.25308223764,19306949.25308224,model,3,,11284512768,5050368,6,4194304,
gpt2,512,12,50257,R64c,False,int,128,173216068,1763140,3621888,67953.2371778347,178669049.23717785,model,3,,11284512768,5050368,6,4194304,178669049.23717785
gpt2,512,12,50257,R64c,False,fs,128,173216068,2468396,5266800,93868.25308223764,181045132.25308225,model,3,,11284512768,5050368,6,4194304,181045132.25308225
gpt2,512,12,50257,R64c,True,int,128,91294543,1708100,3508704,67953.2371778347,96579300.23717783,model,3,,11284512768,5050368,6,4194304,
gpt2,512,12,50257,R64c,True,fs,128,91294543,2391340,5102228,93868.25308223764,98881979.25308223,model,3,,11284512768,5050368,6,4194304,
