model,seq,layers,vocab,policy,wire,challenges,lam,bytes_claims,bytes_u,bytes_columns,bytes_paths,bytes_total,source,queries,commit_s,encoded_entries,leaves,trees,max_n,whole_model_total,soundness_bits
qwen3-4b,8,4,151936,paper,False,int,128,4621824,5219840,76555776,496414.242887437,86893854.24288744,model,3,,7690256384,1720320,30,1048576,410326824.865373,
qwen3-4b,8,4,151936,paper,False,fs,128,4621824,7307776,112059904,673587.6959292123,124663091.69592921,model,3,,7690256384,1720320,30,1048576,582022546.8801695,
qwen3-4b,8,4,151936,paper,True,int,128,2638613,5056720,74163408,496414.242887437,82355155.24288744,model,3,,7690256384,1720320,30,1048576,,
qwen3-4b,8,4,151936,paper,True,fs,128,2638613,7079408,108558032,673587.6959292123,118949640.69592921,model,3,,7690256384,1720320,30,1048576,,
qwen3-4b,8,4,151936,tight,False,int,128,4621824,5219840,57270784,64450.28312048408,67176898.28312048,model,3,,7690256384,1146880,4,1048576,321784258.2831205,
qwen3-4b,8,4,151936,tight,False,fs,128,4621824,7307776,84134400,88456.01802333395,96152456.01802333,model,3,,7690256384,1146880,4,1048576,453913480.0180233,
qwen3-4b,8,4,151936,tight,True,int,128,2638613,5056720,55481072,64450.28312048408,63240855.28312048,model,3,,7690256384,1146880,4,1048576,,
qwen3-4b,8,4,151936,tight,True,fs,128,2638613,7079408,81505200,88456.01802333395,91311677.01802333,model,3,,7690256384,1146880,4,1048576,,
qwen3-4b,8,4,151936,R16,False,int,128,4621824,5219840,33653760,53988.71448189519,43549412.7144819,model,3,,22707961856,1441792,4,1048576,211321572.7144819,
qwen3-4b,8,4,151936,R16,False,fs,128,4621824,7307776,48343552,75091.99765719254,60348243.997657195,model,3,,22707961856,1441792,4,1048576,287364947.9976572,
qwen3-4b,8,4,151936,R16,True,int,128,2638613,5056720,32602080,53988.71448189519,40351401.7144819,model,3,,22707961856,1441792,4,1048576,,
qwen3-4b,8,4,151936,R16,True,fs,128,2638613,7079408,46832816,75091.99765719254,56625928.997657195,model,3,,22707961856,1441792,4,1048576,,
qwen3-4b,8,4,151936,R64,False,int,128,4621824,5219840,23678464,49340.21671373701,33569468.216713734,model,3,,82778783744,2621440,4,1048576,165296828.21671373,
qwen3-4b,8,4,151936,R64,False,fs,128,4621824,7307776,34906624,69051.07265669573,46905275.0726567,model,3,,82778783744,2621440,4,1048576,224769979.0726567,
qwen3-4b,8,4,151936,R64,True,int,128,2638613,5056720,22938512,49340.21671373701,30683185.216713738,model,3,,82778783744,2621440,4,1048576,,
qwen3-4b,8,4,151936,R64,True,fs,128,2638613,7079408,33815792,69051.07265669573,43602864.0726567,model,3,,82778783744,2621440,4,1048576,,
qwen3-4b,8,8,151936,paper,False,int,128,8553984,7349760,110470656,948575.5706981372,127322975.57069814,model,3,,10206838784,2375680,58,1048576,410326824.865373,
qwen3-4b,8,8,151936,paper,False,fs,128,8553984,10289664,161703424,1285951.5939592393,181833023.59395924,model,3,,10206838784,2375680,58,1048576,582022546.8801695,
qwen3-4b,8,8,151936,paper,True,int,128,4906719,7120080,107018448,948575.5706981372,119993822.57069814,model,3,,10206838784,2375680,58,1048576,,
qwen3-4b,8,8,151936,paper,True,fs,128,4906719,9968112,156650192,1285951.5939592393,172810974.59395924,model,3,,10206838784,2375680,58,1048576,,
qwen3-4b,8,8,151936,tight,False,int,128,8553984,7349760,83034624,64450.28312048408,99002818.28312048,model,3,,10206838784,1146880,4,1048576,321784258.2831205,
qwen3-4b,8,8,151936,tight,False,fs,128,8553984,10289664,121940480,88456.01802333395,140872584.01802334,model,3,,10206838784,1146880,4,1048576,453913480.0180233,
qwen3-4b,8,8,151936,tight,True,int,128,4906719,7120080,80439792,64450.28312048408,92531041.28312048,model,3,,10206838784,1146880,4,1048576,,
qwen3-4b,8,8,151936,tight,True,fs,128,4906719,9968112,118129840,88456.01802333395,133093127.01802333,model,3,,10206838784,1146880,4,1048576,,
qwen3-4b,8,8,151936,R16,False,int,128,8553984,7349760,48563200,53988.71448189519,64520932.7144819,model,3,,32774291456,1441792,4,1048576,211321572.7144819,
qwen3-4b,8,8,151936,R16,False,fs,128,8553984,10289664,69806592,75091.99765719254,88725331.9976572,model,3,,32774291456,1441792,4,1048576,287364947.9976572,
qwen3-4b,8,8,151936,R16,True,int,128,4906719,7120080,47045600,53988.71448189519,59126387.7144819,model,3,,32774291456,1441792,4,1048576,,
qwen3-4b,8,8,151936,R16,True,fs,128,4906719,9968112,67625136,75091.99765719254,82575058.9976572,model,3,,32774291456,1441792,4,1048576,,
qwen3-4b,8,8,151936,R64,False,int,128,8553984,7349760,34082304,49340.21671373701,50035388.216713734,model,3,,123044102144,2621440,4,1048576,165296828.21671373,
qwen3-4b,8,8,151936,R64,False,fs,128,8553984,10289664,50225664,69051.07265669573,69138363.07265669,model,3,,123044102144,2621440,4,1048576,224769979.0726567,
qwen3-4b,8,8,151936,R64,True,int,128,4906719,7120080,33017232,49340.21671373701,45093371.216713734,model,3,,123044102144,2621440,4,1048576,,
qwen3-4b,8,8,151936,R64,True,fs,128,4906719,9968112,48656112,69051.07265669573,63599994.0726567,model,3,,123044102144,2621440,4,1048576,,
qwen3-4b,8,36,151936,paper,False,int,128,36079104,22259200,347874816,4113704.8653730312,410326824.865373,"model, claims extrapolated from L4 and L8",,,27822915584,6963200,254,1048576,,133.47850576522154
qwen3-4b,8,36,151936,paper,False,fs,128,36079104,31162880,509208064,5572498.88016946,582022546.8801695,"model, claims extrapolated from L4 and L8",,,27822915584,6963200,254,1048576,,134.21267386415622
qwen3-4b,8,36,151936,paper,True,int,128,20783461.0,21563600,337003728,4113704.8653730312,383464493.865373,"model, claims extrapolated from L4 and L8",,,27822915584,6963200,254,1048576,,133.47850576522154
qwen3-4b,8,36,151936,paper,True,fs,128,20783461.0,30189040,493295312,5572498.88016946,549840311.8801695,"model, claims extrapolated from L4 and L8",,,27822915584,6963200,254,1048576,,134.21267386415622
qwen3-4b,8,36,151936,tight,False,int,128,36079104,22259200,263381504,64450.28312048408,321784258.2831205,"model, claims extrapolated from L4 and L8",,,27822915584,1146880,4,1048576,,129.4448418218583
qwen3-4b,8,36,151936,tight,False,fs,128,36079104,31162880,386583040,88456.01802333395,453913480.0180233,"model, claims extrapolated from L4 and L8",,,27822915584,1146880,4,1048576,,129.91581046333735
qwen3-4b,8,36,151936,tight,True,int,128,20783461.0,21563600,255150832,64450.28312048408,297562343.2831205,"model, claims extrapolated from L4 and L8",,,27822915584,1146880,4,1048576,,129.4448418218583
qwen3-4b,8,36,151936,tight,True,fs,128,20783461.0,30189040,374502320,88456.01802333395,425563277.0180233,"model, claims extrapolated from L4 and L8",,,27822915584,1146880,4,1048576,,129.91581046333735
qwen3-4b,8,36,151936,R16,False,int,128,36079104,22259200,152929280,53988.71448189519,211321572.7144819,"model, claims extrapolated from L4 and L8",,,103238598656,1441792,4,1048576,,131.7248311107263
qwen3-4b,8,36,151936,R16,False,fs,128,36079104,31162880,220047872,75091.99765719254,287364947.9976572,"model, claims extrapolated from L4 and L8",,,103238598656,1441792,4,1048576,,130.0902949502106
qwen3-4b,8,36,151936,R16,True,int,128,20783461.0,21563600,148150240,53988.71448189519,190551289.7144819,"model, claims extrapolated from L4 and L8",,,103238598656,1441792,4,1048576,,131.7248311107263
qwen3-4b,8,36,151936,R16,True,fs,128,20783461.0,30189040,213171376,75091.99765719254,264218968.99765718,"model, claims extrapolated from L4 and L8",,,103238598656,1441792,4,1048576,,130.0902949502106
qwen3-4b,8,36,151936,R64,False,int,128,36079104,22259200,106909184,49340.21671373701,165296828.21671373,"model, claims extrapolated from L4 and L8",,,404901330944,2621440,4,1048576,,131.83706646519138
qwen3-4b,8,36,151936,R64,False,fs,128,36079104,31162880,157458944,69051.07265669573,224769979.0726567,"model, claims extrapolated from L4 and L8",,,404901330944,2621440,4,1048576,,132.82915206330475
qwen3-4b,8,36,151936,R64,True,int,128,20783461.0,21563600,103568272,49340.21671373701,145964673.21671373,"model, claims extrapolated from L4 and L8",,,404901330944,2621440,4,1048576,,131.83706646519138
qwen3-4b,8,36,151936,R64,True,fs,128,20783461.0,30189040,152538352,69051.07265669573,203579904.0726567,"model, claims extrapolated from L4 and L8",,,404901330944,2621440,4,1048576,,132.82915206330475
