model,seq,layers,vocab,policy,wire,challenges,lam,bytes_claims,bytes_u,bytes_columns,bytes_paths,bytes_total,model_paths,model_total,source,queries,commit_s,encoded_entries,leaves,trees,max_n
lenet5,,,,paper,False,int,128,26072,15680,62304,26592,130648,26908.55482492283,130964.55482492283,run_query,5,0.04015580000123009,311040,4224,5,2048
lenet5,,,,paper,False,fs,128,26072,21952,92512,32256,172792,32202.034848356532,172738.03484835653,run_query,5,0.04015580000123009,311040,4224,5,2048
lenet5,,,,paper,True,int,128,13472,15252,60388,26592,115726,26908.55482492283,116020.55482492283,run_query,5,0.04015580000123009,311040,4224,5,2048
lenet5,,,,paper,True,fs,128,13472,21328,89652,32032,156574,32202.034848356532,156654.03484835653,run_query,5,0.04015580000123009,311040,4224,5,2048
lenet5,,,,tight,False,int,128,26072,15680,50104,19104,110960,19066.07296197322,110922.07296197322,run_query,5,0.03825819998746738,311040,3712,4,2048
lenet5,,,,tight,False,fs,128,26072,21952,71216,23328,142568,23309.550317472946,142549.55031747295,run_query,5,0.03825819998746738,311040,3712,4,2048
lenet5,,,,tight,True,int,128,13472,15252,48608,19104,96526,19066.07296197322,96398.07296197322,run_query,5,0.03825819998746738,311040,3712,4,2048
lenet5,,,,tight,True,fs,128,13472,21328,69068,23296,127164,23309.550317472946,127177.55031747295,run_query,5,0.03825819998746738,311040,3712,4,2048
lenet5,,,,cnn16,False,int,128,26072,15680,16992,6272,65016,6325.687096698918,65069.687096698915,run_query,5,1.9191734999767505,15466496,65536,1,65536
lenet5,,,,cnn16,False,fs,128,26072,21952,25488,8864,82376,8972.046098603258,82484.04609860326,run_query,5,1.9191734999767505,15466496,65536,1,65536
lenet5,,,,cnn16,True,int,128,13472,15252,16492,6272,51488,6325.687096698918,51541.687096698915,run_query,5,1.9191734999767505,15466496,65536,1,65536
lenet5,,,,cnn16,True,fs,128,13472,21328,24800,8992,68592,8972.046098603258,68572.04609860326,run_query,5,1.9191734999767505,15466496,65536,1,65536
lenet5,,,,cnn17,False,int,128,26072,15680,15104,6368,63224,6224.017939975767,63080.01793997577,run_query,5,3.8894611000432633,30932992,131072,1,131072
lenet5,,,,cnn17,False,fs,128,26072,21952,22656,8896,79576,8875.315310064076,79555.31531006408,run_query,5,3.8894611000432633,30932992,131072,1,131072
lenet5,,,,cnn17,True,int,128,13472,15252,14632,6368,49722,6224.017939975767,49580.01793997577,run_query,5,3.8894611000432633,30932992,131072,1,131072
lenet5,,,,cnn17,True,fs,128,13472,21328,21948,8768,65493,8875.315310064076,65623.31531006408,run_query,5,3.8894611000432633,30932992,131072,1,131072
lenet5,,,,cnn18,False,int,128,26072,15680,14160,6272,62184,6361.002653706077,62273.00265370608,run_query,5,8.92377310001757,61865984,262144,1,262144
lenet5,,,,cnn18,False,fs,128,26072,21952,19824,8512,76360,8569.874704487389,76417.87470448739,run_query,5,8.92377310001757,61865984,262144,1,262144
lenet5,,,,cnn18,True,int,128,13472,15252,13764,6272,48760,6361.002653706077,48849.00265370608,run_query,5,8.92377310001757,61865984,262144,1,262144
lenet5,,,,cnn18,True,fs,128,13472,21328,19220,8480,62500,8569.874704487389,62589.87470448739,run_query,5,8.92377310001757,61865984,262144,1,262144
lenet5,,,,R8,False,int,128,26072,15680,36560,19776,98088,20088.612569992543,98400.61256999255,run_query,5,0.08808750001480803,622080,7424,4,4096
lenet5,,,,R8,False,fs,128,26072,21952,52552,25632,126208,25371.932179779724,125947.93217977972,run_query,5,0.08808750001480803,622080,7424,4,4096
lenet5,,,,R8,True,int,128,13472,15252,35464,19776,84054,20088.612569992543,84276.61256999255,run_query,5,0.08808750001480803,622080,7424,4,4096
lenet5,,,,R8,True,fs,128,13472,21328,50964,25664,111426,25371.932179779724,111135.93217977972,run_query,5,0.08808750001480803,622080,7424,4,4096
lenet5,,,,R16,False,int,128,26072,15680,28360,20320,90432,20497.409830629265,90609.40983062927,run_query,5,0.2450304999947548,1244160,14848,4,8192
lenet5,,,,R16,False,fs,128,26072,21952,41704,26016,115744,26797.127186726142,116525.12718672614,run_query,5,0.2450304999947548,1244160,14848,4,8192
lenet5,,,,R16,True,int,128,13472,15252,27528,20320,76549,20497.409830629265,76749.40983062927,run_query,5,0.2450304999947548,1244160,14848,4,8192
lenet5,,,,R16,True,fs,128,13472,21328,40424,26656,101880,26797.127186726142,102021.12718672614,run_query,5,0.2450304999947548,1244160,14848,4,8192
lenet5,,,,R64,False,int,128,26072,15680,20088,20832,82672,21232.308874133836,83072.30887413383,run_query,5,1.0737505000433885,4976640,59392,4,32768
lenet5,,,,R64,False,fs,128,26072,21952,29392,28960,106376,28679.864651664437,106095.86465166444,run_query,5,1.0737505000433885,4976640,59392,4,32768
lenet5,,,,R64,True,int,128,13472,15252,19468,20832,69001,21232.308874133836,69424.30887413383,run_query,5,1.0737505000433885,4976640,59392,4,32768
lenet5,,,,R64,True,fs,128,13472,21328,28520,28832,92152,28679.864651664437,91999.86465166444,run_query,5,1.0737505000433885,4976640,59392,4,32768
