model,layers,vocab,prune_last,seq,mode,policy,lookups,wire,challenges,lam,bytes_claims,bytes_u,bytes_columns,bytes_paths,bytes_total,source,queries,commit_s,encoded_entries,leaves,trees,max_n,whole_model_total
gpt2,12,50257,True,64,C,paper,False,False,int,128,20473156,2701300,36648464,894498.8150170617,60717418.81501706,model,3,,863309824,712704,75,262144,60717418.81501706
gpt2,12,50257,True,64,C,paper,False,False,fs,128,20473156,3781820,53894800,1185228.5902890977,79335004.5902891,model,3,,863309824,712704,75,262144,79335004.5902891
gpt2,12,50257,True,64,C,paper,False,True,int,128,10996413,2616896,35503308,894498.8150170617,50011115.81501706,model,3,,863309824,712704,75,262144,
gpt2,12,50257,True,64,C,paper,False,True,fs,128,10996413,3663704,52210696,1185228.5902890977,68056041.5902891,model,3,,863309824,712704,75,262144,
gpt2,12,50257,True,512,C,paper,False,False,int,128,162227524,2701300,36648464,894498.8150170617,202471786.81501707,model,3,,863309824,712704,75,262144,202471786.81501707
gpt2,12,50257,True,512,C,paper,False,False,fs,128,162227524,3781820,53894800,1185228.5902890977,221089372.5902891,model,3,,863309824,712704,75,262144,221089372.5902891
gpt2,12,50257,True,512,C,paper,False,True,int,128,85534930,2616896,35503308,894498.8150170617,124549632.81501706,model,3,,863309824,712704,75,262144,
gpt2,12,50257,True,512,C,paper,False,True,fs,128,85534930,3663704,52210696,1185228.5902890977,142594558.5902891,model,3,,863309824,712704,75,262144,
gpt2,12,50257,True,64,C,tightc,False,False,int,128,20178244,737520,8302284,84515.95688874078,29302563.95688874,model,3,,689352704,373760,7,262144,29302363.503279153
gpt2,12,50257,True,64,C,tightc,False,False,fs,128,20178244,1032528,12167460,108431.81466105484,33486663.814661056,model,3,,689352704,373760,7,262144,33486463.36105147
gpt2,12,50257,True,64,C,tightc,False,True,int,128,10994384,714488,8042888,84515.95688874078,19836275.95688874,model,3,,689352704,373760,7,262144,
gpt2,12,50257,True,64,C,tightc,False,True,fs,128,10994384,1000308,11787316,108431.81466105484,23890439.814661056,model,3,,689352704,373760,7,262144,
gpt2,12,50257,True,512,C,tightc,False,False,int,128,159868228,737520,8302284,160835.95688874077,169068867.95688874,model,3,,689352704,373760,7,262144,169068876.19331035
gpt2,12,50257,True,512,C,tightc,False,False,fs,128,159868228,1032528,12167460,184751.81466105484,173252967.81466106,model,3,,689352704,373760,7,262144,173252976.05108264
gpt2,12,50257,True,512,C,tightc,False,True,int,128,85518954,714488,8042888,160835.95688874077,94435885.95688874,model,3,,689352704,373760,7,262144,
gpt2,12,50257,True,512,C,tightc,False,True,fs,128,85518954,1000308,11787316,184751.81466105484,98490049.81466106,model,3,,689352704,373760,7,262144,
gpt2,12,50257,True,64,C,cnn16c,False,False,int,128,20178244,737520,4492156,83426.430608552,25491346.430608552,model,3,,2569338880,459776,7,131072,25491145.976998966
gpt2,12,50257,True,64,C,cnn16c,False,False,fs,128,20178244,1032528,6610616,108659.03344216189,27930047.033442162,model,3,,2569338880,459776,7,131072,27929846.579832576
gpt2,12,50257,True,64,C,cnn16c,False,True,int,128,10994384,714488,4351780,83426.430608552,16144078.430608552,model,3,,2569338880,459776,7,131072,
gpt2,12,50257,True,64,C,cnn16c,False,True,fs,128,10994384,1000308,6404104,108659.03344216189,18507455.033442162,model,3,,2569338880,459776,7,131072,
gpt2,12,50257,True,512,C,cnn16c,False,False,int,128,159868228,737520,4492156,159746.430608552,165257650.43060854,model,3,,2569338880,459776,7,131072,165257658.66703016
gpt2,12,50257,True,512,C,cnn16c,False,False,fs,128,159868228,1032528,6610616,184979.0334421619,167696351.03344217,model,3,,2569338880,459776,7,131072,167696359.26986375
gpt2,12,50257,True,512,C,cnn16c,False,True,int,128,85518954,714488,4351780,159746.430608552,90743688.43060856,model,3,,2569338880,459776,7,131072,
gpt2,12,50257,True,512,C,cnn16c,False,True,fs,128,85518954,1000308,6404104,184979.0334421619,93107065.03344215,model,3,,2569338880,459776,7,131072,
gpt2,12,50257,True,64,C,cnn17c,False,False,int,128,20178244,737520,3791116,73457.3674886383,24780337.367488638,model,3,,5038014464,590848,6,131072,24780136.91387905
gpt2,12,50257,True,64,C,cnn17c,False,False,fs,128,20178244,1032528,5543676,94671.02755342808,26849119.027553428,model,3,,5038014464,590848,6,131072,26848918.573943842
gpt2,12,50257,True,64,C,cnn17c,False,True,int,128,10994384,714488,3672756,73457.3674886383,15455085.367488638,model,3,,5038014464,590848,6,131072,
gpt2,12,50257,True,64,C,cnn17c,False,True,fs,128,10994384,1000308,5370440,94671.02755342808,17459803.027553428,model,3,,5038014464,590848,6,131072,
gpt2,12,50257,True,512,C,cnn17c,False,False,int,128,159868228,737520,3791116,149777.3674886383,164546641.36748865,model,3,,5038014464,590848,6,131072,164546649.60391024
gpt2,12,50257,True,512,C,cnn17c,False,False,fs,128,159868228,1032528,5543676,170991.02755342808,166615423.02755344,model,3,,5038014464,590848,6,131072,166615431.26397502
gpt2,12,50257,True,512,C,cnn17c,False,True,int,128,85518954,714488,3672756,149777.3674886383,90054695.36748864,model,3,,5038014464,590848,6,131072,
gpt2,12,50257,True,512,C,cnn17c,False,True,fs,128,85518954,1000308,5370440,170991.02755342808,92059413.02755342,model,3,,5038014464,590848,6,131072,
gpt2,12,50257,True,64,C,cnn18c,False,False,int,128,20178244,737520,3216212,63176.362067255555,24195152.362067256,model,3,,10076028928,1115136,6,262144,24194951.90845767
gpt2,12,50257,True,64,C,cnn18c,False,False,fs,128,20178244,1032528,4685952,80979.75552691842,25977703.75552692,model,3,,10076028928,1115136,6,262144,25977503.301917333
gpt2,12,50257,True,64,C,cnn18c,False,True,int,128,10994384,714488,3115748,63176.362067255555,14887796.362067256,model,3,,10076028928,1115136,6,262144,
gpt2,12,50257,True,64,C,cnn18c,False,True,fs,128,10994384,1000308,4539516,80979.75552691842,16615187.755526919,model,3,,10076028928,1115136,6,262144,
gpt2,12,50257,True,512,C,cnn18c,False,False,int,128,159868228,737520,3216212,139496.36206725554,163961456.36206725,model,3,,10076028928,1115136,6,262144,163961464.59848884
gpt2,12,50257,True,512,C,cnn18c,False,False,fs,128,159868228,1032528,4685952,157299.75552691842,165744007.75552693,model,3,,10076028928,1115136,6,262144,165744015.99194852
gpt2,12,50257,True,512,C,cnn18c,False,True,int,128,85518954,714488,3115748,139496.36206725554,89487406.36206725,model,3,,10076028928,1115136,6,262144,
gpt2,12,50257,True,512,C,cnn18c,False,True,fs,128,85518954,1000308,4539516,157299.75552691842,91214797.75552692,model,3,,10076028928,1115136,6,262144,
gpt2,12,50257,True,64,C,R16c,False,False,int,128,20178244,737520,4664680,68992.04823827298,25649436.048238274,model,3,,2757410816,1295360,7,1048576,25649235.594628688
gpt2,12,50257,True,64,C,R16c,False,False,fs,128,20178244,1032528,6894000,89041.30486417325,28193813.304864172,model,3,,2757410816,1295360,7,1048576,28193612.851254586
gpt2,12,50257,True,64,C,R16c,False,True,int,128,10994384,714488,4518932,68992.04823827298,16296796.048238274,model,3,,2757410816,1295360,7,1048576,
gpt2,12,50257,True,64,C,R16c,False,True,fs,128,10994384,1000308,6678640,89041.30486417325,18762373.304864172,model,3,,2757410816,1295360,7,1048576,
gpt2,12,50257,True,512,C,R16c,False,False,int,128,159868228,737520,4664680,145312.04823827298,165415740.04823828,model,3,,2757410816,1295360,7,1048576,165415748.28465986
gpt2,12,50257,True,512,C,R16c,False,False,fs,128,159868228,1032528,6894000,165361.30486417323,167960117.30486417,model,3,,2757410816,1295360,7,1048576,167960125.54128578
gpt2,12,50257,True,512,C,R16c,False,True,int,128,85518954,714488,4518932,145312.04823827298,90896406.04823828,model,3,,2757410816,1295360,7,1048576,
gpt2,12,50257,True,512,C,R16c,False,True,fs,128,85518954,1000308,6678640,165361.30486417323,93361983.30486417,model,3,,2757410816,1295360,7,1048576,
gpt2,12,50257,True,64,C,R64c,False,False,int,128,20178244,737520,3314784,62967.59541663828,24293515.59541664,model,3,,11029643264,4981760,7,4194304,24293315.141807053
gpt2,12,50257,True,64,C,R64c,False,False,fs,128,20178244,1032528,4809200,80211.40633203942,26100183.40633204,model,3,,11029643264,4981760,7,4194304,26099982.952722453
gpt2,12,50257,True,64,C,R64c,False,True,int,128,10994384,714488,3211228,62967.59541663828,14983067.595416639,model,3,,11029643264,4981760,7,4194304,
gpt2,12,50257,True,64,C,R64c,False,True,fs,128,10994384,1000308,4658928,80211.40633203942,16733831.40633204,model,3,,11029643264,4981760,7,4194304,
gpt2,12,50257,True,512,C,R64c,False,False,int,128,159868228,737520,3314784,139287.59541663827,164059819.59541664,model,3,,11029643264,4981760,7,4194304,164059827.83183822
gpt2,12,50257,True,512,C,R64c,False,False,fs,128,159868228,1032528,4809200,156531.40633203942,165866487.40633205,model,3,,11029643264,4981760,7,4194304,165866495.64275363
gpt2,12,50257,True,512,C,R64c,False,True,int,128,85518954,714488,3211228,139287.59541663827,89582677.59541664,model,3,,11029643264,4981760,7,4194304,
gpt2,12,50257,True,512,C,R64c,False,True,fs,128,85518954,1000308,4658928,156531.40633203942,91333441.40633205,model,3,,11029643264,4981760,7,4194304,
gpt2,12,50257,True,64,Kpre,-,False,False,int,128,20473156,0,0,0.0,20473156.0,model,3,,,,,,20473156.0
gpt2,12,50257,True,64,Kpre,-,False,True,int,128,10996413,0,0,0.0,10996413.0,model,3,,,,,,
gpt2,12,50257,True,512,Kpre,-,False,False,int,128,162227524,0,0,0.0,162227524.0,model,3,,,,,,162227524.0
gpt2,12,50257,True,512,Kpre,-,False,True,int,128,85534930,0,0,0.0,85534930.0,model,3,,,,,,
gpt2,12,50257,True,64,Kpre,-,True,False,int,128,20079940,0,0,0.0,20079940.0,model,3,,,,,,20079940.0
gpt2,12,50257,True,64,Kpre,-,True,True,int,128,10896080,0,0,0.0,10896080.0,model,3,,,,,,
gpt2,12,50257,True,512,Kpre,-,True,False,int,128,159081796,0,0,0.0,159081796.0,model,3,,,,,,159081796.0
gpt2,12,50257,True,512,Kpre,-,True,True,int,128,84732522,0,0,0.0,84732522.0,model,3,,,,,,
