model,seq,mode,policy,prune_last,challenges,lam,reps,bytes_claims,bytes_u,bytes_columns,bytes_paths,bytes_total,soundness_bits,columns_opened,encoded_entries,leaves,trees,max_n,ratio_vs_paper,lookups
mlp_mnist,,C,paper,False,int,128,5,3112,31100,205392,30470.230823289814,270074.23082328984,152.94295060083238,198,3166208,10240,3,4096,1.0,
mlp_mnist,,C,paper,False,fs,128,7,3112,43540,304976,40069.26810112577,391697.2681011258,150.76327165771778,294,3166208,10240,3,4096,1.0,
mlp_mnist,,C,tightc,False,int,128,5,3112,25960,164904,17930.8269997072,211906.8269997072,130.13875993853867,107,3162176,8256,3,4096,0.7846243840211409,
mlp_mnist,,C,tightc,False,fs,128,7,3112,36344,239656,23714.468381988794,302826.4683819888,131.2862893701348,154,3162176,8256,3,4096,0.7731135574420374,
mlp_mnist,,C,cnn16c,False,int,128,5,3112,15400,79876,6628.434139133145,105016.43413913314,132.51100157589082,57,68878336,65536,1,65536,0.38884285190409607,
mlp_mnist,,C,cnn16c,False,fs,128,7,3112,21560,117712,9256.53958435262,151640.53958435263,132.11638536780472,84,68878336,65536,1,65536,0.38713708757652887,
mlp_mnist,,C,cnn17c,False,int,128,5,3112,15400,71468,6563.993854275022,96543.99385427502,135.41004323172805,51,137756672,131072,1,131072,0.3574720681790776,
mlp_mnist,,C,cnn17c,False,fs,128,7,3112,21560,105100,9197.066316155373,138969.06631615537,135.89145331989815,75,137756672,131072,1,131072,0.35478691743205437,
mlp_mnist,,C,cnn18c,False,int,128,5,3112,15400,63060,6361.002653706077,87933.00265370608,134.31938840053726,45,275513344,262144,1,262144,0.32558827395584006,
mlp_mnist,,C,cnn18c,False,fs,128,7,3112,21560,92488,8929.623023815555,126089.62302381555,133.69026182576465,66,275513344,262144,1,262144,0.321905801475395,
mlp_mnist,,C,R8c,False,int,128,5,3112,25960,130088,9532.425590057235,168692.42559005725,133.28206427348414,88,6324352,8320,2,8192,0.6246150366727623,
mlp_mnist,,C,R8c,False,fs,128,7,3112,36344,185384,12489.46852660492,237329.46852660493,131.68993915307658,124,6324352,8320,2,8192,0.6059002394301428,
mlp_mnist,,C,R16c,False,int,128,5,3112,25960,102440,9173.328093691474,140685.32809369147,132.3310819094497,70,12648704,16640,2,16384,0.5209135564871503,
mlp_mnist,,C,R16c,False,fs,128,7,3112,36344,145448,12079.02857755385,196983.02857755387,130.6433144892761,98,12648704,16640,2,16384,0.5028961001757564,
mlp_mnist,,C,R64c,False,int,128,5,3112,31100,65272,13248.084398190276,112732.08439819027,133.20698934583297,61,50659328,98304,2,65536,0.4174114800014042,
mlp_mnist,,C,R64c,False,fs,128,7,3112,43540,96352,18462.745916093296,161466.7459160933,133.46584671370934,90,50659328,98304,2,65536,0.4122233139354112,
mlp_mnist,,Kpre,-,False,int,128,5,3112,0,0,0.0,3112.0,152.94949048090442,,,,,,,False
mlp_mnist,,Kpre,-,False,int,128,5,3112,0,0,0.0,3112.0,152.94949048090442,,,,,,,True
lenet5,,C,paper,False,int,128,5,26072,15680,62304,26908.55482492283,130964.55482492283,152.21073948575003,330,311040,4224,5,2048,1.0,
lenet5,,C,paper,False,fs,128,7,26072,21952,92512,32202.034848356532,172738.03484835653,150.02630607909768,490,311040,4224,5,2048,1.0,
lenet5,,C,tightc,False,int,128,5,26072,13260,52480,18575.559595165167,110387.55959516516,130.45490255205476,213,329984,3712,4,2048,0.842881188293538,
lenet5,,C,tightc,False,fs,128,7,26072,18564,74604,22824.611798398357,142064.61179839837,131.10418683354465,291,329984,3712,4,2048,0.8224280884236886,
lenet5,,C,cnn16c,False,int,128,5,26072,15680,16992,6325.687096698918,65069.687096698915,132.96727687182317,90,15466496,65536,1,65536,0.496849603189855,
lenet5,,C,cnn16c,False,fs,128,7,26072,21952,25488,8972.046098603258,82484.04609860326,135.90296000099718,135,15466496,65536,1,65536,0.47750946206499595,
lenet5,,C,cnn17c,False,int,128,5,26072,13260,17472,6224.017939975767,63028.01793997577,134.13548447349967,80,35782656,131072,1,131072,0.4812601243461136,
lenet5,,C,cnn17c,False,fs,128,7,26072,18564,26208,8875.315310064076,79719.31531006408,137.5597058216314,120,35782656,131072,1,131072,0.46150412316574146,
lenet5,,C,cnn18c,False,int,128,5,26072,13260,16380,6361.002653706077,62073.00265370608,140.72444475610837,75,71565312,262144,1,262144,0.4739679582516586,
lenet5,,C,cnn18c,False,fs,128,7,26072,18564,22932,8569.874704487389,76137.87470448739,133.24854739934327,105,71565312,262144,1,262144,0.44077075886227024,
lenet5,,C,R8c,False,int,128,5,26072,13260,39336,19582.676212727896,98250.67621272789,131.48345180048392,167,659968,7424,4,4096,0.7502081486404639,
lenet5,,C,R8c,False,fs,128,7,26072,18564,56272,24743.55130233925,125651.55130233924,130.71426623625464,228,659968,7424,4,4096,0.7274110268340518,
lenet5,,C,R16c,False,int,128,5,26072,15680,28360,20497.409830629265,90609.40983062927,130.1193644874125,143,1244160,14848,4,8192,0.6918620839948528,
lenet5,,C,R16c,False,fs,128,7,26072,21952,41704,26797.127186726142,116525.12718672614,132.60925187755612,201,1244160,14848,4,8192,0.6745771265084807,
lenet5,,C,R64c,False,int,128,5,26072,13260,22296,20829.316283323646,82457.31628332364,132.91566113014795,100,5279744,59392,4,32768,0.6296155199668715,
lenet5,,C,R64c,False,fs,128,7,26072,18564,32556,28126.27942225832,105318.27942225832,133.54956562053363,144,5279744,59392,4,32768,0.6096994186295754,
lenet5,,Kpre,-,False,int,128,5,26072,0,0,0.0,26072.0,152.2125248867382,,,,,,,False
lenet5,,Kpre,-,False,int,128,5,26072,0,0,0.0,26072.0,152.2125248867382,,,,,,,True
vgg11,,C,paper,False,int,128,5,610344,434680,1014648,140492.211416965,2200164.211416965,151.0750213629772,737,69779456,155776,11,32768,1.0,
vgg11,,C,paper,False,fs,128,7,610344,608552,1499256,188699.0580452509,2906851.058045251,148.88880255563848,1089,69779456,155776,11,32768,1.0,
vgg11,,C,tightc,False,int,128,5,610344,434680,693984,52067.25724159061,1791075.2572415906,130.24600393923265,488,69779456,65664,6,32768,0.8140643539002437,
vgg11,,C,tightc,False,fs,128,7,610344,608552,1019392,69959.27541493568,2308247.275414936,130.10957588187074,705,69779456,65664,6,32768,0.7940713952393371,
vgg11,,C,cnn16c,False,int,128,5,610344,414160,427664,27089.871763204545,1479257.8717632045,131.09895948282903,293,248250368,196608,3,65536,0.6723397572268129,
vgg11,,C,cnn16c,False,fs,128,7,610344,579824,631616,37767.091798932466,1859551.0917989325,131.01991694835945,432,248250368,196608,3,65536,0.6397132342409767,
vgg11,,C,cnn17c,False,int,128,5,610344,414160,349744,25267.171981616404,1399515.1719816164,131.71387777817745,238,496500736,393216,3,131072,0.6360957808146016,
vgg11,,C,cnn17c,False,fs,128,7,610344,579824,513968,35347.24202028687,1739483.2420202869,131.18768025425004,350,496500736,393216,3,131072,0.5984081080473468,
vgg11,,C,cnn18c,False,int,128,5,610344,414160,296912,23856.210979282856,1345272.2109792829,131.27701082860307,204,993001472,786432,3,262144,0.6114417296665741,
vgg11,,C,cnn18c,False,fs,128,7,610344,579824,440656,33785.58875698298,1664609.588756983,132.0367957756347,304,993001472,786432,3,262144,0.572650457666163,
vgg11,,C,R8c,False,int,128,5,610344,434680,519976,47912.47938947375,1612912.4793894738,130.7526308888698,372,139558912,131328,6,65536,0.7330873173101542,
vgg11,,C,R8c,False,fs,128,7,610344,608552,767400,64998.48799640138,2051294.4879964013,131.4578031238605,537,139558912,131328,6,65536,0.7056758144931652,
vgg11,,C,R16c,False,int,128,5,610344,434680,423520,38204.83982822015,1506748.8398282202,132.7006922586051,306,279117824,246272,5,131072,0.6848347191584547,
vgg11,,C,R16c,False,fs,128,7,610344,608552,617576,51781.41942372705,1888253.419423727,131.80361737194278,438,279117824,246272,5,131072,0.6495872618576843,
vgg11,,C,R64c,False,int,128,5,610344,414160,311248,42122.12618425573,1377874.1261842558,131.42548822713422,224,1082982400,1017856,6,524288,0.626259675997942,
vgg11,,C,R64c,False,fs,128,7,610344,579824,455312,58011.14754383252,1703491.1475438324,131.40441455148388,325,1082982400,1017856,6,524288,0.5860262922068552,
vgg11,,Kpre,-,False,int,128,5,610344,0,0,0.0,610344.0,151.07502136298828,,,,,,,False
vgg11,,Kpre,-,False,int,128,5,610344,0,0,0.0,610344.0,151.07502136298828,,,,,,,True
vgg16,,C,paper,False,int,128,5,1110056,699740,1409144,214234.4548074002,3433174.4548074002,150.53445298161307,1072,108838912,249984,16,32768,1.0,
vgg16,,C,paper,False,fs,128,7,1110056,979636,2082168,288828.90469456604,4460688.9046945665,148.34823417427577,1584,108838912,249984,16,32768,1.0,
vgg16,,C,tightc,False,int,128,5,1110056,699740,971232,52201.68990471556,2833229.6899047154,129.92912319071127,724,108838912,65664,6,32768,0.8252507197638631,
vgg16,,C,tightc,False,fs,128,7,1110056,979636,1433600,70137.88163561387,3593429.8816356137,130.18068467084592,1054,108838912,65664,6,32768,0.8055773353424798,
vgg16,,C,cnn16c,False,int,128,5,1110056,679220,609680,34906.20717282017,2433862.2071728203,130.53398033952328,427,344719360,262144,4,65536,0.7089247107046178,
vgg16,,C,cnn16c,False,fs,128,7,1110056,950908,901952,48697.93179032704,3011613.931790327,130.63238127704952,631,344719360,262144,4,65536,0.675145475538725,
vgg16,,C,cnn17c,False,int,128,5,1110056,679220,504112,25267.171981616404,2318655.1719816164,131.00706171415285,357,689438720,393216,3,131072,0.6753677107013463,
vgg16,,C,cnn17c,False,fs,128,7,1110056,950908,745696,35667.14934947644,2842327.149349476,131.37696316545686,531,689438720,393216,3,131072,0.6371946598558181,
vgg16,,C,cnn18c,False,int,128,5,1110056,679220,429520,23856.210979282856,2242652.210979283,131.3919546374985,315,1378877440,786432,3,262144,0.6532299015096495,
vgg16,,C,cnn18c,False,fs,128,7,1110056,950908,630560,33427.944014779154,2724951.9440147793,130.99258363926114,461,1378877440,786432,3,262144,0.6108814136639199,
vgg16,,C,R8c,False,int,128,5,1110056,699740,726056,47912.47938947375,2583764.479389474,130.3086734017627,547,217677824,131328,6,65536,0.752587587202708,
vgg16,,C,R8c,False,fs,128,7,1110056,979636,1074344,65190.69820964926,3229226.6982096494,131.51594748721138,797,217677824,131328,6,65536,0.7239300402256503,
vgg16,,C,R16c,False,int,128,5,1110056,699740,588384,38204.83982822015,2436384.83982822,131.95313806721106,446,435355648,246272,5,131072,0.7096594920822048,
vgg16,,C,R16c,False,fs,128,7,1110056,979636,858984,51781.41942372705,3000457.419423727,131.06505740508274,643,435355648,246272,5,131072,0.6726444016900512,
vgg16,,C,R64c,False,int,128,5,1110056,679220,433112,42383.96096621004,2264771.96096621,133.09174190448414,326,1707933696,1017856,6,524288,0.6596728452860584,
vgg16,,C,R64c,False,fs,128,7,1110056,950908,626064,58011.14754383252,2745039.1475438327,130.71879372716683,470,1707933696,1017856,6,524288,0.6153845753858488,
vgg16,,Kpre,-,False,int,128,5,1110056,0,0,0.0,1110056.0,150.53445298162558,,,,,,,False
vgg16,,Kpre,-,False,int,128,5,1110056,0,0,0.0,1110056.0,150.53445298162558,,,,,,,True
resnet18_cifar,,C,paper,False,int,128,5,2457640,630720,1289080,252586.2970533487,4630026.297053348,150.14213555883808,1407,79544320,224896,21,32768,1.0,
resnet18_cifar,,C,paper,False,fs,128,7,2457640,883008,1904760,337165.1326487428,5582573.132648743,147.955916751497,2079,79544320,224896,21,32768,1.0,
resnet18_cifar,,C,tightc,False,int,128,5,2457640,630720,888152,59881.97412652126,4036393.974126521,130.301546729233,954,79544320,65152,8,32768,0.8717864036097099,
resnet18_cifar,,C,tightc,False,fs,128,7,2457640,883008,1296032,78885.28894147887,4715565.288941479,130.00305511248624,1377,79544320,65152,8,32768,0.8446938673070463,
resnet18_cifar,,C,cnn16c,False,int,128,5,2457640,630720,518808,34298.152754990166,3641466.1527549904,131.1573499826403,515,315228160,262144,4,65536,0.7864893024630336,
resnet18_cifar,,C,cnn16c,False,fs,128,7,2457640,883008,766032,47839.26936678415,4154519.269366784,131.41979930244855,760,315228160,262144,4,65536,0.7441943295054703,
resnet18_cifar,,C,cnn17c,False,int,128,5,2457640,630720,430112,32152.567290595907,3550624.5672905957,131.55940102388033,436,630456320,524288,4,131072,0.7668692010562213,
resnet18_cifar,,C,cnn17c,False,fs,128,7,2457640,883008,630408,44842.45758055459,4015898.4575805548,130.95828035679384,637,630456320,524288,4,131072,0.7193633405524499,
resnet18_cifar,,C,cnn18c,False,int,128,5,2457640,630720,371920,30955.313539254792,3491235.313539255,132.27154582374462,385,1260912640,1048576,4,262144,0.7540422212636578,
resnet18_cifar,,C,cnn18c,False,fs,128,7,2457640,883008,541712,43054.75563944883,3925414.7556394488,131.50095328289865,558,1260912640,1048576,4,262144,0.7031550975449509,
resnet18_cifar,,C,R8c,False,int,128,5,2457640,630720,662392,56409.16317648372,3807161.163176484,130.44841347317777,719,159088640,130304,8,65536,0.8222763584732653,
resnet18_cifar,,C,R8c,False,fs,128,7,2457640,883008,974840,75742.1903109221,4391230.190310922,130.9634823430257,1044,159088640,130304,8,65536,0.7865960885724093,
resnet18_cifar,,C,R16c,False,int,128,5,2457640,630720,533088,54531.19811157547,3675979.1981115756,131.3477299243301,581,318177280,260608,8,131072,0.7939434815847699,
resnet18_cifar,,C,R16c,False,fs,128,7,2457640,883008,775784,73317.50383433518,4189749.503834335,130.55714497091412,838,318177280,260608,8,131072,0.7505050814885501,
resnet18_cifar,,C,R64c,False,int,128,5,2457640,630720,381216,51548.285060371665,3521124.2850603717,132.04102424034295,417,1272709120,1042432,8,524288,0.7604976860069442,
resnet18_cifar,,C,R64c,False,fs,128,7,2457640,883008,553352,70631.52894123054,3964631.5289412304,130.32882929891554,603,1272709120,1042432,8,524288,0.710179953712518,
resnet18_cifar,,Kpre,-,False,int,128,5,2457640,0,0,0.0,2457640.0,150.1421355588468,,,,,,,False
resnet18_cifar,,Kpre,-,False,int,128,5,2457640,0,0,0.0,2457640.0,150.1421355588468,,,,,,,True
gpt2,64,C,paper,False,int,128,5,21827908,2701300,36648464,894498.8150170617,62072170.81501706,138.5730065825194,5100,863309824,712704,75,262144,1.0,
gpt2,64,C,paper,False,fs,128,7,21827908,3781820,53894800,1185228.5902890977,80689756.5902891,141.5403175207595,7500,863309824,712704,75,262144,1.0,
gpt2,64,C,tightc,False,int,128,5,21532996,737520,8108496,72950.53327419811,30451962.5332742,130.18509131084684,2637,692502528,365568,6,262144,0.4905896174313753,
gpt2,64,C,tightc,False,fs,128,7,21532996,1032528,11881392,93018.38550008397,34539934.38550008,130.03220940332494,3864,692502528,365568,6,262144,0.4280584778670272,
gpt2,64,C,cnn16c,False,int,128,5,21532996,737520,4433712,74828.09983815635,26779056.099838156,131.0938582028272,1442,2518941696,394240,6,131072,0.4314180694540737,
gpt2,64,C,cnn16c,False,fs,128,7,21532996,1032528,6530640,96709.47278313027,29192873.47278313,131.78931710282527,2124,2518941696,394240,6,131072,0.3617915669396932,
gpt2,64,C,cnn17c,False,int,128,5,21532996,737520,3732672,73256.91387905239,26076444.91387905,130.83828653473358,1214,4937220096,590848,6,131072,0.4200988071061694,
gpt2,64,C,cnn17c,False,fs,128,7,21532996,1032528,5460624,94470.57394384217,28120618.573943842,131.4427305364417,1776,4937220096,590848,6,131072,0.3485029545538141,
gpt2,64,C,cnn18c,False,int,128,5,21532996,737520,3163920,62975.90845766965,25497411.90845767,132.82579444660618,1029,9874440192,1115136,6,262144,0.4107704237450176,
gpt2,64,C,cnn18c,False,fs,128,7,21532996,1032528,4612128,80779.30191733252,27258431.301917333,134.08521856607422,1500,9874440192,1115136,6,262144,0.3378177411083905,
gpt2,64,C,R8c,False,int,128,5,21532996,737520,5879232,64873.793744012,28214621.793744013,131.7171155873692,1912,1385005056,664576,6,524288,0.4545454335377953,
gpt2,64,C,R8c,False,fs,128,7,21532996,1032528,8594352,82525.05251492419,31242401.052514926,131.39877958012258,2795,1385005056,664576,6,524288,0.38719166313949327,
gpt2,64,C,R16c,False,int,128,5,21532996,737520,4560096,59681.001994043996,26890293.001994044,130.95405040223898,1483,2770010112,1262592,6,1048576,0.433210127000883,
gpt2,64,C,R16c,False,fs,128,7,21532996,1032528,6746352,76397.76320339295,29388273.763203394,132.47205011256224,2194,2770010112,1262592,6,1048576,0.3642131914268314,
gpt2,64,C,R64c,False,int,128,5,21532996,737520,3240960,54541.17405849892,25566017.1740585,132.9732844694584,1054,11080040448,4850688,6,4194304,0.4118756737258066,
gpt2,64,C,R64c,False,fs,128,7,21532996,1032528,4710768,68919.79292568457,27345211.792925686,132.1240513249814,1532,11080040448,4850688,6,4194304,0.3388932244742531,
gpt2,64,Kpre,-,False,int,128,5,21827908,0,0,0.0,21827908.0,148.3056342911297,,,,,,,False
gpt2,64,Kpre,-,False,int,128,5,21434692,0,0,0.0,21434692.0,148.34462842274556,,,,,,,True
gpt2,512,C,paper,False,int,128,5,173216068,2701300,36648464,894498.8150170617,213460330.81501707,138.5730065825194,5100,863309824,712704,75,262144,1.0,
gpt2,512,C,paper,False,fs,128,7,173216068,3781820,53894800,1185228.5902890977,232077916.5902891,141.5403175207595,7500,863309824,712704,75,262144,1.0,
gpt2,512,C,tightc,False,int,128,5,170856772,737520,8108496,149479.22330538038,179852267.22330537,130.18509131084684,2637,692502528,365568,6,262144,0.8425559284791132,
gpt2,512,C,tightc,False,fs,128,7,170856772,1032528,11881392,169547.07553126625,183940239.07553127,130.03220940332494,3864,692502528,365568,6,262144,0.7925796722842002,
gpt2,512,C,cnn16c,False,int,128,5,170856772,737520,4433712,151356.78986933862,176179360.78986934,131.0938582028272,1442,2518941696,394240,6,131072,0.8253494226172866,
gpt2,512,C,cnn16c,False,fs,128,7,170856772,1032528,6530640,173238.16281431256,178593178.16281432,131.78931710282527,2124,2518941696,394240,6,131072,0.7695397338390586,
gpt2,512,C,cnn17c,False,int,128,5,170856772,737520,3732672,149785.60391023467,175476749.60391024,130.83828653473358,1214,4937220096,590848,6,131072,0.8220578921334892,
gpt2,512,C,cnn17c,False,fs,128,7,170856772,1032528,5460624,170999.26397502446,177520923.26397502,131.4427305364417,1776,4937220096,590848,6,131072,0.7649194971763337,
gpt2,512,C,cnn18c,False,int,128,5,170856772,737520,3163920,139504.59848885192,174897716.59848884,132.82579444660618,1029,9874440192,1115136,6,262144,0.8193452897346708,
gpt2,512,C,cnn18c,False,fs,128,7,170856772,1032528,4612128,157307.9919485148,176658735.99194852,134.08521856607422,1500,9874440192,1115136,6,262144,0.7612044204267064,
gpt2,512,C,R8c,False,int,128,5,170856772,737520,5879232,141402.48377519427,177614926.4837752,131.7171155873692,1912,1385005056,664576,6,524288,0.8320746332848833,
gpt2,512,C,R8c,False,fs,128,7,170856772,1032528,8594352,159053.74254610646,180642705.7425461,131.39877958012258,2795,1385005056,664576,6,524288,0.7783709385044729,
gpt2,512,C,R16c,False,int,128,5,170856772,737520,4560096,136209.69202522628,176290597.6920252,130.95405040223898,1483,2770010112,1262592,6,1048576,0.8258705353773539,
gpt2,512,C,R16c,False,fs,128,7,170856772,1032528,6746352,152926.45323457522,178788578.45323458,132.47205011256224,2194,2770010112,1262592,6,1048576,0.7703816937001738,
gpt2,512,C,R64c,False,int,128,5,170856772,737520,3240960,131069.8640896812,174966321.86408967,132.9732844694584,1054,11080040448,4850688,6,4194304,0.8196666855899984,
gpt2,512,C,R64c,False,fs,128,7,170856772,1032528,4710768,145448.48295686685,176745516.48295686,132.1240513249814,1532,11080040448,4850688,6,4194304,0.761578348684437,
gpt2,512,Kpre,-,False,int,128,5,173216068,0,0,0.0,173216068.0,148.3056342911297,,,,,,,False
gpt2,512,Kpre,-,False,int,128,5,170070340,0,0,0.0,170070340.0,148.34462842274556,,,,,,,True
llama2-7b,1,C,paper,False,int,128,5,5583872,23495680,385287168,3654925.189065036,418021645.18906504,131.05396208315335,15594,29783752704,5390336,226,131072,1.0,
llama2-7b,1,C,paper,False,fs,128,7,5583872,32893952,563971072,4950450.427752012,607399346.427752,131.78963185609118,22826,29783752704,5390336,226,131072,1.0,
llama2-7b,1,C,tightc,False,int,128,5,5571584,7045120,123797504,88910.3418543705,136503118.34185436,131.55220388404558,7556,37044092928,442368,6,131072,0.3265455746439063,
llama2-7b,1,C,tightc,False,fs,128,7,5571584,9863168,179879936,121434.93354555946,195436122.93354556,130.40774640196344,10979,37044092928,442368,6,131072,0.3217588627365966,
llama2-7b,1,C,cnn16c,False,int,128,5,5571584,7045120,124338176,103350.02769983317,137058230.02769983,131.10149910177043,7589,34628173824,360448,6,65536,0.3278735242662145,
llama2-7b,1,C,cnn16c,False,fs,128,7,5571584,9863168,181960704,141458.53175798923,197536914.53175798,131.11103445207226,11106,34628173824,360448,6,65536,0.32521752895111866,
llama2-7b,1,C,cnn17c,False,int,128,5,5571584,7045120,86048768,78058.16154247186,98743530.16154248,132.59727159846793,5252,69256347648,688128,6,131072,0.23621630912648608,
llama2-7b,1,C,cnn17c,False,fs,128,7,5571584,9863168,124829696,107347.42340958392,140371795.42340958,131.0828387257007,7619,69256347648,688128,6,131072,0.23110297409598268,
llama2-7b,1,C,cnn18c,False,int,128,5,5571584,7045120,65241088,65450.052365850905,77923242.05236585,130.6529002117392,3982,138512695296,1343488,6,262144,0.18640958655890252,
llama2-7b,1,C,cnn18c,False,fs,128,7,5571584,9863168,95993856,91392.79247456703,111520000.79247457,131.6807741155887,5859,138512695296,1343488,6,262144,0.1836024379155954,
llama2-7b,1,C,R8c,False,int,128,5,5571584,7045120,87261184,72681.26465454504,99950569.26465455,132.17787887798082,5326,74088185856,851968,6,262144,0.2391038129603274,
llama2-7b,1,C,R8c,False,fs,128,7,5571584,9863168,126926848,100179.90202321179,142461779.90202323,131.39552595863205,7747,74088185856,851968,6,262144,0.23454384786528337,
llama2-7b,1,C,R16c,False,int,128,5,5571584,7045120,66617344,62396.97017966861,79296444.97017966,130.48092024416164,4066,148176371712,1671168,6,524288,0.18969459089687818,
llama2-7b,1,C,R16c,False,fs,128,7,5571584,9863168,97812480,87226.54083179914,113334458.5408318,131.06716084389032,5970,148176371712,1671168,6,524288,0.18658969458458669,
llama2-7b,1,C,R64c,False,int,128,5,5571584,7045120,45989888,52099.08661094528,58658691.08661094,131.4297613593208,2807,592705486848,6586368,6,2097152,0.14032453046798685,
llama2-7b,1,C,R64c,False,fs,128,7,5571584,9863168,67665920,73548.73303354946,83174220.73303355,133.18485633489377,4130,592705486848,6586368,6,2097152,0.13693498556131034,
llama2-7b,1,Kpre,-,False,int,128,5,5583872,0,0,0.0,5583872.0,146.7142740192104,,,,,,,False
llama2-7b,1,Kpre,-,False,int,128,5,5567488,0,0,0.0,5567488.0,146.72067179040855,,,,,,,True
llama2-7b,64,C,paper,False,int,128,5,349303808,23495680,385287168,3654925.189065036,761741581.189065,131.05396208315335,15594,29783752704,5390336,226,131072,1.0,
llama2-7b,64,C,paper,False,fs,128,7,349303808,32893952,563971072,4950450.427752012,951119282.427752,131.78963185609118,22826,29783752704,5390336,226,131072,1.0,
llama2-7b,64,C,tightc,False,int,128,5,348517376,7045120,123797504,105042.41163322993,479465042.41163325,131.55220388404558,7556,37044092928,442368,6,131072,0.6294326767132719,
llama2-7b,64,C,tightc,False,fs,128,7,348517376,9863168,179879936,137567.00332441888,538398047.0033244,130.40774640196344,10979,37044092928,442368,6,131072,0.5660678496907896,
llama2-7b,64,C,cnn16c,False,int,128,5,348517376,7045120,124338176,119482.0974786926,480020154.0974787,131.10149910177043,7589,34628173824,360448,6,65536,0.6301614168786425,
llama2-7b,64,C,cnn16c,False,fs,128,7,348517376,9863168,181960704,157590.60153684864,540498838.6015369,131.11103445207226,11106,34628173824,360448,6,65536,0.5682766069276844,
llama2-7b,64,C,cnn17c,False,int,128,5,348517376,7045120,86048768,94190.23132133129,441705454.23132133,132.59727159846793,5252,69256347648,688128,6,131072,0.5798626005709535,
llama2-7b,64,C,cnn17c,False,fs,128,7,348517376,9863168,124829696,123479.49318844335,483333719.49318844,131.0828387257007,7619,69256347648,688128,6,131072,0.5081736102116119,
llama2-7b,64,C,cnn18c,False,int,128,5,348517376,7045120,65241088,81582.12214471033,420885166.1221447,130.6529002117392,3982,138512695296,1343488,6,262144,0.5525301185018028,
llama2-7b,64,C,cnn18c,False,fs,128,7,348517376,9863168,95993856,107524.86225342646,454481924.8622534,131.6807741155887,5859,138512695296,1343488,6,262144,0.47783904002259187,
llama2-7b,64,C,R8c,False,int,128,5,348517376,7045120,87261184,88813.33443340447,442912493.3344334,132.17787887798082,5326,74088185856,851968,6,262144,0.5814471787703317,
llama2-7b,64,C,R8c,False,fs,128,7,348517376,9863168,126926848,116311.97180207122,485423703.97180206,131.39552595863205,7747,74088185856,851968,6,262144,0.5103710049203796,
llama2-7b,64,C,R16c,False,int,128,5,348517376,7045120,66617344,78529.03995852804,422258369.03995854,130.48092024416164,4066,148176371712,1671168,6,524288,0.5543328334273426,
llama2-7b,64,C,R16c,False,fs,128,7,348517376,9863168,97812480,103358.61061065856,456296382.61061066,131.06716084389032,5970,148176371712,1671168,6,524288,0.47974674790096206,
llama2-7b,64,C,R64c,False,int,128,5,348517376,7045120,45989888,68231.1563898047,401620615.15638983,131.4297613593208,2807,592705486848,6586368,6,2097152,0.5272399788514462,
llama2-7b,64,C,R64c,False,fs,128,7,348517376,9863168,67665920,89680.80281240889,426136144.8028124,133.18485633489377,4130,592705486848,6586368,6,2097152,0.44803648992909795,
llama2-7b,64,Kpre,-,False,int,128,5,349303808,0,0,0.0,349303808.0,146.7142740192104,,,,,,,False
llama2-7b,64,Kpre,-,False,int,128,5,348255232,0,0,0.0,348255232.0,146.72067179040855,,,,,,,True
llama2-7b,2048,C,paper,False,int,128,5,11173753856,23495680,385287168,3654925.189065036,11586191629.189066,131.05396208315335,15594,29783752704,5390336,226,131072,1.0,
llama2-7b,2048,C,paper,False,fs,128,7,11173753856,32893952,563971072,4950450.427752012,11775569330.427752,131.78963185609118,22826,29783752704,5390336,226,131072,1.0,
llama2-7b,2048,C,tightc,False,int,128,5,11148588032,7045120,123797504,300216.0709818977,11279730872.070982,131.55220388404558,7556,37044092928,442368,6,131072,0.9735494831324887,
llama2-7b,2048,C,tightc,False,fs,128,7,11148588032,9863168,179879936,332740.6626730866,11338663876.662674,130.40774640196344,10979,37044092928,442368,6,131072,0.9628972968095797,
llama2-7b,2048,C,cnn16c,False,int,128,5,11148588032,7045120,124338176,314655.75682736037,11280285983.756828,131.10149910177043,7589,34628173824,360448,6,65536,0.973597394620889,
llama2-7b,2048,C,cnn16c,False,fs,128,7,11148588032,9863168,181960704,352764.2608855164,11340764668.260885,131.11103445207226,11106,34628173824,360448,6,65536,0.9630756993597462,
llama2-7b,2048,C,cnn17c,False,int,128,5,11148588032,7045120,86048768,289363.89066999906,11241971283.89067,132.59727159846793,5252,69256347648,688128,6,131072,0.9702904667629352,
llama2-7b,2048,C,cnn17c,False,fs,128,7,11148588032,9863168,124829696,318653.15253711113,11283599549.152536,131.0828387257007,7619,69256347648,688128,6,131072,0.9582211468957192,
llama2-7b,2048,C,cnn18c,False,int,128,5,11148588032,7045120,65241088,276755.7814933781,11221150995.781494,130.6529002117392,3982,138512695296,1343488,6,262144,0.9684934752427256,
llama2-7b,2048,C,cnn18c,False,fs,128,7,11148588032,9863168,95993856,302698.52160209423,11254747754.521603,131.6807741155887,5859,138512695296,1343488,6,262144,0.9557710067945199,
llama2-7b,2048,C,R8c,False,int,128,5,11148588032,7045120,87261184,283986.9937820722,11243178322.993782,132.17787887798082,5326,74088185856,851968,6,262144,0.9703946458704229,
llama2-7b,2048,C,R8c,False,fs,128,7,11148588032,9863168,126926848,311485.631150739,11285689533.631151,131.39552595863205,7747,74088185856,851968,6,262144,0.9583986316881712,
llama2-7b,2048,C,R16c,False,int,128,5,11148588032,7045120,66617344,273702.69930719584,11222524198.699306,130.48092024416164,4066,148176371712,1671168,6,524288,0.9686119958888326,
llama2-7b,2048,C,R16c,False,fs,128,7,11148588032,9863168,97812480,298532.26995932637,11256562212.269958,131.06716084389032,5970,148176371712,1671168,6,524288,0.9559250934206049,
llama2-7b,2048,C,R64c,False,int,128,5,11148588032,7045120,45989888,263404.8157384725,11201886444.815739,131.4297613593208,2807,592705486848,6586368,6,2097152,0.9668307588314742,
llama2-7b,2048,C,R64c,False,fs,128,7,11148588032,9863168,67665920,284854.46216107666,11226401974.462162,133.18485633489377,4130,592705486848,6586368,6,2097152,0.9533638382522571,
llama2-7b,2048,Kpre,-,False,int,128,5,11173753856,0,0,0.0,11173753856.0,146.7142740192104,,,,,,,False
llama2-7b,2048,Kpre,-,False,int,128,5,11140199424,0,0,0.0,11140199424.0,146.72067179040855,,,,,,,True
qwen3-4b,8,C,paper,False,int,128,5,36079104,22259200,347874816,4113704.8653730312,410326824.865373,133.47850576522154,17526,27822915584,6963200,254,1048576,1.0,
qwen3-4b,8,C,paper,False,fs,128,7,36079104,31162880,509208064,5572498.88016946,582022546.8801695,134.21267386415622,25654,27822915584,6963200,254,1048576,1.0,
qwen3-4b,8,C,tightc,False,int,128,5,36017664,9953280,83824640,87672.38290642208,129883256.38290642,130.7994948063516,8186,25333596160,1556480,6,1048576,0.31653610856546055,
qwen3-4b,8,C,tightc,False,fs,128,7,36017664,13934592,122030080,119171.57089274496,172101507.57089275,130.0225034853112,11917,25333596160,1556480,6,1048576,0.2956956023326122,
qwen3-4b,8,C,cnn16c,False,int,128,5,36017664,9953280,76359680,94208.4752607423,122424832.47526075,131.6191520523313,7457,25501368320,1048576,6,524288,0.29835932007474275,
qwen3-4b,8,C,cnn16c,False,fs,128,7,36017664,13934592,111011840,128576.51494546999,161092672.51494548,130.7891495056254,10841,25501368320,1048576,6,524288,0.2767808109470238,
qwen3-4b,8,C,cnn17c,False,int,128,5,36017664,9953280,54978560,83961.2350881612,101033465.23508815,131.7395558732954,5369,49660559360,1310720,6,524288,0.24622681022191745,
qwen3-4b,8,C,cnn17c,False,fs,128,7,36017664,13934592,80046080,115216.27468445532,130113552.27468446,131.2469623450268,7817,49660559360,1310720,6,524288,0.22355414403125015,
qwen3-4b,8,C,cnn18c,False,int,128,5,36017664,9953280,43182080,77848.42145529455,89230872.4214553,131.37259873007417,4217,97978941440,1835008,6,524288,0.21746292714528637,
qwen3-4b,8,C,cnn18c,False,fs,128,7,36017664,13934592,63457280,107650.79548154128,113517186.79548155,132.6928826972737,6197,97978941440,1835008,6,524288,0.19503915682299708,
qwen3-4b,8,C,R8c,False,int,128,5,36017664,9953280,59729920,73704.39631444632,105774568.39631444,131.76786860728274,5833,50667192320,2850816,6,2097152,0.2577812660213447,
qwen3-4b,8,C,R8c,False,fs,128,7,36017664,13934592,86814720,100637.66892824892,136867613.66892824,131.0217283065445,8478,50667192320,2850816,6,2097152,0.2351586109551653,
qwen3-4b,8,C,R16c,False,int,128,5,36017664,9953280,46376960,64924.514917718545,92412828.51491772,131.4878374455532,4529,101334384640,5439488,6,4194304,0.22521761414267294,
qwen3-4b,8,C,R16c,False,fs,128,7,36017664,13934592,67891200,89264.42515628575,117932720.42515628,132.82625502512744,6630,101334384640,5439488,6,4194304,0.20262569046047113,
qwen3-4b,8,C,R64c,False,int,128,5,36017664,9953280,32286720,55520.4970287632,78313184.49702877,132.58132547143697,3153,405337538560,20971520,6,16777216,0.19085562958922583,
qwen3-4b,8,C,R64c,False,fs,128,7,36017664,13934592,46755840,75813.22847702204,96783909.22847702,132.127290091613,4566,405337538560,20971520,6,16777216,0.16628893459071353,
qwen3-4b,8,Kpre,-,False,int,128,5,36079104,0,0,0.0,36079104.0,146.54576829485342,,,,,,,False
qwen3-4b,8,Kpre,-,False,int,128,5,35997184,0,0,0.0,35997184.0,146.55145940693126,,,,,,,True
opt-125m,2048,C,paper,False,int,128,5,692261248,2722080,36652544,896624.1688474311,732532496.1688474,137.26838569932372,5100,866516992,716800,75,262144,1.0,
opt-125m,2048,C,paper,False,fs,128,7,692261248,3810912,53900800,1188328.6833392102,751161288.6833392,138.73314220044654,7500,866516992,716800,75,262144,1.0,
opt-125m,2048,C,tightc,False,int,128,5,682824064,737520,8108496,306573.7505818265,691976653.7505819,130.18460918677454,2637,692502528,366592,6,262144,0.9446361183560141,
opt-125m,2048,C,tightc,False,fs,128,7,682824064,1032528,11881392,326641.6028077124,696064625.6028078,130.03171779659507,3864,692502528,366592,6,262144,0.9266513544952419,
opt-125m,2048,C,cnn16c,False,int,128,5,682824064,737520,4433712,308451.31714578473,688303747.3171458,131.0919959888596,1442,2518941696,395264,6,131072,0.9396221340581907,
opt-125m,2048,C,cnn16c,False,fs,128,7,682824064,1032528,6530640,330332.69009075867,690717564.6900908,131.78388820807325,2124,2518941696,395264,6,131072,0.919532961956551,
opt-125m,2048,C,cnn17c,False,int,128,5,682824064,737520,3732672,306880.13118668075,687601136.1311867,130.8367264782245,1214,4937220096,591872,6,131072,0.9386629804511715,
opt-125m,2048,C,cnn17c,False,fs,128,7,682824064,1032528,5460624,328093.79125147057,689645309.7912514,131.438459307866,1776,4937220096,591872,6,131072,0.9181054990201704,
opt-125m,2048,C,cnn18c,False,int,128,5,682824064,737520,3163920,296599.125765298,687022103.1257653,132.82279037692157,1029,9874440192,1116160,6,262144,0.9378725267737582,
opt-125m,2048,C,cnn18c,False,fs,128,7,682824064,1032528,4612128,314402.51922496094,688783122.519225,134.07708008034064,1500,9874440192,1116160,6,262144,0.916957693235959,
opt-125m,2048,C,R8c,False,int,128,5,682824064,737520,5879232,298497.0110516404,689739313.0110517,131.7157093705107,1912,1385005056,665600,6,524288,0.9415818637649461,
opt-125m,2048,C,R8c,False,fs,128,7,682824064,1032528,8594352,316148.26982255257,692767092.2698226,131.3974252494364,2795,1385005056,665600,6,524288,0.9222614406609372,
opt-125m,2048,C,R16c,False,int,128,5,682824064,737520,4560096,293304.2193016724,688414984.2193017,130.95361091314044,1483,2770010112,1263616,6,1048576,0.9397739865735912,
opt-125m,2048,C,R16c,False,fs,128,7,682824064,1032528,6746352,310020.98051102133,690912964.9805111,132.47149755386062,2194,2770010112,1263616,6,1048576,0.9197930928942925,
opt-125m,2048,C,R64c,False,int,128,5,682824064,737520,3240960,288164.3913661273,687090708.3913661,132.97323045175935,1054,11080040448,4851712,6,4194304,0.9379661816845773,
opt-125m,2048,C,R64c,False,fs,128,7,682824064,1032528,4710768,302543.01023331296,688869903.0102333,132.1240024317637,1532,11080040448,4851712,6,4194304,0.9170732216748119,
opt-125m,2048,Kpre,-,False,int,128,5,692261248,0,0,0.0,692261248.0,148.3056342911297,,,,,,,False
opt-125m,2048,Kpre,-,False,int,128,5,679678336,0,0,0.0,679678336.0,148.34462842274556,,,,,,,True
opt-350m,2048,C,paper,False,int,128,5,1833113984,5513920,75769728,2093360.6853461447,1916490992.6853461,138.71225580799398,10281,2665676800,2048000,149,262144,1.0,
opt-350m,2048,C,paper,False,fs,128,7,1833113984,7719488,110909312,2802979.7968303324,1954545763.7968304,140.55173438720203,15049,2665676800,2048000,149,262144,1.0,
opt-350m,2048,C,tightc,False,int,128,5,1823676800,2479040,21638880,334544.9096185959,1848129264.9096186,130.44131062619186,5376,1951137792,407552,8,262144,0.9643297422024716,
opt-350m,2048,C,tightc,False,fs,128,7,1823676800,3470656,31657120,364188.2924290899,1859168764.2924292,130.70232644292653,7865,1951137792,407552,8,262144,0.9512024730906657,
opt-350m,2048,C,cnn16c,False,int,128,5,1823676800,1987040,12495200,310951.10164437175,1838469991.1016443,131.7242219189618,3121,6581387264,395264,6,131072,0.9592896591314627,
opt-350m,2048,C,cnn16c,False,fs,128,7,1823676800,2781856,18143424,333490.34401138977,1844935570.3440113,130.69427261584275,4533,6581387264,395264,6,131072,0.9439203750134281,
opt-350m,2048,C,cnn17c,False,int,128,5,1823676800,1987040,10318784,309066.2221916485,1836291690.2221916,133.5813296437414,2587,13095665664,591872,6,131072,0.9581530501477697,
opt-350m,2048,C,cnn17c,False,fs,128,7,1823676800,2781856,14778304,330475.93409439886,1841567435.9340944,130.1563340541548,3707,13095665664,591872,6,131072,0.9421971437275184,
opt-350m,2048,C,cnn18c,False,int,128,5,1823676800,1987040,8652704,298362.06196702924,1834614906.0619671,132.3923537652607,2158,26191331328,1116160,6,262144,0.9572781260460526,
opt-350m,2048,C,cnn18c,False,fs,128,7,1823676800,2781856,12573216,316418.5928258443,1839348290.592826,131.52772439632218,3135,26191331328,1116160,6,262144,0.941061767220929,
opt-350m,2048,C,R8c,False,int,128,5,1823676800,2479040,15513664,322018.2561798951,1841991522.2561798,130.89171960282044,3851,3902275584,747520,8,524288,0.9611271481507048,
opt-350m,2048,C,R8c,False,fs,128,7,1823676800,3470656,22622016,348139.8907535188,1850117611.8907535,130.69855071869662,5616,3902275584,747520,8,524288,0.946571651664365,
opt-350m,2048,C,R16c,False,int,128,5,1823676800,2479040,12204224,314812.0918404162,1838674876.0918405,131.9826340364255,3028,7804551168,1427456,8,1048576,0.959396565446691,
opt-350m,2048,C,R16c,False,fs,128,7,1823676800,3470656,17609728,338201.56395148084,1845095385.5639515,130.29581505748152,4370,7804551168,1427456,8,1048576,0.9440021409269719,
opt-350m,2048,C,R64c,False,int,128,5,1823676800,1987040,8796544,298385.23686045024,1834758769.2368605,132.33354005775098,2180,29609164800,5376000,7,4194304,0.957353191974065,
opt-350m,2048,C,R64c,False,fs,128,7,1823676800,2781856,12895616,317060.6067106812,1839671332.6067107,133.53995232402858,3196,29609164800,5376000,7,4194304,0.9412270445042081,
opt-350m,2048,Kpre,-,False,int,128,5,1833113984,0,0,0.0,1833113984.0,147.3152844611634,,,,,,,False
opt-350m,2048,Kpre,-,False,int,128,5,1820531072,0,0,0.0,1820531072.0,147.33478063678922,,,,,,,True
opt-1.3b,2048,C,paper,False,int,128,5,3657634176,9937600,137099136,2391454.17713347,3807062366.1771336,138.30373072757166,10143,10629152768,3817472,147,262144,1.0,
opt-1.3b,2048,C,paper,False,fs,128,7,3657634176,13912640,200681344,3240650.7741816537,3875468810.774182,139.76212586706683,14847,10629152768,3817472,147,262144,1.0,
opt-1.3b,2048,C,tightc,False,int,128,5,3632468352,4916160,43151072,330654.3013751453,3680866238.301375,130.87764169421186,5266,7786201088,477184,7,262144,0.9668520986162675,
opt-1.3b,2048,C,tightc,False,fs,128,7,3632468352,6882624,63030432,359739.58477369434,3702741147.5847735,130.64192430759275,7692,7786201088,477184,7,262144,0.9554305113463413,
opt-1.3b,2048,C,cnn16c,False,int,128,5,3632468352,3932640,32279232,317782.17287499236,3668998006.172875,131.27397513710528,3939,13158055936,395264,6,131072,0.9637346734240931,
opt-1.3b,2048,C,cnn16c,False,fs,128,7,3632468352,5505696,47013440,342678.16203332803,3685330166.1620336,130.59712158900834,5737,13158055936,395264,6,131072,0.9509378983818566,
opt-1.3b,2048,C,cnn17c,False,int,128,5,3632468352,3932640,25198944,313795.6550389994,3661913731.655039,131.6250632799695,3075,26047676416,591872,6,131072,0.9618738490307828,
opt-1.3b,2048,C,cnn17c,False,fs,128,7,3632468352,5505696,36589760,337643.3161904211,3674901451.3161902,130.48523030552872,4465,26047676416,591872,6,131072,0.9482469426923539,
opt-1.3b,2048,C,cnn18c,False,int,128,5,3632468352,3932640,20536256,302271.5697127375,3657239519.5697126,133.60720408348678,2506,52095352832,1116160,6,262144,0.9606460750581647,
opt-1.3b,2048,C,cnn18c,False,fs,128,7,3632468352,5505696,29796384,321547.96632948937,3668091979.9663296,131.58008322448265,3636,52095352832,1116160,6,262144,0.9464898723397478,
opt-1.3b,2048,C,R8c,False,int,128,5,3632468352,4916160,30818368,317378.7756902422,3668520258.77569,130.69859963783517,3761,15572402176,886784,7,524288,0.9636091836497649,
opt-1.3b,2048,C,R8c,False,fs,128,7,3632468352,6882624,44937024,342444.66809704213,3684630444.668097,130.3393337118165,5484,15572402176,886784,7,524288,0.9507573469368311,
opt-1.3b,2048,C,R16c,False,int,128,5,3632468352,4916160,24254656,309948.76687426376,3661949116.7668743,131.971228079122,2960,31144804352,1705984,7,1048576,0.9618831436281474,
opt-1.3b,2048,C,R16c,False,fs,128,7,3632468352,6882624,35185664,332163.30026036984,3674868803.3002605,130.65426961533242,4294,31144804352,1705984,7,1048576,0.948238518417118,
opt-1.3b,2048,C,R64c,False,int,128,5,3632468352,3932640,17488256,301200.00851438026,3654190448.0085144,132.27479390748607,2134,118139912192,6490112,7,4194304,0.9598451762895269,
opt-1.3b,2048,C,R64c,False,fs,128,7,3632468352,5505696,25634176,321186.1045574921,3663929410.1045575,133.41570646868024,3128,118139912192,6490112,7,4194304,0.9454157907085914,
opt-1.3b,2048,Kpre,-,False,int,128,5,3657634176,0,0,0.0,3657634176.0,147.33478063678922,,,,,,,False
opt-1.3b,2048,Kpre,-,False,int,128,5,3624079744,0,0,0.0,3624079744.0,147.35454389161063,,,,,,,True
opt-2.7b,2048,C,paper,False,int,128,5,6081941888,15847040,218777472,3173781.217918702,6319740181.217918,139.29917913741625,13455,17621843968,5005312,195,262144,1.0,
opt-2.7b,2048,C,paper,False,fs,128,7,6081941888,22185856,320239488,4300914.2856738195,6428668146.285674,140.70620920934505,19695,17621843968,5005312,195,262144,1.0,
opt-2.7b,2048,C,tightc,False,int,128,5,6050484608,6554240,72377344,317361.6806371224,6129733553.680637,130.13907997380255,7066,15438708736,444416,6,262144,0.9699344241869349,
opt-2.7b,2048,C,tightc,False,fs,128,7,6050484608,9175936,106087168,342008.9747179362,6166089720.974718,130.49419717742438,10357,15438708736,444416,6,262144,0.9591550816847394,
opt-2.7b,2048,C,cnn16c,False,int,128,5,6050484608,6554240,59029248,320960.83286823274,6116389056.832869,130.5622288668333,5763,21816672256,395264,6,131072,0.9678228663593792,
opt-2.7b,2048,C,cnn16c,False,fs,128,7,6050484608,9175936,86049664,346885.0616068116,6146057093.061606,130.33524109631577,8401,21816672256,395264,6,131072,0.9560389420027299,
opt-2.7b,2048,C,cnn17c,False,int,128,5,6050484608,6554240,45262976,316277.4783450254,6102618101.478345,132.880690828951,4419,43297800192,591872,6,131072,0.9656438281458384,
opt-2.7b,2048,C,cnn17c,False,fs,128,7,6050484608,9175936,65400320,340560.9895208493,6125401424.989521,131.00816491054124,6385,43297800192,591872,6,131072,0.9528258864207553,
opt-2.7b,2048,C,cnn18c,False,int,128,5,6050484608,6554240,35993344,303675.49807868135,6093335867.498078,132.04881273685365,3514,86595600384,1116160,6,262144,0.9641750598556714,
opt-2.7b,2048,C,cnn18c,False,fs,128,7,6050484608,9175936,52330752,324189.75191801315,6112315485.751918,131.1490020466031,5109,86595600384,1116160,6,262144,0.9507903264976375,
opt-2.7b,2048,C,R8c,False,int,128,5,6050484608,6554240,52536448,306432.5435480029,6109881728.543548,132.7574548749743,5129,30877417472,821248,6,524288,0.9667931834764246,
opt-2.7b,2048,C,R8c,False,fs,128,7,6050484608,9175936,76003200,327051.03158637567,6135990795.031587,131.23053778793897,7420,30877417472,821248,6,524288,0.9544730969783859,
opt-2.7b,2048,C,R16c,False,int,128,5,6050484608,6554240,40972032,299807.6353233738,6098310687.635324,133.05239023502907,4000,61754834944,1574912,6,1048576,0.9649622473024007,
opt-2.7b,2048,C,R16c,False,fs,128,7,6050484608,9175936,58815360,317718.99533076095,6118793622.995331,130.21074537026522,5742,61754834944,1574912,6,1048576,0.9517980215747517,
opt-2.7b,2048,C,R64c,False,int,128,5,6050484608,6554240,28414080,292010.8034166948,6085744938.803416,133.26400457779195,2774,247019339776,6096896,6,4194304,0.9629739141634447,
opt-2.7b,2048,C,R64c,False,fs,128,7,6050484608,9175936,41627520,308248.5115903417,6101596312.51159,132.10436394496605,4064,247019339776,6096896,6,4194304,0.949122924635166,
opt-2.7b,2048,Kpre,-,False,int,128,5,6081941888,0,0,0.0,6081941888.0,146.92712266787595,,,,,,,False
opt-2.7b,2048,Kpre,-,False,int,128,5,6039998848,0,0,0.0,6039998848.0,146.9419959443575,,,,,,,True
opt-6.7b,2048,C,paper,False,int,128,5,9730986368,24725120,341718912,3594754.650449866,10101025154.65045,137.9375233546454,13455,53470560256,9723904,195,262144,1.0,
opt-6.7b,2048,C,paper,False,fs,128,7,9730986368,34615168,500197248,4915529.353114037,10270714313.353113,138.8985620046898,19695,53470560256,9723904,195,262144,1.0,
opt-6.7b,2048,C,tightc,False,int,128,5,9680654720,13108480,115261184,337813.5201027912,9809362197.520103,131.07256966035487,7034,39732641792,624640,7,262144,0.9711254102761969,
opt-6.7b,2048,C,tightc,False,fs,128,7,9680654720,18351872,168139776,370350.19451507105,9867516718.194515,130.37859478678803,10261,39732641792,624640,7,262144,0.9607429840946511,
opt-6.7b,2048,C,cnn16c,False,int,128,5,9680654720,10486400,122228864,329897.7503739784,9813699881.750374,131.31809707930802,7459,34902900736,395264,6,131072,0.9715548403750095,
opt-6.7b,2048,C,cnn16c,False,fs,128,7,9680654720,14680960,178566528,359280.1123935013,9874261488.112394,130.94027603830602,10897,34902900736,395264,6,131072,0.9613996832990199,
opt-6.7b,2048,C,cnn17c,False,int,128,5,9680654720,10486400,85522688,321424.6217871113,9776985232.621788,130.77915993436557,5219,69268930560,591872,6,131072,0.9679200955281776,
opt-6.7b,2048,C,cnn17c,False,fs,128,7,9680654720,14680960,125080448,348277.4842668659,9820764405.484266,130.6840554202528,7633,69268930560,591872,6,131072,0.9561909820348269,
opt-6.7b,2048,C,cnn18c,False,int,128,5,9680654720,10486400,65973376,307480.4328332341,9757421976.432833,131.16959399597758,4026,138537861120,1116160,6,262144,0.9659833360518438,
opt-6.7b,2048,C,cnn18c,False,fs,128,7,9680654720,14680960,96829824,329768.5540843406,9792495272.554085,132.82013872423693,5909,138537861120,1116160,6,262144,0.9534385801991115,
opt-6.7b,2048,C,R8c,False,int,128,5,9680654720,13108480,82471680,322604.8149386834,9776557484.81494,131.0353993475231,5033,79465283584,1181696,7,524288,0.9678777485584097,
opt-6.7b,2048,C,R8c,False,fs,128,7,9680654720,18351872,120536832,350237.2134222825,9819893661.213423,131.21101965539924,7356,79465283584,1181696,7,524288,0.9561062027055341,
opt-6.7b,2048,C,R16c,False,int,128,5,9680654720,13108480,64495872,313849.954001168,9758572921.954,131.4981721898623,3936,158930567168,2295808,7,1048576,0.9660972794886283,
opt-6.7b,2048,C,R16c,False,fs,128,7,9680654720,18351872,94613632,338440.5864556256,9793958664.586456,133.11142946572977,5774,158930567168,2295808,7,1048576,0.9535810622103645,
opt-6.7b,2048,C,R64c,False,int,128,5,9680654720,10486400,46506496,304015.6465056755,9737951631.646505,131.808429156968,2838,601370918912,8718336,7,4194304,0.964055774790662,
opt-6.7b,2048,C,R64c,False,fs,128,7,9680654720,14680960,68170240,325312.9264536739,9763831232.926455,132.92831336987507,4160,601370918912,8718336,7,4194304,0.9506477285842084,
opt-6.7b,2048,Kpre,-,False,int,128,5,9730986368,0,0,0.0,9730986368.0,146.92712266787595,,,,,,,False
opt-6.7b,2048,Kpre,-,False,int,128,5,9663877504,0,0,0.0,9663877504.0,146.9419959443575,,,,,,,True
opt-13b,2048,C,paper,False,int,128,5,15183581568,38017600,525424512,4482338.002556741,15751506018.002556,139.29738493566876,16767,83562070016,12099584,243,262144,1.0,
opt-13b,2048,C,paper,False,fs,128,7,15183581568,53224640,769099648,6129471.934219464,16012035327.93422,140.68470240257005,24543,83562070016,12099584,243,262144,1.0,
opt-13b,2048,C,tightc,False,int,128,5,15120667008,16384800,183077440,323226.86370637943,15320452474.863707,131.71308056514118,8938,75171102720,559104,6,262144,0.9726341377995098,
opt-13b,2048,C,tightc,False,fs,128,7,15120667008,22938720,264743360,349836.2148090411,15408698924.21481,129.87491878906926,12925,75171102720,559104,6,262144,0.9623198181016474,
opt-13b,2048,C,cnn16c,False,int,128,5,15120667008,16384800,221602880,336035.72044223495,15358990723.720442,130.88328706506974,10819,54366044160,395264,6,131072,0.9750807767947075,
opt-13b,2048,C,cnn16c,False,fs,128,7,15120667008,22938720,323340640,367724.4960108748,15467314092.496012,130.43867168337266,15786,54366044160,395264,6,131072,0.9659805125156138,
opt-13b,2048,C,cnn17c,False,int,128,5,15120667008,16384800,148684640,325273.62287110556,15286061721.622871,132.1572642129807,7259,108060999680,591872,6,131072,0.9704508066817406,
opt-13b,2048,C,cnn17c,False,fs,128,7,15120667008,22938720,214372960,352967.2604278817,15358331655.260427,129.83703076575782,10466,108060999680,591872,6,131072,0.959174229928574,
opt-13b,2048,C,cnn18c,False,int,128,5,15120667008,16384800,111795360,310217.9253050575,15249157385.925304,132.5660701798335,5458,216121999360,1116160,6,262144,0.9681078982858456,
opt-13b,2048,C,cnn18c,False,fs,128,7,15120667008,22938720,162326560,333006.5636446988,15306265294.563644,131.78851375861763,7925,216121999360,1116160,6,262144,0.9559225283409596,
opt-13b,2048,C,R8c,False,int,128,5,15120667008,16384800,131111840,310297.85299406433,15268473945.852995,132.351496362174,6401,150342205440,1050624,6,524288,0.9693342292732201,
opt-13b,2048,C,R8c,False,fs,128,7,15120667008,22938720,189672800,332637.6824182299,15333611165.682419,130.73041653706937,9260,150342205440,1050624,6,524288,0.9576303606407714,
opt-13b,2048,C,R16c,False,int,128,5,15120667008,16384800,102251200,302813.3581565677,15239605821.358156,132.67544371709357,4992,300684410880,2033664,6,1048576,0.9675015077250808,
opt-13b,2048,C,R16c,False,fs,128,7,15120667008,22938720,147600640,322355.7544264154,15291528723.754427,130.32341780478205,7206,300684410880,2033664,6,1048576,0.9550021849550373,
opt-13b,2048,C,R64c,False,int,128,5,15120667008,16384800,70912160,294090.64552847325,15208258058.645529,132.9144598723271,3462,1202737643520,7931904,6,4194304,0.9655113638825301,
opt-13b,2048,C,R64c,False,fs,128,7,15120667008,22938720,103889760,311287.945461916,15247806775.945461,131.73087163288102,5072,1202737643520,7931904,6,4194304,0.9522716171718968,
opt-13b,2048,Kpre,-,False,int,128,5,15183581568,0,0,0.0,15183581568.0,146.6096404780198,,,,,,,False
opt-13b,2048,Kpre,-,False,int,128,5,15099695488,0,0,0.0,15099695488.0,146.6215636453956,,,,,,,True
