model,layers,vocab,prune_last,seq,mode,policy,lookups,wire,challenges,lam,bytes_claims,bytes_u,bytes_columns,bytes_paths,bytes_total,model_paths,model_total,source,queries,commit_s,encoded_entries,leaves,trees,max_n,whole_model_total,soundness_bits
llama2-7b,1,1024,True,64,C,tightc,False,False,int,128,2500608.0,302080.0,5443584.0,73232.0,8319504.0,74103.09799800874,8320375.097998009,run_query,2,113.70690280001145,1090519040,246784,5,131072,471260027.32818854,
llama2-7b,1,1024,True,64,C,tightc,False,False,fs,128,2500608.0,422912.0,7897088.0,98736.0,10919344.0,98314.25918887983,10918922.25918888,run_query,2,113.70690280001145,1090519040,246784,5,131072,530432903.1649596,
llama2-7b,1,1024,True,64,C,tightc,False,True,int,128,1582345.0,292640.0,5273472.0,73232.0,7221689.0,74103.09799800874,7222560.097998009,run_query,2,113.70690280001145,1090519040,246784,5,131072,,
llama2-7b,1,1024,True,64,C,tightc,False,True,fs,128,1582345.0,409696.0,7650304.0,97552.0,9739897.0,98314.25918887983,9740659.25918888,run_query,2,113.70690280001145,1090519040,246784,5,131072,,
llama2-7b,1,1024,True,64,C,R8c,False,False,int,128,2500608.0,302080.0,3727360.0,61888.0,6591936.0,61880.45910575574,6591928.459105756,run_query,2,256.83635080000386,2181038080,492544,5,262144,434483384.5130077,
llama2-7b,1,1024,True,64,C,R8c,False,False,fs,128,2500608.0,422912.0,5435392.0,83280.0,8442192.0,82834.73220338066,8441746.732203381,run_query,2,256.83635080000386,2181038080,492544,5,262144,477161191.2294185,
llama2-7b,1,1024,True,64,C,R8c,False,True,int,128,1582345.0,292640.0,3610880.0,61888.0,5547753.0,61880.45910575574,5547745.459105756,run_query,2,256.83635080000386,2181038080,492544,5,262144,,
llama2-7b,1,1024,True,64,C,R8c,False,True,fs,128,1582345.0,409696.0,5265536.0,83200.0,7340777.0,82834.73220338066,7340411.73220338,run_query,2,256.83635080000386,2181038080,492544,5,262144,,
llama2-7b,1,1024,True,64,Kpre,-,False,False,int,128,3287040.0,0.0,0.0,0.0,3287040.0,0.0,3287040.0,run_query,2,,,,,,340535296.0,
llama2-7b,1,1024,True,64,Kpre,-,False,True,int,128,1578223.5,0.0,0.0,0.0,1578223.5,0.0,1578223.5,run_query,2,,,,,,,
llama2-7b,1,1024,True,64,Kpre,-,True,False,int,128,2238464.0,0.0,0.0,0.0,2238464.0,0.0,2238464.0,run_query,2,,,,,,339486720.0,
llama2-7b,1,1024,True,64,Kpre,-,True,True,int,128,1320201.0,0.0,0.0,0.0,1320201.0,0.0,1320201.0,run_query,2,,,,,,,
llama2-7b,2,1024,True,64,C,tightc,False,False,int,128,13379584.0,522240.0,9277440.0,90944.0,23270208.0,91056.06263383498,23270320.062633835,run_query,2,246.68662930000573,2231369728,312320,6,131072,471260027.32818854,
llama2-7b,2,1024,True,64,C,tightc,False,False,fs,128,13379584.0,731136.0,13467648.0,122176.0,27700544.0,121787.8994048567,27700155.899404857,run_query,2,246.68662930000573,2231369728,312320,6,131072,530432903.1649596,
llama2-7b,2,1024,True,64,C,tightc,False,True,int,128,8024679.5,505920.0,8987520.0,90944.0,17609063.5,91056.06263383498,17609175.562633835,run_query,2,246.68662930000573,2231369728,312320,6,131072,,
llama2-7b,2,1024,True,64,C,tightc,False,True,fs,128,8024679.5,708288.0,13046784.0,121648.0,21901399.5,121787.8994048567,21901539.399404857,run_query,2,246.68662930000573,2231369728,312320,6,131072,,
llama2-7b,2,1024,True,64,C,R8c,False,False,int,128,13379584.0,522240.0,6430720.0,75856.0,20408400.0,76013.24745296249,20408557.247452963,run_query,2,525.2597156999982,4462739456,623616,6,262144,434483384.5130077,
llama2-7b,2,1024,True,64,C,R8c,False,False,fs,128,13379584.0,731136.0,9367552.0,101728.0,23580000.0,102171.96386380243,23580443.9638638,run_query,2,525.2597156999982,4462739456,623616,6,262144,477161191.2294185,
llama2-7b,2,1024,True,64,C,R8c,False,True,int,128,8024679.5,505920.0,6229760.0,75856.0,14836215.5,76013.24745296249,14836372.747452963,run_query,2,525.2597156999982,4462739456,623616,6,262144,,
llama2-7b,2,1024,True,64,C,R8c,False,True,fs,128,8024679.5,708288.0,9074816.0,101680.0,17909463.5,102171.96386380243,17909955.4638638,run_query,2,525.2597156999982,4462739456,623616,6,262144,,
llama2-7b,2,1024,True,64,Kpre,-,False,False,int,128,14166016.0,0.0,0.0,0.0,14166016.0,0.0,14166016.0,run_query,2,,,,,,340535296.0,
llama2-7b,2,1024,True,64,Kpre,-,False,True,int,128,8025866.0,0.0,0.0,0.0,8025866.0,0.0,8025866.0,run_query,2,,,,,,,
llama2-7b,2,1024,True,64,Kpre,-,True,False,int,128,13117440.0,0.0,0.0,0.0,13117440.0,0.0,13117440.0,run_query,2,,,,,,339486720.0,
llama2-7b,2,1024,True,64,Kpre,-,True,True,int,128,7762535.5,0.0,0.0,0.0,7762535.5,0.0,7762535.5,run_query,2,,,,,,,
llama2-7b,32,1024,True,64,C,tightc,False,False,int,128,339748864,7127040,124293120,91003.3281885615,471260027.32818854,,,"model, claims extrapolated from L1 and L2",,,36456890368,312320,6,131072,,131.54914253938702
llama2-7b,32,1024,True,64,C,tightc,False,False,fs,128,339748864,9977856,180584448,121735.16495958321,530432903.1649596,,,"model, claims extrapolated from L1 and L2",,,36456890368,312320,6,131072,,130.39322613177848
llama2-7b,32,1024,True,64,C,tightc,False,True,int,128,201294714.5,6904320,120408960,91003.3281885615,328698997.82818854,,,"model, claims extrapolated from L1 and L2",,,36456890368,312320,6,131072,,131.54914253938702
llama2-7b,32,1024,True,64,C,tightc,False,True,fs,128,201294714.5,9666048,174941184,121735.16495958321,386023681.6649596,,,"model, claims extrapolated from L1 and L2",,,36456890368,312320,6,131072,,130.39322613177848
llama2-7b,32,1024,True,64,C,R8c,False,False,int,128,339748864,7127040,87531520,75960.513007689,434483384.5130077,,,"model, claims extrapolated from L1 and L2",,,72913780736,623616,6,262144,,132.12982861213092
llama2-7b,32,1024,True,64,C,R8c,False,False,fs,128,339748864,9977856,127332352,102119.22941852895,477161191.2294185,,,"model, claims extrapolated from L1 and L2",,,72913780736,623616,6,262144,,131.36070948025187
llama2-7b,32,1024,True,64,C,R8c,False,True,int,128,201294714.5,6904320,84796160,75960.513007689,293071155.0130077,,,"model, claims extrapolated from L1 and L2",,,72913780736,623616,6,262144,,132.12982861213092
llama2-7b,32,1024,True,64,C,R8c,False,True,fs,128,201294714.5,9666048,123353216,102119.22941852895,334416097.7294185,,,"model, claims extrapolated from L1 and L2",,,72913780736,623616,6,262144,,131.36070948025187
llama2-7b,32,1024,True,64,Kpre,-,False,False,int,128,340535296,0,0,0.0,340535296.0,,,"model, claims extrapolated from L1 and L2",,,,,,,,146.7142740192104
llama2-7b,32,1024,True,64,Kpre,-,False,True,int,128,201455141.0,0,0,0.0,201455141.0,,,"model, claims extrapolated from L1 and L2",,,,,,,,146.7142740192104
llama2-7b,32,1024,True,64,Kpre,-,True,False,int,128,339486720,0,0,0.0,339486720.0,,,"model, claims extrapolated from L1 and L2",,,,,,,,146.72067179040855
llama2-7b,32,1024,True,64,Kpre,-,True,True,int,128,201032570.5,0,0,0.0,201032570.5,,,"model, claims extrapolated from L1 and L2",,,,,,,,146.72067179040855
qwen3-4b,1,1024,True,8,C,tightc,False,False,int,128,204800.0,430080.0,3063808.0,61696.0,3760384.0,61173.3546596614,3759861.354659661,run_query,2,66.4891534000053,637534208,230400,5,131072,128856671.75615618,
qwen3-4b,1,1024,True,8,C,tightc,False,False,fs,128,204800.0,602112.0,4464640.0,83552.0,5355104.0,82974.26650159259,5354526.2665015925,run_query,2,66.4891534000053,637534208,230400,5,131072,171242718.8047344,
qwen3-4b,1,1024,True,8,C,tightc,False,True,int,128,126390.5,416640.0,2968064.0,61696.0,3572790.5,61173.3546596614,3572267.854659661,run_query,2,66.4891534000053,637534208,230400,5,131072,,
qwen3-4b,1,1024,True,8,C,tightc,False,True,fs,128,126390.5,583296.0,4325120.0,82688.0,5117494.5,82974.26650159259,5117780.7665015925,run_query,2,66.4891534000053,637534208,230400,5,131072,,
qwen3-4b,1,1024,True,8,C,R8c,False,False,int,128,204800.0,430080.0,2166784.0,51984.0,2853648.0,52045.0480646538,2853709.0480646538,run_query,2,146.26363400003174,1275068416,459776,5,262144,104652206.43637367,
qwen3-4b,1,1024,True,8,C,R8c,False,False,fs,128,204800.0,602112.0,3153920.0,70432.0,4031264.0,71073.6239673159,4031905.623967316,run_query,2,146.26363400003174,1275068416,459776,5,262144,135868953.4817841,
qwen3-4b,1,1024,True,8,C,R8c,False,True,int,128,126390.5,416640.0,2099072.0,51984.0,2694086.5,52045.0480646538,2694147.5480646538,run_query,2,146.26363400003174,1275068416,459776,5,262144,,
qwen3-4b,1,1024,True,8,C,R8c,False,True,fs,128,126390.5,583296.0,3055360.0,70464.0,3835510.5,71073.6239673159,3836120.123967316,run_query,2,146.26363400003174,1275068416,459776,5,262144,,
qwen3-4b,1,1024,True,8,Kpre,-,False,False,int,128,266240.0,0.0,0.0,0.0,266240.0,0.0,266240.0,run_query,2,,,,,,34672640.0,
qwen3-4b,1,1024,True,8,Kpre,-,False,True,int,128,125989.5,0.0,0.0,0.0,125989.5,0.0,125989.5,run_query,2,,,,,,,
qwen3-4b,1,1024,True,8,Kpre,-,True,False,int,128,184320.0,0.0,0.0,0.0,184320.0,0.0,184320.0,run_query,2,,,,,,34590720.0,
qwen3-4b,1,1024,True,8,Kpre,-,True,True,int,128,105910.5,0.0,0.0,0.0,105910.5,0.0,105910.5,run_query,2,,,,,,,
qwen3-4b,2,1024,True,8,C,tightc,False,False,int,128,1187840.0,706560.0,5378048.0,75872.0,7348320.0,76309.2261608858,7348757.226160886,run_query,2,133.55871650000336,1266679808,263168,6,131072,128856671.75615618,
qwen3-4b,2,1024,True,8,C,tightc,False,False,fs,128,1187840.0,989184.0,7833600.0,102768.0,10113392.0,103572.27473911452,10114196.274739115,run_query,2,133.55871650000336,1266679808,263168,6,131072,171242718.8047344,
qwen3-4b,2,1024,True,8,C,tightc,False,True,int,128,692552.5,684480.0,5209984.0,75872.0,6662888.5,76309.2261608858,6663325.726160886,run_query,2,133.55871650000336,1266679808,263168,6,131072,,
qwen3-4b,2,1024,True,8,C,tightc,False,True,fs,128,692552.5,958272.0,7588800.0,104032.0,9343656.5,103572.27473911452,9343196.774739115,run_query,2,133.55871650000336,1266679808,263168,6,131072,,
qwen3-4b,2,1024,True,8,C,R8c,False,False,int,128,1187840.0,706560.0,3815424.0,64976.0,5774800.0,64867.90637838426,5774691.906378385,run_query,2,298.1847222999786,2533359616,525312,6,262144,104652206.43637367,
qwen3-4b,2,1024,True,8,C,R8c,False,False,fs,128,1187840.0,989184.0,5550080.0,87744.0,7814848.0,88526.95178881627,7815630.951788817,run_query,2,298.1847222999786,2533359616,525312,6,262144,135868953.4817841,
qwen3-4b,2,1024,True,8,C,R8c,False,True,int,128,692552.5,684480.0,3696192.0,64976.0,5138200.5,64867.90637838426,5138092.406378385,run_query,2,298.1847222999786,2533359616,525312,6,262144,,
qwen3-4b,2,1024,True,8,C,R8c,False,True,fs,128,692552.5,958272.0,5376640.0,88720.0,7116184.5,88526.95178881627,7115991.451788817,run_query,2,298.1847222999786,2533359616,525312,6,262144,,
qwen3-4b,2,1024,True,8,Kpre,-,False,False,int,128,1249280.0,0.0,0.0,0.0,1249280.0,0.0,1249280.0,run_query,2,,,,,,34672640.0,
qwen3-4b,2,1024,True,8,Kpre,-,False,True,int,128,692381.5,0.0,0.0,0.0,692381.5,0.0,692381.5,run_query,2,,,,,,,
qwen3-4b,2,1024,True,8,Kpre,-,True,False,int,128,1167360.0,0.0,0.0,0.0,1167360.0,0.0,1167360.0,run_query,2,,,,,,34590720.0,
qwen3-4b,2,1024,True,8,Kpre,-,True,True,int,128,672072.5,0.0,0.0,0.0,672072.5,0.0,672072.5,run_query,2,,,,,,,
qwen3-4b,36,1024,True,8,C,tightc,False,False,int,128,34611200,10106880,84062208,76383.75615617346,128856671.75615618,,,"model, claims extrapolated from L1 and L2",,,22657630208,263168,6,131072,,130.75719819949785
qwen3-4b,36,1024,True,8,C,tightc,False,False,fs,128,34611200,14149632,122378240,103646.80473440219,171242718.8047344,,,"model, claims extrapolated from L1 and L2",,,22657630208,263168,6,131072,,130.01159461235352
qwen3-4b,36,1024,True,8,C,tightc,False,True,int,128,19942060.5,9791040,81435264,76383.75615617346,111244748.25615618,,,"model, claims extrapolated from L1 and L2",,,22657630208,263168,6,131072,,130.75719819949785
qwen3-4b,36,1024,True,8,C,tightc,False,True,fs,128,19942060.5,13707456,118553920,103646.80473440219,152307083.3047344,,,"model, claims extrapolated from L1 and L2",,,22657630208,263168,6,131072,,130.01159461235352
qwen3-4b,36,1024,True,8,C,R8c,False,False,int,128,34611200,10106880,59869184,64942.43637367193,104652206.43637367,,,"model, claims extrapolated from L1 and L2",,,45315260416,525312,6,262144,,131.7484624292997
qwen3-4b,36,1024,True,8,C,R8c,False,False,fs,128,34611200,14149632,87019520,88601.48178410393,135868953.4817841,,,"model, claims extrapolated from L1 and L2",,,45315260416,525312,6,262144,,131.00639661557162
qwen3-4b,36,1024,True,8,C,R8c,False,True,int,128,19942060.5,9791040,57998272,64942.43637367193,87796314.93637367,,,"model, claims extrapolated from L1 and L2",,,45315260416,525312,6,262144,,131.7484624292997
qwen3-4b,36,1024,True,8,C,R8c,False,True,fs,128,19942060.5,13707456,84300160,88601.48178410393,118038277.9817841,,,"model, claims extrapolated from L1 and L2",,,45315260416,525312,6,262144,,131.00639661557162
qwen3-4b,36,1024,True,8,Kpre,-,False,False,int,128,34672640,0,0,0.0,34672640.0,,,"model, claims extrapolated from L1 and L2",,,,,,,,146.54576829485342
qwen3-4b,36,1024,True,8,Kpre,-,False,True,int,128,19949709.5,0,0,0.0,19949709.5,,,"model, claims extrapolated from L1 and L2",,,,,,,,146.54576829485342
qwen3-4b,36,1024,True,8,Kpre,-,True,False,int,128,34590720,0,0,0.0,34590720.0,,,"model, claims extrapolated from L1 and L2",,,,,,,,146.55145940693126
qwen3-4b,36,1024,True,8,Kpre,-,True,True,int,128,19921580.5,0,0,0.0,19921580.5,,,"model, claims extrapolated from L1 and L2",,,,,,,,146.55145940693126
opt-125m,1,50272,True,2048,C,tightc,False,False,int,128,15951232.0,61460.0,1030008.0,301968.0,17344668.0,302418.33402509266,17345118.334025092,run_query,2,28.035744299995713,239108096,358400,6,262144,648163118.7205868,
opt-125m,1,50272,True,2048,C,tightc,False,False,fs,128,15951232.0,86044.0,1512728.0,322592.0,17872596.0,322235.5530320114,17872239.55303201,run_query,2,28.035744299995713,239108096,358400,6,262144,652347218.5783591,
opt-125m,1,50272,True,2048,C,tightc,False,True,int,128,10132417.0,59644.0,997828.0,301968.0,11491857.0,302418.33402509266,11492307.334025092,run_query,2,28.035744299995713,239108096,358400,6,262144,,
opt-125m,1,50272,True,2048,C,tightc,False,True,fs,128,10132417.0,83452.0,1465556.0,322176.0,12003601.0,322235.5530320114,12003660.55303201,run_query,2,28.035744299995713,239108096,358400,6,262144,,
opt-125m,1,50272,True,2048,C,R8c,False,False,int,128,15951232.0,61460.0,737920.0,294384.0,17044996.0,294255.80721327744,17044867.807213277,run_query,2,59.0560052000219,478216192,649216,6,524288,645865975.1433835,
opt-125m,1,50272,True,2048,C,R8c,False,False,fs,128,15951232.0,86044.0,1079204.0,311888.0,17428368.0,311711.33671243256,17428191.33671243,run_query,2,59.0560052000219,478216192,649216,6,524288,648958779.61866,
opt-125m,1,50272,True,2048,C,R8c,False,True,int,128,10132417.0,59644.0,714860.0,294384.0,11201305.0,294255.80721327744,11201176.807213277,run_query,2,59.0560052000219,478216192,649216,6,524288,,
opt-125m,1,50272,True,2048,C,R8c,False,True,fs,128,10132417.0,83452.0,1045568.0,312320.0,11573757.0,311711.33671243256,11573148.336712433,run_query,2,59.0560052000219,478216192,649216,6,524288,,
opt-125m,1,50272,True,2048,Kpre,-,False,False,int,128,25388416.0,0.0,0.0,0.0,25388416.0,0.0,25388416.0,run_query,2,,,,,,648242560.0,
opt-125m,1,50272,True,2048,Kpre,-,False,True,int,128,10028207.0,0.0,0.0,0.0,10028207.0,0.0,10028207.0,run_query,2,,,,,,,
opt-125m,1,50272,True,2048,Kpre,-,True,False,int,128,12805504.0,0.0,0.0,0.0,12805504.0,0.0,12805504.0,run_query,2,,,,,,635659648.0,
opt-125m,1,50272,True,2048,Kpre,-,True,True,int,128,6986689.0,0.0,0.0,0.0,6986689.0,0.0,6986689.0,run_query,2,,,,,,,
opt-125m,2,50272,True,2048,C,tightc,False,False,int,128,72574336.0,122920.0,1691124.0,313760.0,74702140.0,314019.95688874077,74702399.95688874,run_query,2,31.613212999945972,280039424,374784,7,262144,648163118.7205868,
opt-125m,2,50272,True,2048,C,tightc,False,False,fs,128,72574336.0,172088.0,2481340.0,336672.0,75564436.0,337935.8146610549,75565699.81466106,run_query,2,31.613212999945972,280039424,374784,7,262144,652347218.5783591,
opt-125m,2,50272,True,2048,C,tightc,False,True,int,128,40728576.0,119164.0,1638288.0,313760.0,42799788.0,314019.95688874077,42800047.95688874,run_query,2,31.613212999945972,280039424,374784,7,262144,,
opt-125m,2,50272,True,2048,C,tightc,False,True,fs,128,40728576.0,166780.0,2403864.0,338160.0,43637380.0,337935.8146610549,43637155.814661056,run_query,2,31.613212999945972,280039424,374784,7,262144,,
opt-125m,2,50272,True,2048,C,R8c,False,False,int,128,72574336.0,122920.0,1217616.0,304400.0,74219272.0,304584.3796854931,74219456.37968549,run_query,2,67.26823980000336,560078848,681984,7,524288,645865975.1433835,
opt-125m,2,50272,True,2048,C,R8c,False,False,fs,128,72574336.0,172088.0,1780296.0,325760.0,74852480.0,325740.854961986,74852460.85496199,run_query,2,67.26823980000336,560078848,681984,7,524288,648958779.61866,
opt-125m,2,50272,True,2048,C,R8c,False,True,int,128,40728576.0,119164.0,1179612.0,304400.0,42331752.0,304584.3796854931,42331936.37968549,run_query,2,67.26823980000336,560078848,681984,7,524288,,
opt-125m,2,50272,True,2048,C,R8c,False,True,fs,128,40728576.0,166780.0,1724716.0,326304.0,42946376.0,325740.854961986,42945812.854961984,run_query,2,67.26823980000336,560078848,681984,7,524288,,
opt-125m,2,50272,True,2048,Kpre,-,False,False,int,128,82011520.0,0.0,0.0,0.0,82011520.0,0.0,82011520.0,run_query,2,,,,,,648242560.0,
opt-125m,2,50272,True,2048,Kpre,-,False,True,int,128,40766819.0,0.0,0.0,0.0,40766819.0,0.0,40766819.0,run_query,2,,,,,,,
opt-125m,2,50272,True,2048,Kpre,-,True,False,int,128,69428608.0,0.0,0.0,0.0,69428608.0,0.0,69428608.0,run_query,2,,,,,,635659648.0,
opt-125m,2,50272,True,2048,Kpre,-,True,True,int,128,37582848.0,0.0,0.0,0.0,37582848.0,0.0,37582848.0,run_query,2,,,,,,,
opt-125m,12,50272,True,2048,C,tightc,False,False,int,128,638805376,737520,8302284,317938.72058678325,648163118.7205868,,,"model, claims extrapolated from L1 and L2",,,689352704,374784,7,262144,,130.14266899601185
opt-125m,12,50272,True,2048,C,tightc,False,False,fs,128,638805376,1032528,12167460,341854.57835909736,652347218.5783591,,,"model, claims extrapolated from L1 and L2",,,689352704,374784,7,262144,,130.0389629221341
opt-125m,12,50272,True,2048,C,tightc,False,True,int,128,346690166.0,714488,8042888,317938.72058678325,355765480.7205868,,,"model, claims extrapolated from L1 and L2",,,689352704,374784,7,262144,,130.14266899601185
opt-125m,12,50272,True,2048,C,tightc,False,True,fs,128,346690166.0,1000308,11787316,341854.57835909736,359819644.5783591,,,"model, claims extrapolated from L1 and L2",,,689352704,374784,7,262144,,130.0389629221341
opt-125m,12,50272,True,2048,C,R8c,False,False,int,128,638805376,737520,6014576,308503.1433835356,645865975.1433835,,,"model, claims extrapolated from L1 and L2",,,1378705408,681984,7,524288,,131.6834104467955
opt-125m,12,50272,True,2048,C,R8c,False,False,fs,128,638805376,1032528,8791216,329659.6186600285,648958779.61866,,,"model, claims extrapolated from L1 and L2",,,1378705408,681984,7,524288,,131.349666344049
opt-125m,12,50272,True,2048,C,R8c,False,True,int,128,346690166.0,714488,5826636,308503.1433835356,353539793.14338356,,,"model, claims extrapolated from L1 and L2",,,1378705408,681984,7,524288,,131.6834104467955
opt-125m,12,50272,True,2048,C,R8c,False,True,fs,128,346690166.0,1000308,8516568,329659.6186600285,356536701.61866003,,,"model, claims extrapolated from L1 and L2",,,1378705408,681984,7,524288,,131.349666344049
opt-125m,12,50272,True,2048,Kpre,-,False,False,int,128,648242560,0,0,0.0,648242560.0,,,"model, claims extrapolated from L1 and L2",,,,,,,,148.3056342911297
opt-125m,12,50272,True,2048,Kpre,-,False,True,int,128,348152939.0,0,0,0.0,348152939.0,,,"model, claims extrapolated from L1 and L2",,,,,,,,148.3056342911297
opt-125m,12,50272,True,2048,Kpre,-,True,False,int,128,635659648,0,0,0.0,635659648.0,,,"model, claims extrapolated from L1 and L2",,,,,,,,148.34462842274556
opt-125m,12,50272,True,2048,Kpre,-,True,True,int,128,343544438.0,0,0,0.0,343544438.0,,,"model, claims extrapolated from L1 and L2",,,,,,,,148.34462842274556
