model,layers,vocab,prune_last,seq,mode,policy,lookups,wire,challenges,lam,bytes_claims,bytes_u,bytes_columns,bytes_paths,bytes_total,model_paths,model_total,source,queries,commit_s,encoded_entries,leaves,trees,max_n,whole_model_total
gpt2,12,50257,False,64,C,paper,False,False,int,128,21827908,2701300,36648464,895200,62072872,894498.8150170617,62072170.81501706,run_query,3,82.53348049998749,863309824,712704,75,262144,62072170.81501706
gpt2,12,50257,False,64,C,paper,False,False,fs,128,21827908,3781820,53894800,1185120,80689648,1185228.5902890977,80689756.5902891,run_query,3,82.53348049998749,863309824,712704,75,262144,80689756.5902891
gpt2,12,50257,False,64,C,paper,False,True,int,128,11719513,2616896,35503308,895200,50734917,894498.8150170617,50734215.81501706,run_query,3,82.53348049998749,863309824,712704,75,262144,
gpt2,12,50257,False,64,C,paper,False,True,fs,128,11719513,3663704,52210696,1182208,68772089,1185228.5902890977,68779141.5902891,run_query,3,82.53348049998749,863309824,712704,75,262144,
gpt2,12,50257,False,512,C,paper,False,False,int,128,173216068,2701300,36648464,895200,213461032,894498.8150170617,213460330.81501707,run_query,3,82.53348049998749,863309824,712704,75,262144,213460330.81501707
gpt2,12,50257,False,512,C,paper,False,False,fs,128,173216068,3781820,53894800,1188352,232081040,1185228.5902890977,232077916.5902891,run_query,3,82.53348049998749,863309824,712704,75,262144,232077916.5902891
gpt2,12,50257,False,512,C,paper,False,True,int,128,91294543,2616896,35503308,895200,130311023,894498.8150170617,130309245.81501706,run_query,3,82.53348049998749,863309824,712704,75,262144,
gpt2,12,50257,False,512,C,paper,False,True,fs,128,91294543,3663704,52210696,1183008,148352163,1185228.5902890977,148354171.5902891,run_query,3,82.53348049998749,863309824,712704,75,262144,
gpt2,12,50257,False,64,C,tightc,False,False,int,128,21532996,737520,8108496,73760,30452772,73150.98688378402,30452162.986883786,run_query,3,70.69666529999813,692502528,365568,6,262144,30451962.5332742
gpt2,12,50257,False,64,C,tightc,False,False,fs,128,21532996,1032528,11881392,93024,34539940,93218.83910966988,34540134.83910967,run_query,3,70.69666529999813,692502528,365568,6,262144,34539934.38550008
gpt2,12,50257,False,64,C,tightc,False,True,int,128,11717515,714488,7855152,73760,20359763,73150.98688378402,20360305.986883786,run_query,3,70.69666529999813,692502528,365568,6,262144,
gpt2,12,50257,False,64,C,tightc,False,True,fs,128,11717515,1000308,11510176,93440,24321439,93218.83910966988,24321217.83910967,run_query,3,70.69666529999813,692502528,365568,6,262144,
gpt2,12,50257,False,512,C,tightc,False,False,int,128,170856772,737520,8108496,148928,179851716,149470.986883784,179852258.9868838,run_query,3,70.69666529999813,692502528,365568,6,262144,179852267.22330537
gpt2,12,50257,False,512,C,tightc,False,False,fs,128,170856772,1032528,11881392,169472,183940164,169538.83910966988,183940230.83910966,run_query,3,70.69666529999813,692502528,365568,6,262144,183940239.07553127
gpt2,12,50257,False,512,C,tightc,False,True,int,128,91278535,714488,7855152,148928,99996975,149470.986883784,99996365.98688379,run_query,3,70.69666529999813,692502528,365568,6,262144,
gpt2,12,50257,False,512,C,tightc,False,True,fs,128,91278535,1000308,11510176,169888,103957563,169538.83910966988,103957277.83910967,run_query,3,70.69666529999813,692502528,365568,6,262144,
gpt2,12,50257,False,64,C,R16c,False,False,int,128,21532996,737520,4560096,59616,26890228,59881.45560362991,26890493.45560363,run_query,3,312.36501359997783,2770010112,1262592,6,1048576,26890293.001994044
gpt2,12,50257,False,64,C,R16c,False,False,fs,128,21532996,1032528,6746352,76192,29388068,76598.21681297886,29388474.21681298,run_query,3,312.36501359997783,2770010112,1262592,6,1048576,29388273.763203394
gpt2,12,50257,False,64,C,R16c,False,True,int,128,11717515,714488,4417624,59616,16908763,59881.45560362991,16909508.45560363,run_query,3,312.36501359997783,2770010112,1262592,6,1048576,
gpt2,12,50257,False,64,C,R16c,False,True,fs,128,11717515,1000308,6535544,75488,19328855,76598.21681297886,19329965.21681298,run_query,3,312.36501359997783,2770010112,1262592,6,1048576,
gpt2,12,50257,False,512,C,R16c,False,False,int,128,170856772,737520,4560096,135456,176289844,136201.4556036299,176290589.45560363,run_query,3,312.36501359997783,2770010112,1262592,6,1048576,176290597.6920252
gpt2,12,50257,False,512,C,R16c,False,False,fs,128,170856772,1032528,6746352,153088,178788740,152918.21681297885,178788570.21681297,run_query,3,312.36501359997783,2770010112,1262592,6,1048576,178788578.45323458
gpt2,12,50257,False,512,C,R16c,False,True,int,128,91278535,714488,4417624,135456,96545303,136201.4556036299,96545568.45560363,run_query,3,312.36501359997783,2770010112,1262592,6,1048576,
gpt2,12,50257,False,512,C,R16c,False,True,fs,128,91278535,1000308,6535544,152480,98965971,152918.21681297885,98966025.21681298,run_query,3,312.36501359997783,2770010112,1262592,6,1048576,
gpt2,12,50257,False,64,C,cnn16c,False,False,int,128,21532996,737520,4433712,74784,26779012,75028.55344774226,26779256.553447742,run_query,3,264.2407823000103,2518941696,394240,6,131072,26779056.099838156
gpt2,12,50257,False,64,C,cnn16c,False,False,fs,128,21532996,1032528,6530640,96256,29192420,96909.92639271618,29193073.926392715,run_query,3,264.2407823000103,2518941696,394240,6,131072,29192873.47278313
gpt2,12,50257,False,64,C,cnn16c,False,True,int,128,11717515,714488,4295236,74784,16801415,75028.55344774226,16802267.553447742,run_query,3,264.2407823000103,2518941696,394240,6,131072,
gpt2,12,50257,False,64,C,cnn16c,False,True,fs,128,11717515,1000308,6326604,96320,19140747,96909.92639271618,19141336.926392715,run_query,3,264.2407823000103,2518941696,394240,6,131072,
gpt2,12,50257,False,512,C,cnn16c,False,False,int,128,170856772,737520,4433712,150496,176178500,151348.55344774225,176179352.55344775,run_query,3,264.2407823000103,2518941696,394240,6,131072,176179360.78986934
gpt2,12,50257,False,512,C,cnn16c,False,False,fs,128,170856772,1032528,6530640,172096,178592036,173229.92639271618,178593169.9263927,run_query,3,264.2407823000103,2518941696,394240,6,131072,178593178.16281432
gpt2,12,50257,False,512,C,cnn16c,False,True,int,128,91278535,714488,4295236,150496,96438083,151348.55344774225,96438327.55344774,run_query,3,264.2407823000103,2518941696,394240,6,131072,
gpt2,12,50257,False,512,C,cnn16c,False,True,fs,128,91278535,1000308,6326604,172736,98777863,173229.92639271618,98777396.92639272,run_query,3,264.2407823000103,2518941696,394240,6,131072,
