model,layers,vocab,prune_last,seq,mode,policy,lookups,wire,challenges,lam,bytes_claims,bytes_u,bytes_columns,bytes_paths,bytes_total,source,queries,commit_s,encoded_entries,leaves,trees,max_n,whole_model_total,soundness_bits
opt-1.3b,1,50272,False,2048,C,paper,False,False,int,128,184750464,1456120,20092800,148524.61661434604,206447908.61661434,model,3,,1368129536,425984,9,262144,3807062366.1771336,
opt-1.3b,1,50272,False,2048,C,paper,False,False,fs,128,184750464,2038568,29411200,201512.3005381783,216401744.30053818,model,3,,1368129536,425984,9,262144,3875468810.774182,
opt-1.3b,1,50272,False,2048,C,paper,False,True,int,128,93691496,1410624,19464900,148524.61661434604,114715544.61661434,model,3,,1368129536,425984,9,262144,,
opt-1.3b,1,50272,False,2048,C,paper,False,True,fs,128,93691496,1974948,28492100,201512.3005381783,124360056.30053818,model,3,,1368129536,425984,9,262144,,
opt-1.3b,1,50272,False,2048,C,tightc,False,False,int,128,159584640,204840,2253300,326863.53767710284,162369643.5376771,model,3,,838926336,477184,7,262144,3680866238.301375,
opt-1.3b,1,50272,False,2048,C,tightc,False,False,fs,128,159584640,286776,3285724,355948.82107565185,163513088.82107565,model,3,,838926336,477184,7,262144,3702741147.5847735,
opt-1.3b,1,50272,False,2048,C,tightc,False,True,int,128,93477218,198524,2182896,326863.53767710284,96188076.53767711,model,3,,838926336,477184,7,262144,,
opt-1.3b,1,50272,False,2048,C,tightc,False,True,fs,128,93477218,277884,3183080,355948.82107565185,97296705.82107565,model,3,,838926336,477184,7,262144,,
opt-1.3b,1,50272,False,2048,C,R16c,False,False,int,128,159584640,204840,1261832,306158.0031762213,161357470.0031762,model,3,,3355705344,1705984,7,1048576,3661949116.7668743,
opt-1.3b,1,50272,False,2048,C,R16c,False,False,fs,128,159584640,286776,1827200,328372.53656232735,162026988.53656232,model,3,,3355705344,1705984,7,1048576,3674868803.3002605,
opt-1.3b,1,50272,False,2048,C,R16c,False,True,int,128,93477218,198524,1222516,306158.0031762213,95206991.00317623,model,3,,3355705344,1705984,7,1048576,,
opt-1.3b,1,50272,False,2048,C,R16c,False,True,fs,128,93477218,277884,1770100,328372.53656232735,95856149.53656232,model,3,,3355705344,1705984,7,1048576,,
opt-1.3b,1,50272,False,2048,C,R64c,False,False,int,128,159584640,163860,901392,297409.24481633777,160947301.24481633,model,3,,13154516992,6490112,7,4194304,3654190448.0085144,
opt-1.3b,1,50272,False,2048,C,R64c,False,False,fs,128,159584640,229404,1319312,317395.3408594496,161450751.34085944,model,3,,13154516992,6490112,7,4194304,3663929410.1045575,
opt-1.3b,1,50272,False,2048,C,R64c,False,True,int,128,93477218,158844,873332,297409.24481633777,94809378.24481633,model,3,,13154516992,6490112,7,4194304,,
opt-1.3b,1,50272,False,2048,C,R64c,False,True,fs,128,93477218,222332,1278192,317395.3408594496,95297712.34085944,model,3,,13154516992,6490112,7,4194304,,
opt-1.3b,1,50272,False,2048,C,cnn18c,False,False,int,128,159584640,163860,1311016,298480.80601469503,161357996.8060147,model,3,,2685140992,1116160,6,262144,3657239519.5697126,
opt-1.3b,1,50272,False,2048,C,cnn18c,False,False,fs,128,159584640,229404,1900972,317757.2026314469,162032773.20263144,model,3,,2685140992,1116160,6,262144,3668091979.9663296,
opt-1.3b,1,50272,False,2048,C,cnn18c,False,True,int,128,93477218,158844,1270132,298480.80601469503,95207249.8060147,model,3,,2685140992,1116160,6,262144,,
opt-1.3b,1,50272,False,2048,C,cnn18c,False,True,fs,128,93477218,222332,1841648,317757.2026314469,95861530.20263144,model,3,,2685140992,1116160,6,262144,,
opt-1.3b,1,50272,False,2048,Kpre,-,False,False,int,128,184750464,0,0,0.0,184750464.0,model,3,,,,,,3657634176.0,
opt-1.3b,1,50272,False,2048,Kpre,-,False,True,int,128,93691496,0,0,0.0,93691496.0,model,3,,,,,,,
opt-1.3b,1,50272,False,2048,Kpre,-,True,False,int,128,151196032,0,0,0.0,151196032.0,model,3,,,,,,3624079744.0,
opt-1.3b,1,50272,False,2048,Kpre,-,True,True,int,128,85088610,0,0,0.0,85088610.0,model,3,,,,,,,
opt-1.3b,2,50272,False,2048,C,paper,False,False,int,128,335745408,1824880,25180032,246043.29315865602,362996363.29315865,model,3,,1770782720,573440,15,262144,3807062366.1771336,
opt-1.3b,2,50272,False,2048,C,paper,False,False,fs,128,335745408,2554832,36857728,333648.7559139814,375491616.755914,model,3,,1770782720,573440,15,262144,3875468810.774182,
opt-1.3b,2,50272,False,2048,C,paper,False,True,int,128,178487299,1767868,24393156,246043.29315865602,204894366.29315865,model,3,,1770782720,573440,15,262144,,
opt-1.3b,2,50272,False,2048,C,paper,False,True,fs,128,178487299,2475040,35705924,333648.7559139814,217001911.75591397,model,3,,1770782720,573440,15,262144,,
opt-1.3b,2,50272,False,2048,C,tightc,False,False,int,128,310579584,409680,4031464,326863.53767710284,315347591.5376771,model,3,,1140981760,477184,7,262144,3680866238.301375,
opt-1.3b,2,50272,False,2048,C,tightc,False,False,fs,128,310579584,573552,5883320,355948.82107565185,317392404.8210757,model,3,,1140981760,477184,7,262144,3702741147.5847735,
opt-1.3b,2,50272,False,2048,C,tightc,False,True,int,128,178158225,396924,3905504,326863.53767710284,182791132.5376771,model,3,,1140981760,477184,7,262144,,
opt-1.3b,2,50272,False,2048,C,tightc,False,True,fs,128,178158225,555644,5699536,355948.82107565185,184772969.82107565,model,3,,1140981760,477184,7,262144,,
opt-1.3b,2,50272,False,2048,C,R16c,False,False,int,128,310579584,409680,2261520,306158.0031762213,313556942.0031762,model,3,,4563927040,1705984,7,1048576,3661949116.7668743,
opt-1.3b,2,50272,False,2048,C,R16c,False,False,fs,128,310579584,573552,3277568,328372.53656232735,314759076.5365623,model,3,,4563927040,1705984,7,1048576,3674868803.3002605,
opt-1.3b,2,50272,False,2048,C,R16c,False,True,int,128,178158225,396924,2190956,306158.0031762213,181055879.0031762,model,3,,4563927040,1705984,7,1048576,,
opt-1.3b,2,50272,False,2048,C,R16c,False,True,fs,128,178158225,555644,3175144,328372.53656232735,182221001.53656232,model,3,,4563927040,1705984,7,1048576,,
opt-1.3b,2,50272,False,2048,C,R64c,False,False,int,128,310579584,327720,1622560,297409.24481633777,312827273.24481636,model,3,,17719099392,6490112,7,4194304,3654190448.0085144,
opt-1.3b,2,50272,False,2048,C,R64c,False,False,fs,128,310579584,458808,2376480,317395.3408594496,313732267.3408595,model,3,,17719099392,6490112,7,4194304,3663929410.1045575,
opt-1.3b,2,50272,False,2048,C,R64c,False,True,int,128,178158225,317564,1571948,297409.24481633777,180348762.24481633,model,3,,17719099392,6490112,7,4194304,,
opt-1.3b,2,50272,False,2048,C,R64c,False,True,fs,128,178158225,444540,2302308,317395.3408594496,181226084.34085944,model,3,,17719099392,6490112,7,4194304,,
opt-1.3b,2,50272,False,2048,C,cnn18c,False,False,int,128,310579584,327720,2146896,298480.80601469503,313352680.8060147,model,3,,4833411072,1116160,6,262144,3657239519.5697126,
opt-1.3b,2,50272,False,2048,C,cnn18c,False,False,fs,128,310579584,458808,3113816,317757.2026314469,314469965.2026315,model,3,,4833411072,1116160,6,262144,3668091979.9663296,
opt-1.3b,2,50272,False,2048,C,cnn18c,False,True,int,128,178158225,317564,2079852,298480.80601469503,180857737.8060147,model,3,,4833411072,1116160,6,262144,,
opt-1.3b,2,50272,False,2048,C,cnn18c,False,True,fs,128,178158225,444540,3016548,317757.2026314469,181940686.20263144,model,3,,4833411072,1116160,6,262144,,
opt-1.3b,2,50272,False,2048,Kpre,-,False,False,int,128,335745408,0,0,0.0,335745408.0,model,3,,,,,,3657634176.0,
opt-1.3b,2,50272,False,2048,Kpre,-,False,True,int,128,178487299,0,0,0.0,178487299.0,model,3,,,,,,,
opt-1.3b,2,50272,False,2048,Kpre,-,True,False,int,128,302190976,0,0,0.0,302190976.0,model,3,,,,,,3624079744.0,
opt-1.3b,2,50272,False,2048,Kpre,-,True,True,int,128,169769617,0,0,0.0,169769617.0,model,3,,,,,,,
opt-1.3b,24,50272,False,2048,C,paper,False,False,int,128,3657634176,9937600,137099136,2391454.17713347,3807062366.1771336,"model, claims extrapolated from L1 and L2",,,10629152768,3817472,147,262144,,138.30373072757166
opt-1.3b,24,50272,False,2048,C,paper,False,False,fs,128,3657634176,13912640,200681344,3240650.7741816537,3875468810.774182,"model, claims extrapolated from L1 and L2",,,10629152768,3817472,147,262144,,139.76212586706683
opt-1.3b,24,50272,False,2048,C,paper,False,True,int,128,2043994965.0,9627112,132814788,2391454.17713347,2188828319.1771336,"model, claims extrapolated from L1 and L2",,,10629152768,3817472,147,262144,,138.30373072757166
opt-1.3b,24,50272,False,2048,C,paper,False,True,fs,128,2043994965.0,13477932,194410052,3240650.7741816537,2255123599.774182,"model, claims extrapolated from L1 and L2",,,10629152768,3817472,147,262144,,139.76212586706683
opt-1.3b,24,50272,False,2048,C,tightc,False,False,int,128,3632468352,4916160,43151072,330654.3013751453,3680866238.301375,"model, claims extrapolated from L1 and L2",,,7786201088,477184,7,262144,,130.87764169421186
opt-1.3b,24,50272,False,2048,C,tightc,False,False,fs,128,3632468352,6882624,63030432,359739.58477369434,3702741147.5847735,"model, claims extrapolated from L1 and L2",,,7786201088,477184,7,262144,,130.64192430759275
opt-1.3b,24,50272,False,2048,C,tightc,False,True,int,128,2041140379.0,4762592,41802632,330654.3013751453,2088036257.3013752,"model, claims extrapolated from L1 and L2",,,7786201088,477184,7,262144,,130.87764169421186
opt-1.3b,24,50272,False,2048,C,tightc,False,True,fs,128,2041140379.0,6667604,61060824,359739.58477369434,2109228546.5847738,"model, claims extrapolated from L1 and L2",,,7786201088,477184,7,262144,,130.64192430759275
opt-1.3b,24,50272,False,2048,C,R16c,False,False,int,128,3632468352,4916160,24254656,309948.76687426376,3661949116.7668743,"model, claims extrapolated from L1 and L2",,,31144804352,1705984,7,1048576,,131.971228079122
opt-1.3b,24,50272,False,2048,C,R16c,False,False,fs,128,3632468352,6882624,35185664,332163.30026036984,3674868803.3002605,"model, claims extrapolated from L1 and L2",,,31144804352,1705984,7,1048576,,130.65426961533242
opt-1.3b,24,50272,False,2048,C,R16c,False,True,int,128,2041140379.0,4762592,23496760,309948.76687426376,2069709679.7668743,"model, claims extrapolated from L1 and L2",,,31144804352,1705984,7,1048576,,131.971228079122
opt-1.3b,24,50272,False,2048,C,R16c,False,True,fs,128,2041140379.0,6667604,34086112,332163.30026036984,2082226258.3002603,"model, claims extrapolated from L1 and L2",,,31144804352,1705984,7,1048576,,130.65426961533242
opt-1.3b,24,50272,False,2048,C,R64c,False,False,int,128,3632468352,3932640,17488256,301200.00851438026,3654190448.0085144,"model, claims extrapolated from L1 and L2",,,118139912192,6490112,7,4194304,,132.27479390748607
opt-1.3b,24,50272,False,2048,C,R64c,False,False,fs,128,3632468352,5505696,25634176,321186.1045574921,3663929410.1045575,"model, claims extrapolated from L1 and L2",,,118139912192,6490112,7,4194304,,133.41570646868024
opt-1.3b,24,50272,False,2048,C,R64c,False,True,int,128,2041140379.0,3809776,16941748,301200.00851438026,2062193103.0085144,"model, claims extrapolated from L1 and L2",,,118139912192,6490112,7,4194304,,132.27479390748607
opt-1.3b,24,50272,False,2048,C,R64c,False,True,fs,128,2041140379.0,5333736,24833108,321186.1045574921,2071628409.1045575,"model, claims extrapolated from L1 and L2",,,118139912192,6490112,7,4194304,,133.41570646868024
opt-1.3b,24,50272,False,2048,C,cnn18c,False,False,int,128,3632468352,3932640,20536256,302271.5697127375,3657239519.5697126,"model, claims extrapolated from L1 and L2",,,52095352832,1116160,6,262144,,133.60720408348678
opt-1.3b,24,50272,False,2048,C,cnn18c,False,False,fs,128,3632468352,5505696,29796384,321547.96632948937,3668091979.9663296,"model, claims extrapolated from L1 and L2",,,52095352832,1116160,6,262144,,131.58008322448265
opt-1.3b,24,50272,False,2048,C,cnn18c,False,True,int,128,2041140379.0,3809776,19894560,302271.5697127375,2065146986.5697126,"model, claims extrapolated from L1 and L2",,,52095352832,1116160,6,262144,,133.60720408348678
opt-1.3b,24,50272,False,2048,C,cnn18c,False,True,fs,128,2041140379.0,5333736,28865340,321547.96632948937,2075661002.9663296,"model, claims extrapolated from L1 and L2",,,52095352832,1116160,6,262144,,131.58008322448265
opt-1.3b,24,50272,False,2048,Kpre,-,False,False,int,128,3657634176,0,0,0.0,3657634176.0,"model, claims extrapolated from L1 and L2",,,,,,,,147.33478063678922
opt-1.3b,24,50272,False,2048,Kpre,-,False,True,int,128,2043994965.0,0,0,0.0,2043994965.0,"model, claims extrapolated from L1 and L2",,,,,,,,147.33478063678922
opt-1.3b,24,50272,False,2048,Kpre,-,True,False,int,128,3624079744,0,0,0.0,3624079744.0,"model, claims extrapolated from L1 and L2",,,,,,,,147.35454389161063
opt-1.3b,24,50272,False,2048,Kpre,-,True,True,int,128,2032751771.0,0,0,0.0,2032751771.0,"model, claims extrapolated from L1 and L2",,,,,,,,147.35454389161063
