model,seq,policy,challenges,lam,reps,bytes_claims,bytes_u,bytes_columns,bytes_paths,bytes_total,soundness_bits,columns_opened,encoded_entries,leaves,trees,max_n,ratio_vs_paper
mlp_mnist,,paper,int,128,5,3112,31100,205392,30470.230823289814,270074.23082328984,152.94295060083238,198,3166208,10240,3,4096,1.0
mlp_mnist,,paper,fs,128,7,3112,43540,304976,40069.26810112577,391697.2681011258,150.76327165771778,294,3166208,10240,3,4096,1.0
mlp_mnist,,tight,int,128,5,3112,31100,156344,23807.673483835642,214363.67348383565,130.0257347767788,140,3166208,10240,3,4096,0.7937213144340834
mlp_mnist,,tight,fs,128,7,3112,43540,231856,31474.5434412751,309982.5434412751,130.70078179169425,206,3166208,10240,3,4096,0.7913829599680686
mlp_mnist,,cnn16,int,128,5,3112,31100,65352,7226.776623836663,106790.77662383666,134.4761528142433,63,50987008,65536,1,65536,0.3954126844989891
mlp_mnist,,cnn16,fs,128,7,3112,43540,96472,10100.379999087747,153224.37999908775,134.80072956796616,93,50987008,65536,1,65536,0.3911806195174415
mlp_mnist,,cnn17,int,128,5,3112,31100,56016,6901.255316301967,97129.25531630196,133.21659604533656,54,101974016,131072,1,131072,0.35963910744173827
mlp_mnist,,cnn17,fs,128,7,3112,43540,84024,9835.10812432744,140511.10812432744,136.05220866768488,81,101974016,131072,1,131072,0.3587237378639343
mlp_mnist,,cnn18,int,128,5,3112,31100,49792,6735.830613499689,90739.83061349968,134.38481565322428,48,203948032,262144,1,262144,0.3359810757838313
mlp_mnist,,cnn18,fs,128,7,3112,43540,74688,9642.90998420148,130982.90998420148,137.75826561968816,72,203948032,262144,1,262144,0.3343983240403535
mlp_mnist,,R8,int,128,5,3112,31100,121088,14874.344451315468,170174.34445131547,130.5133953214897,110,6332416,12288,2,8192,0.6301021164905619
mlp_mnist,,R8,fs,128,7,3112,43540,177024,20094.209452739655,243770.20945273965,131.48374455933268,162,6332416,12288,2,8192,0.6223433996220895
mlp_mnist,,R16,int,128,5,3112,31100,93200,14105.856138605015,141517.856138605,131.06374405810035,86,12664832,24576,2,16384,0.5239961461973041
mlp_mnist,,R16,fs,128,7,3112,43540,136728,19376.776446726708,202756.7764467267,130.58613990792398,127,12664832,24576,2,16384,0.5176364324154038
mlp_mnist,,R64,int,128,5,3112,31100,65272,13248.084398190276,112732.08439819027,133.20698934583297,61,50659328,98304,2,65536,0.4174114800014042
mlp_mnist,,R64,fs,128,7,3112,43540,96352,18462.745916093296,161466.7459160933,133.46584671370934,90,50659328,98304,2,65536,0.4122233139354112
mlp_mnist,,tightc,int,128,5,3112,25960,164904,17930.8269997072,211906.8269997072,130.13875993853867,107,3162176,8256,3,4096,0.7846243840211409
mlp_mnist,,tightc,fs,128,7,3112,36344,239656,23714.468381988794,302826.4683819888,131.2862893701348,154,3162176,8256,3,4096,0.7731135574420374
mlp_mnist,,cnn16c,int,128,5,3112,15400,79876,6628.434139133145,105016.43413913314,132.51100157589082,57,68878336,65536,1,65536,0.38884285190409607
mlp_mnist,,cnn16c,fs,128,7,3112,21560,117712,9256.53958435262,151640.53958435263,132.11638536780472,84,68878336,65536,1,65536,0.38713708757652887
mlp_mnist,,cnn17c,int,128,5,3112,15400,71468,6563.993854275022,96543.99385427502,135.41004323172805,51,137756672,131072,1,131072,0.3574720681790776
mlp_mnist,,cnn17c,fs,128,7,3112,21560,105100,9197.066316155373,138969.06631615537,135.89145331989815,75,137756672,131072,1,131072,0.35478691743205437
mlp_mnist,,cnn18c,int,128,5,3112,15400,63060,6361.002653706077,87933.00265370608,134.31938840053726,45,275513344,262144,1,262144,0.32558827395584006
mlp_mnist,,cnn18c,fs,128,7,3112,21560,92488,8929.623023815555,126089.62302381555,133.69026182576465,66,275513344,262144,1,262144,0.321905801475395
mlp_mnist,,R8c,int,128,5,3112,25960,130088,9532.425590057235,168692.42559005725,133.28206427348414,88,6324352,8320,2,8192,0.6246150366727623
mlp_mnist,,R8c,fs,128,7,3112,36344,185384,12489.46852660492,237329.46852660493,131.68993915307658,124,6324352,8320,2,8192,0.6059002394301428
mlp_mnist,,R16c,int,128,5,3112,25960,102440,9173.328093691474,140685.32809369147,132.3310819094497,70,12648704,16640,2,16384,0.5209135564871503
mlp_mnist,,R16c,fs,128,7,3112,36344,145448,12079.02857755385,196983.02857755387,130.6433144892761,98,12648704,16640,2,16384,0.5028961001757564
mlp_mnist,,R64c,int,128,5,3112,31100,65272,13248.084398190276,112732.08439819027,133.20698934583297,61,50659328,98304,2,65536,0.4174114800014042
mlp_mnist,,R64c,fs,128,7,3112,43540,96352,18462.745916093296,161466.7459160933,133.46584671370934,90,50659328,98304,2,65536,0.4122233139354112
lenet5,,paper,int,128,5,26072,15680,62304,26908.55482492283,130964.55482492283,152.21073948575003,330,311040,4224,5,2048,1.0
lenet5,,paper,fs,128,7,26072,21952,92512,32202.034848356532,172738.03484835653,150.02630607909768,490,311040,4224,5,2048,1.0
lenet5,,tight,int,128,5,26072,15680,50104,19066.07296197322,110922.07296197322,130.7144849538702,235,311040,3712,4,2048,0.8469625473110417
lenet5,,tight,fs,128,7,26072,21952,71216,23309.550317472946,142549.55031747295,130.62219714227197,321,311040,3712,4,2048,0.8252354522998627
lenet5,,cnn16,int,128,5,26072,15680,16992,6325.687096698918,65069.687096698915,132.96727687182317,90,15466496,65536,1,65536,0.496849603189855
lenet5,,cnn16,fs,128,7,26072,21952,25488,8972.046098603258,82484.04609860326,135.90296000099718,135,15466496,65536,1,65536,0.47750946206499595
lenet5,,cnn17,int,128,5,26072,15680,15104,6224.017939975767,63080.01793997577,134.13548447054785,80,30932992,131072,1,131072,0.48165717834342997
lenet5,,cnn17,fs,128,7,26072,21952,22656,8875.315310064076,79555.31531006408,137.55970582163135,120,30932992,131072,1,131072,0.460554708636718
lenet5,,cnn18,int,128,5,26072,15680,14160,6361.002653706077,62273.00265370608,140.72444474529854,75,61865984,262144,1,262144,0.47549508901056786
lenet5,,cnn18,fs,128,7,26072,21952,19824,8569.874704487389,76417.87470448739,133.24854739933926,105,61865984,262144,1,262144,0.44239171049718845
lenet5,,R8,int,128,5,26072,15680,36560,20088.612569992543,98400.61256999255,131.8344533862218,179,622080,7424,4,4096,0.7513530107557522
lenet5,,R8,fs,128,7,26072,21952,52552,25371.932179779724,125947.93217977972,131.30981486400492,246,622080,7424,4,4096,0.7291268092192147
lenet5,,R16,int,128,5,26072,15680,28360,20497.409830629265,90609.40983062927,130.1193644874125,143,1244160,14848,4,8192,0.6918620839948528
lenet5,,R16,fs,128,7,26072,21952,41704,26797.127186726142,116525.12718672614,132.60925187755612,201,1244160,14848,4,8192,0.6745771265084807
lenet5,,R64,int,128,5,26072,15680,20088,21232.308874133836,83072.30887413383,133.2390472469428,104,4976640,59392,4,32768,0.6343113904765092
lenet5,,R64,fs,128,7,26072,21952,29392,28679.864651664437,106095.86465166444,134.2092056130525,150,4976640,59392,4,32768,0.6142009473756257
lenet5,,tightc,int,128,5,26072,13260,52480,18575.559595165167,110387.55959516516,130.45490255205476,213,329984,3712,4,2048,0.842881188293538
lenet5,,tightc,fs,128,7,26072,18564,74604,22824.611798398357,142064.61179839837,131.10418683354465,291,329984,3712,4,2048,0.8224280884236886
lenet5,,cnn16c,int,128,5,26072,15680,16992,6325.687096698918,65069.687096698915,132.96727687182317,90,15466496,65536,1,65536,0.496849603189855
lenet5,,cnn16c,fs,128,7,26072,21952,25488,8972.046098603258,82484.04609860326,135.90296000099718,135,15466496,65536,1,65536,0.47750946206499595
lenet5,,cnn17c,int,128,5,26072,13260,17472,6224.017939975767,63028.01793997577,134.13548447349967,80,35782656,131072,1,131072,0.4812601243461136
lenet5,,cnn17c,fs,128,7,26072,18564,26208,8875.315310064076,79719.31531006408,137.5597058216314,120,35782656,131072,1,131072,0.46150412316574146
lenet5,,cnn18c,int,128,5,26072,13260,16380,6361.002653706077,62073.00265370608,140.72444475610837,75,71565312,262144,1,262144,0.4739679582516586
lenet5,,cnn18c,fs,128,7,26072,18564,22932,8569.874704487389,76137.87470448739,133.24854739934327,105,71565312,262144,1,262144,0.44077075886227024
lenet5,,R8c,int,128,5,26072,13260,39336,19582.676212727896,98250.67621272789,131.48345180048392,167,659968,7424,4,4096,0.7502081486404639
lenet5,,R8c,fs,128,7,26072,18564,56272,24743.55130233925,125651.55130233924,130.71426623625464,228,659968,7424,4,4096,0.7274110268340518
lenet5,,R16c,int,128,5,26072,15680,28360,20497.409830629265,90609.40983062927,130.1193644874125,143,1244160,14848,4,8192,0.6918620839948528
lenet5,,R16c,fs,128,7,26072,21952,41704,26797.127186726142,116525.12718672614,132.60925187755612,201,1244160,14848,4,8192,0.6745771265084807
lenet5,,R64c,int,128,5,26072,13260,22296,20829.316283323646,82457.31628332364,132.91566113014795,100,5279744,59392,4,32768,0.6296155199668715
lenet5,,R64c,fs,128,7,26072,18564,32556,28126.27942225832,105318.27942225832,133.54956562053363,144,5279744,59392,4,32768,0.6096994186295754
vgg11,,paper,int,128,5,610344,434680,1014648,140492.211416965,2200164.211416965,151.0750213629772,737,69779456,155776,11,32768,1.0
vgg11,,paper,fs,128,7,610344,608552,1499256,188699.0580452509,2906851.058045251,148.88880255563848,1089,69779456,155776,11,32768,1.0
vgg11,,tight,int,128,5,610344,434680,693984,52067.25724159061,1791075.2572415906,130.24600393923265,488,69779456,65664,6,32768,0.8140643539002437
vgg11,,tight,fs,128,7,610344,608552,1019392,69959.27541493568,2308247.275414936,130.10957588187074,705,69779456,65664,6,32768,0.7940713952393371
vgg11,,cnn16,int,128,5,610344,434680,427512,27089.871763204545,1499625.8717632045,131.07860513424117,293,248119296,196608,3,65536,0.6815972480515011
vgg11,,cnn16,fs,128,7,610344,608552,631392,37767.091798932466,1888055.0917989325,130.9824727801939,432,248119296,196608,3,65536,0.649519034204862
vgg11,,cnn17,int,128,5,610344,434680,349608,25267.171981616404,1419899.1719816164,131.71012460396636,238,496238592,393216,3,131072,0.6453605438237554
vgg11,,cnn17,fs,128,7,610344,608552,513768,35347.24202028687,1768011.2420202869,131.1849122223955,350,496238592,393216,3,131072,0.6082221643682042
vgg11,,cnn18,int,128,5,610344,434680,296792,23856.210979282856,1365672.2109792829,131.2718136371674,204,992477184,786432,3,262144,0.6207137648601935
vgg11,,cnn18,fs,128,7,610344,608552,440472,33785.58875698298,1693153.588756983,132.03675642014943,304,992477184,786432,3,262144,0.5824700182250018
vgg11,,R8,int,128,5,610344,434680,519976,47912.47938947375,1612912.4793894738,130.7526308888698,372,139558912,131328,6,65536,0.7330873173101542
vgg11,,R8,fs,128,7,610344,608552,767400,64998.48799640138,2051294.4879964013,131.4578031238605,537,139558912,131328,6,65536,0.7056758144931652
vgg11,,R16,int,128,5,610344,434680,423520,38204.83982822015,1506748.8398282202,132.7006922586051,306,279117824,246272,5,131072,0.6848347191584547
vgg11,,R16,fs,128,7,610344,608552,617576,51781.41942372705,1888253.419423727,131.80361737194278,438,279117824,246272,5,131072,0.6495872618576843
vgg11,,R64,int,128,5,610344,434680,302880,35302.3678106707,1383206.3678106708,133.86359148027108,220,1116471296,985088,5,524288,0.6286832412930891
vgg11,,R64,fs,128,7,610344,608552,438664,48409.22957731494,1705969.229577315,131.56450916179412,317,1116471296,985088,5,524288,0.5868787892849645
vgg11,,tightc,int,128,5,610344,434680,693984,52067.25724159061,1791075.2572415906,130.24600393923265,488,69779456,65664,6,32768,0.8140643539002437
vgg11,,tightc,fs,128,7,610344,608552,1019392,69959.27541493568,2308247.275414936,130.10957588187074,705,69779456,65664,6,32768,0.7940713952393371
vgg11,,cnn16c,int,128,5,610344,414160,427664,27089.871763204545,1479257.8717632045,131.09895948282903,293,248250368,196608,3,65536,0.6723397572268129
vgg11,,cnn16c,fs,128,7,610344,579824,631616,37767.091798932466,1859551.0917989325,131.01991694835945,432,248250368,196608,3,65536,0.6397132342409767
vgg11,,cnn17c,int,128,5,610344,414160,349744,25267.171981616404,1399515.1719816164,131.71387777817745,238,496500736,393216,3,131072,0.6360957808146016
vgg11,,cnn17c,fs,128,7,610344,579824,513968,35347.24202028687,1739483.2420202869,131.18768025425004,350,496500736,393216,3,131072,0.5984081080473468
vgg11,,cnn18c,int,128,5,610344,414160,296912,23856.210979282856,1345272.2109792829,131.27701082860307,204,993001472,786432,3,262144,0.6114417296665741
vgg11,,cnn18c,fs,128,7,610344,579824,440656,33785.58875698298,1664609.588756983,132.0367957756347,304,993001472,786432,3,262144,0.572650457666163
vgg11,,R8c,int,128,5,610344,434680,519976,47912.47938947375,1612912.4793894738,130.7526308888698,372,139558912,131328,6,65536,0.7330873173101542
vgg11,,R8c,fs,128,7,610344,608552,767400,64998.48799640138,2051294.4879964013,131.4578031238605,537,139558912,131328,6,65536,0.7056758144931652
vgg11,,R16c,int,128,5,610344,434680,423520,38204.83982822015,1506748.8398282202,132.7006922586051,306,279117824,246272,5,131072,0.6848347191584547
vgg11,,R16c,fs,128,7,610344,608552,617576,51781.41942372705,1888253.419423727,131.80361737194278,438,279117824,246272,5,131072,0.6495872618576843
vgg11,,R64c,int,128,5,610344,414160,311248,42122.12618425573,1377874.1261842558,131.42548822713422,224,1082982400,1017856,6,524288,0.626259675997942
vgg11,,R64c,fs,128,7,610344,579824,455312,58011.14754383252,1703491.1475438324,131.40441455148388,325,1082982400,1017856,6,524288,0.5860262922068552
vgg16,,paper,int,128,5,1110056,699740,1409144,214234.4548074002,3433174.4548074002,150.53445298161307,1072,108838912,249984,16,32768,1.0
vgg16,,paper,fs,128,7,1110056,979636,2082168,288828.90469456604,4460688.9046945665,148.34823417427577,1584,108838912,249984,16,32768,1.0
vgg16,,tight,int,128,5,1110056,699740,971232,52201.68990471556,2833229.6899047154,129.92912319071127,724,108838912,65664,6,32768,0.8252507197638631
vgg16,,tight,fs,128,7,1110056,979636,1433600,70137.88163561387,3593429.8816356137,130.18068467084592,1054,108838912,65664,6,32768,0.8055773353424798
vgg16,,cnn16,int,128,5,1110056,699740,609528,34906.20717282017,2454230.2071728203,130.52019011027605,427,344588288,262144,4,65536,0.7148574124266288
vgg16,,cnn16,fs,128,7,1110056,979636,901728,48697.93179032704,3040117.931790327,130.60367057146217,631,344588288,262144,4,65536,0.6815355199038456
vgg16,,cnn17,int,128,5,1110056,699740,503976,25267.171981616404,2339039.1719816164,131.00476109572196,357,689176576,393216,3,131072,0.6813050728331939
vgg16,,cnn17,fs,128,7,1110056,979636,745488,35667.14934947644,2870847.149349476,131.3769509558693,531,689176576,393216,3,131072,0.6435882911108435
vgg16,,cnn18,int,128,5,1110056,699740,429400,23856.210979282856,2263052.210979283,131.38632726764575,315,1378353152,786432,3,262144,0.6591719240513337
vgg16,,cnn18,fs,128,7,1110056,979636,630384,33427.944014779154,2753503.9440147793,130.98285149359003,461,1378353152,786432,3,262144,0.6172822186987545
vgg16,,R8,int,128,5,1110056,699740,726056,47912.47938947375,2583764.479389474,130.3086734017627,547,217677824,131328,6,65536,0.752587587202708
vgg16,,R8,fs,128,7,1110056,979636,1074344,65190.69820964926,3229226.6982096494,131.51594748721138,797,217677824,131328,6,65536,0.7239300402256503
vgg16,,R16,int,128,5,1110056,699740,588384,38204.83982822015,2436384.83982822,131.95313806721106,446,435355648,246272,5,131072,0.7096594920822048
vgg16,,R16,fs,128,7,1110056,979636,858984,51781.41942372705,3000457.419423727,131.06505740508274,643,435355648,246272,5,131072,0.6726444016900512
vgg16,,R64,int,128,5,1110056,699740,420640,35302.3678106707,2265738.3678106708,133.13175612140273,320,1741422592,985088,5,524288,0.6599543360338145
vgg16,,R64,fs,128,7,1110056,979636,609416,48409.22957731494,2747517.229577315,130.81622370256935,462,1741422592,985088,5,524288,0.6159401133501472
vgg16,,tightc,int,128,5,1110056,699740,971232,52201.68990471556,2833229.6899047154,129.92912319071127,724,108838912,65664,6,32768,0.8252507197638631
vgg16,,tightc,fs,128,7,1110056,979636,1433600,70137.88163561387,3593429.8816356137,130.18068467084592,1054,108838912,65664,6,32768,0.8055773353424798
vgg16,,cnn16c,int,128,5,1110056,679220,609680,34906.20717282017,2433862.2071728203,130.53398033952328,427,344719360,262144,4,65536,0.7089247107046178
vgg16,,cnn16c,fs,128,7,1110056,950908,901952,48697.93179032704,3011613.931790327,130.63238127704952,631,344719360,262144,4,65536,0.675145475538725
vgg16,,cnn17c,int,128,5,1110056,679220,504112,25267.171981616404,2318655.1719816164,131.00706171415285,357,689438720,393216,3,131072,0.6753677107013463
vgg16,,cnn17c,fs,128,7,1110056,950908,745696,35667.14934947644,2842327.149349476,131.37696316545686,531,689438720,393216,3,131072,0.6371946598558181
vgg16,,cnn18c,int,128,5,1110056,679220,429520,23856.210979282856,2242652.210979283,131.3919546374985,315,1378877440,786432,3,262144,0.6532299015096495
vgg16,,cnn18c,fs,128,7,1110056,950908,630560,33427.944014779154,2724951.9440147793,130.99258363926114,461,1378877440,786432,3,262144,0.6108814136639199
vgg16,,R8c,int,128,5,1110056,699740,726056,47912.47938947375,2583764.479389474,130.3086734017627,547,217677824,131328,6,65536,0.752587587202708
vgg16,,R8c,fs,128,7,1110056,979636,1074344,65190.69820964926,3229226.6982096494,131.51594748721138,797,217677824,131328,6,65536,0.7239300402256503
vgg16,,R16c,int,128,5,1110056,699740,588384,38204.83982822015,2436384.83982822,131.95313806721106,446,435355648,246272,5,131072,0.7096594920822048
vgg16,,R16c,fs,128,7,1110056,979636,858984,51781.41942372705,3000457.419423727,131.06505740508274,643,435355648,246272,5,131072,0.6726444016900512
vgg16,,R64c,int,128,5,1110056,679220,433112,42383.96096621004,2264771.96096621,133.09174190448414,326,1707933696,1017856,6,524288,0.6596728452860584
vgg16,,R64c,fs,128,7,1110056,950908,626064,58011.14754383252,2745039.1475438327,130.71879372716683,470,1707933696,1017856,6,524288,0.6153845753858488
resnet18_cifar,,paper,int,128,5,2457640,630720,1289080,252586.2970533487,4630026.297053348,150.14213555883808,1407,79544320,224896,21,32768,1.0
resnet18_cifar,,paper,fs,128,7,2457640,883008,1904760,337165.1326487428,5582573.132648743,147.955916751497,2079,79544320,224896,21,32768,1.0
resnet18_cifar,,tight,int,128,5,2457640,630720,888152,59881.97412652126,4036393.974126521,130.301546729233,954,79544320,65152,8,32768,0.8717864036097099
resnet18_cifar,,tight,fs,128,7,2457640,883008,1296032,78885.28894147887,4715565.288941479,130.00305511248624,1377,79544320,65152,8,32768,0.8446938673070463
resnet18_cifar,,cnn16,int,128,5,2457640,630720,518808,34298.152754990166,3641466.1527549904,131.1573499826403,515,315228160,262144,4,65536,0.7864893024630336
resnet18_cifar,,cnn16,fs,128,7,2457640,883008,766032,47839.26936678415,4154519.269366784,131.41979930244855,760,315228160,262144,4,65536,0.7441943295054703
resnet18_cifar,,cnn17,int,128,5,2457640,630720,430112,32152.567290595907,3550624.5672905957,131.55940102388033,436,630456320,524288,4,131072,0.7668692010562213
resnet18_cifar,,cnn17,fs,128,7,2457640,883008,630408,44842.45758055459,4015898.4575805548,130.95828035679384,637,630456320,524288,4,131072,0.7193633405524499
resnet18_cifar,,cnn18,int,128,5,2457640,630720,371920,30955.313539254792,3491235.313539255,132.27154582374462,385,1260912640,1048576,4,262144,0.7540422212636578
resnet18_cifar,,cnn18,fs,128,7,2457640,883008,541712,43054.75563944883,3925414.7556394488,131.50095328289865,558,1260912640,1048576,4,262144,0.7031550975449509
resnet18_cifar,,R8,int,128,5,2457640,630720,662392,56409.16317648372,3807161.163176484,130.44841347317777,719,159088640,130304,8,65536,0.8222763584732653
resnet18_cifar,,R8,fs,128,7,2457640,883008,974840,75742.1903109221,4391230.190310922,130.9634823430257,1044,159088640,130304,8,65536,0.7865960885724093
resnet18_cifar,,R16,int,128,5,2457640,630720,533088,54531.19811157547,3675979.1981115756,131.3477299243301,581,318177280,260608,8,131072,0.7939434815847699
resnet18_cifar,,R16,fs,128,7,2457640,883008,775784,73317.50383433518,4189749.503834335,130.55714497091412,838,318177280,260608,8,131072,0.7505050814885501
resnet18_cifar,,R64,int,128,5,2457640,630720,381216,51548.285060371665,3521124.2850603717,132.04102424034295,417,1272709120,1042432,8,524288,0.7604976860069442
resnet18_cifar,,R64,fs,128,7,2457640,883008,553352,70631.52894123054,3964631.5289412304,130.32882929891554,603,1272709120,1042432,8,524288,0.710179953712518
resnet18_cifar,,tightc,int,128,5,2457640,630720,888152,59881.97412652126,4036393.974126521,130.301546729233,954,79544320,65152,8,32768,0.8717864036097099
resnet18_cifar,,tightc,fs,128,7,2457640,883008,1296032,78885.28894147887,4715565.288941479,130.00305511248624,1377,79544320,65152,8,32768,0.8446938673070463
resnet18_cifar,,cnn16c,int,128,5,2457640,630720,518808,34298.152754990166,3641466.1527549904,131.1573499826403,515,315228160,262144,4,65536,0.7864893024630336
resnet18_cifar,,cnn16c,fs,128,7,2457640,883008,766032,47839.26936678415,4154519.269366784,131.41979930244855,760,315228160,262144,4,65536,0.7441943295054703
resnet18_cifar,,cnn17c,int,128,5,2457640,630720,430112,32152.567290595907,3550624.5672905957,131.55940102388033,436,630456320,524288,4,131072,0.7668692010562213
resnet18_cifar,,cnn17c,fs,128,7,2457640,883008,630408,44842.45758055459,4015898.4575805548,130.95828035679384,637,630456320,524288,4,131072,0.7193633405524499
resnet18_cifar,,cnn18c,int,128,5,2457640,630720,371920,30955.313539254792,3491235.313539255,132.27154582374462,385,1260912640,1048576,4,262144,0.7540422212636578
resnet18_cifar,,cnn18c,fs,128,7,2457640,883008,541712,43054.75563944883,3925414.7556394488,131.50095328289865,558,1260912640,1048576,4,262144,0.7031550975449509
resnet18_cifar,,R8c,int,128,5,2457640,630720,662392,56409.16317648372,3807161.163176484,130.44841347317777,719,159088640,130304,8,65536,0.8222763584732653
resnet18_cifar,,R8c,fs,128,7,2457640,883008,974840,75742.1903109221,4391230.190310922,130.9634823430257,1044,159088640,130304,8,65536,0.7865960885724093
resnet18_cifar,,R16c,int,128,5,2457640,630720,533088,54531.19811157547,3675979.1981115756,131.3477299243301,581,318177280,260608,8,131072,0.7939434815847699
resnet18_cifar,,R16c,fs,128,7,2457640,883008,775784,73317.50383433518,4189749.503834335,130.55714497091412,838,318177280,260608,8,131072,0.7505050814885501
resnet18_cifar,,R64c,int,128,5,2457640,630720,381216,51548.285060371665,3521124.2850603717,132.04102424034295,417,1272709120,1042432,8,524288,0.7604976860069442
resnet18_cifar,,R64c,fs,128,7,2457640,883008,553352,70631.52894123054,3964631.5289412304,130.32882929891554,603,1272709120,1042432,8,524288,0.710179953712518
gpt2,64,paper,int,128,5,21827908,2701300,36648464,894498.8150170617,62072170.81501706,138.5730065825194,5100,863309824,712704,75,262144,1.0
gpt2,64,paper,fs,128,7,21827908,3781820,53894800,1185228.5902890977,80689756.5902891,141.5403175207595,7500,863309824,712704,75,262144,1.0
gpt2,64,tight,int,128,5,21827908,2701300,30016924,63774.78377330812,54609906.78377331,130.83473384714387,4211,863309824,290816,5,262144,0.8797808432786692
gpt2,64,tight,fs,128,7,21827908,3781820,43750020,85978.91028074396,69445726.91028075,130.16030467822722,6106,863309824,290816,5,262144,0.86065108936812
gpt2,64,cnn16,int,128,5,21827908,2701300,12425176,55252.34927300527,37009636.349273,132.91591363981001,1835,8880455680,327680,4,131072,0.5962355732582064
gpt2,64,cnn16,fs,128,7,21827908,3781820,17616700,76416.34635678963,43302844.34635679,129.76009963578156,2621,8880455680,327680,4,131072,0.536658507550489
gpt2,64,cnn17,int,128,5,21827908,2701300,10706956,53814.27908364203,35289978.27908364,131.69164826992932,1577,17660248064,524288,4,131072,0.5685314016848589
gpt2,64,cnn17,fs,128,7,21827908,3781820,15285804,74477.9793170721,40970009.97931707,130.58643757971078,2264,17660248064,524288,4,131072,0.50774734874151
gpt2,64,cnn18,int,128,5,21827908,2701300,9469316,36632.42150769816,34035156.4215077,134.5892031467047,1375,35320496128,786432,3,262144,0.5483158712611612
gpt2,64,cnn18,fs,128,7,21827908,3781820,13912996,51258.59573155593,39573982.59573156,135.10368233243176,2018,35320496128,786432,3,262144,0.4904461764170724
gpt2,64,R8,int,128,5,21827908,2701300,21693088,51564.76272625599,46273860.762726255,131.42707793758188,3044,1522147328,307200,4,262144,0.7454848147751788
gpt2,64,R8,fs,128,7,21827908,3781820,31495528,70334.23652243188,57175590.23652243,130.81951733052742,4427,1522147328,307200,4,262144,0.7085854841134003
gpt2,64,R16,int,128,5,21827908,2701300,16897852,49770.557172299224,41476830.5571723,131.29257442828873,2387,2839822336,348160,4,262144,0.6682033190168024
gpt2,64,R16,fs,128,7,21827908,3781820,24569076,68235.00715830218,50247039.0071583,130.44449705210224,3478,2839822336,348160,4,262144,0.6227189315032022
gpt2,64,R64,int,128,5,21827908,2701300,12102616,47999.83497149467,36679823.834971495,134.2299426749369,1730,10745872384,593920,4,262144,0.590922201581801
gpt2,64,R64,fs,128,7,21827908,3781820,17109820,65609.00481674679,42785157.00481675,129.75774987523187,2456,10745872384,593920,4,262144,0.530242732321811
gpt2,64,tightc,int,128,5,21827908,1763140,8489424,65767.5856356956,32146239.585635696,130.1395950267236,2761,896974848,303104,5,262144,0.5178848937221089
gpt2,64,tightc,fs,128,7,21827908,2468396,12437424,89129.49523809466,36822857.495238096,129.97565792079783,4045,896974848,303104,5,262144,0.4563510791364771
gpt2,64,cnn16c,int,128,5,21827908,1763140,4805424,64508.88885735789,28460980.888857357,131.0236636904946,1563,2669936640,393216,5,131072,0.4585143473340845
gpt2,64,cnn16c,fs,128,7,21827908,2468396,7077456,89504.76638411079,31463264.76638411,131.66813254910755,2302,2669936640,393216,5,131072,0.38992885957188117
gpt2,64,cnn17c,int,128,5,21827908,1763140,4095168,62689.59439370611,27748905.594393708,130.78469847239154,1332,5138546688,655360,5,131072,0.4470426155561558
gpt2,64,cnn17c,fs,128,7,21827908,2468396,5992080,86801.34168129774,30375185.341681298,131.34391417582893,1949,5138546688,655360,5,131072,0.37644413151367606
gpt2,64,cnn18c,int,128,5,21827908,1763140,3391248,44840.362067255555,27027136.362067256,132.54269478419195,1103,10277093376,1048576,4,262144,0.43541471173308166
gpt2,64,cnn18c,fs,128,7,21827908,2468396,4983888,62997.47258503862,29343189.472585037,134.2933838985029,1621,10277093376,1048576,4,262144,0.36365445519408657
gpt2,64,R8c,int,128,5,21827908,1763140,6260160,78285.85686334778,29929493.856863346,131.5892822409932,2036,1589477376,864256,6,524288,0.4821725012011749
gpt2,64,R8c,fs,128,7,21827908,2468396,9150384,107473.51267147725,33554161.512671478,131.25723802312598,2976,1589477376,864256,6,524288,0.415841649926475
gpt2,64,R16c,int,128,5,21827908,1763140,4941024,73093.0651133798,28605165.06511338,130.87736234835108,1607,2974482432,1462272,6,1048576,0.46083719466426265
gpt2,64,R16c,fs,128,7,21827908,2468396,7302384,101346.22335994603,31700034.223359946,132.1888307360921,2375,2974482432,1462272,6,1048576,0.3928631782138131
gpt2,64,R64c,int,128,5,21827908,1763140,3621888,67953.2371778347,27280889.237177834,132.68485744103754,1178,11284512768,5050368,6,4194304,0.4395027413891862
gpt2,64,R64c,fs,128,7,21827908,2468396,5266800,93868.25308223764,29656972.25308224,131.89702707281785,1713,11284512768,5050368,6,4194304,0.3675432112612348
gpt2,512,paper,int,128,5,173216068,2701300,36648464,894498.8150170617,213460330.81501707,138.5730065825194,5100,863309824,712704,75,262144,1.0
gpt2,512,paper,fs,128,7,173216068,3781820,53894800,1185228.5902890977,232077916.5902891,141.5403175207595,7500,863309824,712704,75,262144,1.0
gpt2,512,tight,int,128,5,173216068,2701300,30016924,63774.78377330812,205998066.7837733,130.83473384714387,4211,863309824,290816,5,262144,0.965041448203739
gpt2,512,tight,fs,128,7,173216068,3781820,43750020,85978.91028074396,220833886.91028073,130.16030467822722,6106,863309824,290816,5,262144,0.9515506264223382
gpt2,512,cnn16,int,128,5,173216068,2701300,12425176,55252.34927300527,188397796.349273,132.91591363981001,1835,8880455680,327680,4,131072,0.8825892643843831
gpt2,512,cnn16,fs,128,7,173216068,3781820,17616700,76416.34635678963,194691004.34635678,129.76009963578156,2621,8880455680,327680,4,131072,0.8389036199858031
gpt2,512,cnn17,int,128,5,173216068,2701300,10706956,53814.27908364203,186678138.27908364,131.69164826992932,1577,17660248064,524288,4,131072,0.8745331629831369
gpt2,512,cnn17,fs,128,7,173216068,3781820,15285804,74477.9793170721,192358169.97931707,130.58643757971078,2264,17660248064,524288,4,131072,0.8288516753574044
gpt2,512,cnn18,int,128,5,173216068,2701300,9469316,36632.42150769816,185423316.4215077,134.5892031467047,1375,35320496128,786432,3,262144,0.8686546849877881
gpt2,512,cnn18,fs,128,7,173216068,3781820,13912996,51258.59573155593,190962142.59573156,135.10368233243176,2018,35320496128,786432,3,262144,0.8228363361812515
gpt2,512,R8,int,128,5,173216068,2701300,21693088,51564.76272625599,197662020.76272625,131.42707793758188,3044,1522147328,307200,4,262144,0.9259894801438235
gpt2,512,R8,fs,128,7,173216068,3781820,31495528,70334.23652243188,208563750.23652244,130.81951733052742,4427,1522147328,307200,4,262144,0.8986798627838485
gpt2,512,R16,int,128,5,173216068,2701300,16897852,49770.557172299224,192864990.5571723,131.29257442828873,2387,2839822336,348160,4,262144,0.903516779069866
gpt2,512,R16,fs,128,7,173216068,3781820,24569076,68235.00715830218,201635199.0071583,130.44449705210224,3478,2839822336,348160,4,262144,0.8688254443576618
gpt2,512,R64,int,128,5,173216068,2701300,12102616,47999.83497149467,188067983.8349715,134.2299426749369,1730,10745872384,593920,4,262144,0.8810441880086357
gpt2,512,R64,fs,128,7,173216068,3781820,17109820,65609.00481674679,194173317.00481674,129.75774987523187,2456,10745872384,593920,4,262144,0.83667295819279
gpt2,512,tightc,int,128,5,173216068,1763140,8489424,65767.5856356956,183534399.5856357,130.1395950267236,2761,896974848,303104,5,262144,0.8598056551532521
gpt2,512,tightc,fs,128,7,173216068,2468396,12437424,89129.49523809466,188211017.4952381,129.97565792079783,4045,896974848,303104,5,262144,0.8109820195753751
gpt2,512,cnn16c,int,128,5,173216068,1763140,4805424,64508.88885735789,179849140.88885736,131.0236636904946,1563,2669936640,393216,5,131072,0.8425412825051467
gpt2,512,cnn16c,fs,128,7,173216068,2468396,7077456,89504.76638411079,182851424.76638412,131.66813254910755,2302,2669936640,393216,5,131072,0.7878880828165589
gpt2,512,cnn17c,int,128,5,173216068,1763140,4095168,62689.59439370611,179137065.5943937,130.78469847239154,1332,5138546688,655360,5,131072,0.8392054154063519
gpt2,512,cnn17c,fs,128,7,173216068,2468396,5992080,86801.34168129774,181763345.3416813,131.34391417582893,1949,5138546688,655360,5,131072,0.7831996598908062
gpt2,512,cnn18c,int,128,5,173216068,1763140,3391248,44840.362067255555,178415296.36206725,132.54269478419195,1103,10277093376,1048576,4,262144,0.8358241350083939
gpt2,512,cnn18c,fs,128,7,173216068,2468396,4983888,62997.47258503862,180731349.47258505,134.2933838985029,1621,10277093376,1048576,4,262144,0.7787528952685688
gpt2,512,R8c,int,128,5,173216068,1763140,6260160,78285.85686334778,181317653.85686335,131.5892822409932,2036,1589477376,864256,6,524288,0.8494208416363399
gpt2,512,R8c,fs,128,7,173216068,2468396,9150384,107473.51267147725,184942321.51267147,131.25723802312598,2976,1589477376,864256,6,524288,0.7968975429884141
gpt2,512,R16c,int,128,5,173216068,1763140,4941024,73093.0651133798,179993325.06511337,130.87736234835108,1607,2974482432,1462272,6,1048576,0.8432167437288105
gpt2,512,R16c,fs,128,7,173216068,2468396,7302384,101346.22335994603,183088194.22335994,132.1888307360921,2375,2974482432,1462272,6,1048576,0.788908298184115
gpt2,512,R64c,int,128,5,173216068,1763140,3621888,67953.2371778347,178669049.23717785,132.68485744103754,1178,11284512768,5050368,6,4194304,0.8370128939414553
gpt2,512,R64c,fs,128,7,173216068,2468396,5266800,93868.25308223764,181045132.25308225,131.89702707281785,1713,11284512768,5050368,6,4194304,0.7801049531683781
llama2-7b,1,paper,int,128,5,5583872,23495680,385287168,3654925.189065036,418021645.18906504,131.05396208315335,15594,29783752704,5390336,226,131072,1.0
llama2-7b,1,paper,fs,128,7,5583872,32893952,563971072,4950450.427752012,607399346.427752,131.78963185609118,22826,29783752704,5390336,226,131072,1.0
llama2-7b,1,tight,int,128,5,5583872,23495680,377406464,53556.51085567546,406539572.5108557,130.88792911395598,15113,29783752704,212992,3,131072,0.9725323489576331
llama2-7b,1,tight,fs,128,7,5583872,32893952,546836480,72927.7387716473,585387231.7387717,129.496372352754,21895,29783752704,212992,3,131072,0.9637600619453439
llama2-7b,1,cnn16,int,128,5,5583872,23495680,207002624,61746.285950184494,236143922.28595018,132.15746302082945,8616,91486158848,196608,3,65536,0.5649083606164599
llama2-7b,1,cnn16,fs,128,7,5583872,32893952,301276160,84224.98900335972,339838208.98900336,131.3915242908225,12533,91486158848,196608,3,65536,0.5594971594679282
llama2-7b,1,cnn17,int,128,5,5583872,23495680,162770944,45524.506832396306,191896020.5068324,132.18951205447397,6720,182972317696,393216,3,131072,0.459057617506961
llama2-7b,1,cnn17,fs,128,7,5583872,32893952,238277632,62976.63719122686,276818432.63719124,133.11295554102705,9836,182972317696,393216,3,131072,0.4557437117198443
llama2-7b,1,cnn18,int,128,5,5583872,23495680,132475904,38106.132165503164,161593562.1321655,130.12991291603814,5445,365944635392,786432,3,262144,0.38656745169040013
llama2-7b,1,cnn18,fs,128,7,5583872,32893952,195635200,53237.79415728274,234166261.7941573,131.4804120111598,8037,365944635392,786432,3,262144,0.3855227424450489
llama2-7b,1,R8,int,128,5,5583872,23495680,253548544,48045.57919478783,282676141.5791948,130.6324056386523,10194,59030634496,294912,3,131072,0.6762236951901008
llama2-7b,1,R8,fs,128,7,5583872,32893952,369400832,66133.80611150351,407944789.8061115,130.0574899585794,14854,59030634496,294912,3,131072,0.6716253354655776
llama2-7b,1,R16,int,128,5,5583872,23495680,193354752,44782.291128259,222479086.29112825,131.42198970539712,7783,117524398080,458752,3,262144,0.5322190581554795
llama2-7b,1,R16,fs,128,7,5583872,32893952,281893888,61931.402126051515,320433643.4021261,131.5659118219037,11350,117524398080,458752,3,262144,0.5275501945905379
llama2-7b,1,R64,int,128,5,5583872,23495680,128117760,41039.42147187547,157238351.42147186,130.27454989879575,5179,468486979584,1441792,3,1048576,0.3761488268157867
llama2-7b,1,R64,fs,128,7,5583872,32893952,189343744,57241.2859461849,227878809.2859462,132.2983474269206,7653,468486979584,1441792,3,1048576,0.37517131130639364
llama2-7b,1,tightc,int,128,5,5583872,7685120,124911616,88430.34184092563,138269038.34184092,131.53979645100515,7624,37580963840,409600,5,131072,0.33077004488440753
llama2-7b,1,tightc,fs,128,7,5583872,10759168,181501952,120954.93353211455,197965946.93353212,130.39762080105476,11078,37580963840,409600,5,131072,0.3259238721572768
llama2-7b,1,cnn16c,int,128,5,5583872,7685120,126517248,102870.02768638826,139889110.0276864,131.08728430825377,7722,34896609280,327680,5,65536,0.33464561378015867
llama2-7b,1,cnn16c,fs,128,7,5583872,10759168,185139200,140978.5317445443,201623218.53174454,131.0881807483927,11300,34896609280,327680,5,65536,0.33194506994045125
llama2-7b,1,cnn17c,int,128,5,5583872,7685120,87162880,77578.16152902694,100509450.16152903,132.57178535638775,5320,69793218560,655360,5,131072,0.2404407793669873
llama2-7b,1,cnn17c,fs,128,7,5583872,10759168,126451712,106867.42339613903,142901619.42339614,131.06670487100268,7718,69793218560,655360,5,131072,0.23526798351666284
llama2-7b,1,cnn18c,int,128,5,5583872,7685120,65994752,64970.05235240599,79328714.0523524,130.65001421819045,4028,139586437120,1310720,5,262144,0.1897717856606999
llama2-7b,1,cnn18c,fs,128,7,5583872,10759168,97091584,90912.79246112212,113525536.79246113,131.67386265731454,5926,139586437120,1310720,5,262144,0.18690427880788738
llama2-7b,1,R8c,int,128,5,5583872,7685120,88375296,94039.78087615766,101738327.78087616,132.15877947439535,5394,74625056768,950272,6,262144,0.24338052574971664
llama2-7b,1,R8c,fs,128,7,5583872,10759168,128548864,129770.626507674,145021674.62650767,131.37551437296077,7846,74625056768,950272,6,262144,0.2387583646235574
llama2-7b,1,R16c,int,128,5,5583872,7685120,67731456,83755.48640128123,81084203.48640127,130.475002295011,4134,148713242624,1769472,6,524288,0.19397130368626744
llama2-7b,1,R16c,fs,128,7,5583872,10759168,99434496,116817.26531626133,115894353.26531626,131.05120040686234,6069,148713242624,1769472,6,524288,0.1908042113428607
llama2-7b,1,R64c,int,128,5,5583872,7685120,47104000,73457.60283255791,60446449.602832556,131.41835952742534,2875,593242357760,6684672,6,2097152,0.1446012432573761
llama2-7b,1,R64c,fs,128,7,5583872,10759168,69287936,103139.45751801165,85734115.45751801,133.116832623146,4229,593242357760,6684672,6,2097152,0.14114950231958437
llama2-7b,64,paper,int,128,5,349303808,23495680,385287168,3654925.189065036,761741581.189065,131.05396208315335,15594,29783752704,5390336,226,131072,1.0
llama2-7b,64,paper,fs,128,7,349303808,32893952,563971072,4950450.427752012,951119282.427752,131.78963185609118,22826,29783752704,5390336,226,131072,1.0
llama2-7b,64,tight,int,128,5,349303808,23495680,377406464,53556.51085567546,750259508.5108557,130.88792911395598,15113,29783752704,212992,3,131072,0.9849265512586487
llama2-7b,64,tight,fs,128,7,349303808,32893952,546836480,72927.7387716473,929107167.7387717,129.496372352754,21895,29783752704,212992,3,131072,0.9768566203044544
llama2-7b,64,cnn16,int,128,5,349303808,23495680,207002624,61746.285950184494,579863858.2859502,132.15746302082945,8616,91486158848,196608,3,65536,0.7612343511309874
llama2-7b,64,cnn16,fs,128,7,349303808,32893952,301276160,84224.98900335972,683558144.9890033,131.3915242908225,12533,91486158848,196608,3,65536,0.7186881368278085
llama2-7b,64,cnn17,int,128,5,349303808,23495680,162770944,45524.506832396306,535615956.5068324,132.18951205447397,6720,182972317696,393216,3,131072,0.7031465391067998
llama2-7b,64,cnn17,fs,128,7,349303808,32893952,238277632,62976.63719122686,620538368.6371912,133.11295554102705,9836,182972317696,393216,3,131072,0.6524295954270362
llama2-7b,64,cnn18,int,128,5,349303808,23495680,132475904,38106.132165503164,505313498.1321655,130.12991291603814,5445,365944635392,786432,3,262144,0.6633660425145496
llama2-7b,64,cnn18,fs,128,7,349303808,32893952,195635200,53237.79415728274,577886197.7941573,131.4804120111598,8037,365944635392,786432,3,262144,0.6075854085505349
llama2-7b,64,R8,int,128,5,349303808,23495680,253548544,48045.57919478783,626396077.5791948,130.6324056386523,10194,59030634496,294912,3,131072,0.8223209721614536
llama2-7b,64,R8,fs,128,7,349303808,32893952,369400832,66133.80611150351,751664725.8061115,130.0574899585794,14854,59030634496,294912,3,131072,0.7902949080029914
llama2-7b,64,R16,int,128,5,349303808,23495680,193354752,44782.291128259,566199022.2911283,131.42198970539712,7783,117524398080,458752,3,262144,0.7432954118210295
llama2-7b,64,R16,fs,128,7,349303808,32893952,281893888,61931.402126051515,664153579.4021261,131.5659118219037,11350,117524398080,458752,3,262144,0.6982863155784835
llama2-7b,64,R64,int,128,5,349303808,23495680,128117760,41039.42147187547,500958287.4214719,130.27454989879575,5179,468486979584,1441792,3,1048576,0.6576486039261307
llama2-7b,64,R64,fs,128,7,349303808,32893952,189343744,57241.2859461849,571598745.2859461,132.2983474269206,7653,468486979584,1441792,3,1048576,0.6009748260249002
llama2-7b,64,tightc,int,128,5,349303808,7685120,124911616,88430.34184092563,481988974.3418409,131.53979645100515,7624,37580963840,409600,5,131072,0.6327460470117238
llama2-7b,64,tightc,fs,128,7,349303808,10759168,181501952,120954.93353211455,541685882.9335321,130.39762080105476,11078,37580963840,409600,5,131072,0.5695246568347005
llama2-7b,64,cnn16c,int,128,5,349303808,7685120,126517248,102870.02768638826,483609046.0276864,131.08728430825377,7722,34896609280,327680,5,65536,0.6348728466060384
llama2-7b,64,cnn16c,fs,128,7,349303808,10759168,185139200,140978.5317445443,545343154.5317446,131.0881807483927,11300,34896609280,327680,5,65536,0.5733698859934211
llama2-7b,64,cnn17c,int,128,5,349303808,7685120,87162880,77578.16152902694,444229386.161529,132.57178535638775,5320,69793218560,655360,5,131072,0.5831759708694054
llama2-7b,64,cnn17c,fs,128,7,349303808,10759168,126451712,106867.42339613903,486621555.4233961,131.06670487100268,7718,69793218560,655360,5,131072,0.5116304173555228
llama2-7b,64,cnn18c,int,128,5,349303808,7685120,65994752,64970.05235240599,423048650.0523524,130.65001421819045,4028,139586437120,1310720,5,262144,0.5553702994550738
llama2-7b,64,cnn18c,fs,128,7,349303808,10759168,97091584,90912.79246112212,457245472.7924611,131.67386265731454,5926,139586437120,1310720,5,262144,0.48074461451915096
llama2-7b,64,R8c,int,128,5,349303808,7685120,88375296,94039.78087615766,445458263.78087616,132.15877947439535,5394,74625056768,950272,6,262144,0.5847892182615576
llama2-7b,64,R8c,fs,128,7,349303808,10759168,128548864,129770.626507674,488741610.6265077,131.37551437296077,7846,74625056768,950272,6,262144,0.5138594282086096
llama2-7b,64,R16c,int,128,5,349303808,7685120,67731456,83755.48640128123,424804139.48640126,130.475002295011,4134,148713242624,1769472,6,524288,0.5576748729185685
llama2-7b,64,R16c,fs,128,7,349303808,10759168,99434496,116817.26531626133,459614289.26531625,131.05120040686234,6069,148713242624,1769472,6,524288,0.48323517118919207
llama2-7b,64,R64c,int,128,5,349303808,7685120,47104000,73457.60283255791,404166385.60283256,131.41835952742534,2875,593242357760,6684672,6,2097152,0.5305820183426722
llama2-7b,64,R64c,fs,128,7,349303808,10759168,69287936,103139.45751801165,429454051.45751804,133.116832623146,4229,593242357760,6684672,6,2097152,0.451524913217328
llama2-7b,2048,paper,int,128,5,11173753856,23495680,385287168,3654925.189065036,11586191629.189066,131.05396208315335,15594,29783752704,5390336,226,131072,1.0
llama2-7b,2048,paper,fs,128,7,11173753856,32893952,563971072,4950450.427752012,11775569330.427752,131.78963185609118,22826,29783752704,5390336,226,131072,1.0
llama2-7b,2048,tight,int,128,5,11173753856,23495680,377406464,53556.51085567546,11574709556.510857,130.88792911395598,15113,29783752704,212992,3,131072,0.9990089864689202
llama2-7b,2048,tight,fs,128,7,11173753856,32893952,546836480,72927.7387716473,11753557215.738771,129.496372352754,21895,29783752704,212992,3,131072,0.9981306963535002
llama2-7b,2048,cnn16,int,128,5,11173753856,23495680,207002624,61746.285950184494,11404313906.28595,132.15746302082945,8616,91486158848,196608,3,65536,0.9843021996593849
llama2-7b,2048,cnn16,fs,128,7,11173753856,32893952,301276160,84224.98900335972,11508008192.989004,131.3915242908225,12533,91486158848,196608,3,65536,0.9772782843928084
llama2-7b,2048,cnn17,int,128,5,11173753856,23495680,162770944,45524.506832396306,11360066004.506832,132.18951205447397,6720,182972317696,393216,3,131072,0.9804831792948637
llama2-7b,2048,cnn17,fs,128,7,11173753856,32893952,238277632,62976.63719122686,11444988416.637192,133.11295554102705,9836,182972317696,393216,3,131072,0.9719265451619101
llama2-7b,2048,cnn18,int,128,5,11173753856,23495680,132475904,38106.132165503164,11329763546.132166,130.12991291603814,5445,365944635392,786432,3,262144,0.9778677850959343
llama2-7b,2048,cnn18,fs,128,7,11173753856,32893952,195635200,53237.79415728274,11402336245.794157,131.4804120111598,8037,365944635392,786432,3,262144,0.9683044552530322
llama2-7b,2048,R8,int,128,5,11173753856,23495680,253548544,48045.57919478783,11450846125.579195,130.6324056386523,10194,59030634496,294912,3,131072,0.9883183786405798
llama2-7b,2048,R8,fs,128,7,11173753856,32893952,369400832,66133.80611150351,11576114773.806112,130.0574899585794,14854,59030634496,294912,3,131072,0.9830620031163798
llama2-7b,2048,R16,int,128,5,11173753856,23495680,193354752,44782.291128259,11390649070.291128,131.42198970539712,7783,117524398080,458752,3,262144,0.9831227926176097
llama2-7b,2048,R16,fs,128,7,11173753856,32893952,281893888,61931.402126051515,11488603627.402126,131.5659118219037,11350,117524398080,458752,3,262144,0.9756304179464076
llama2-7b,2048,R64,int,128,5,11173753856,23495680,128117760,41039.42147187547,11325408335.421473,130.27454989879575,5179,468486979584,1441792,3,1048576,0.9774918884380781
llama2-7b,2048,R64,fs,128,7,11173753856,32893952,189343744,57241.2859461849,11396048793.285946,132.2983474269206,7653,468486979584,1441792,3,1048576,0.9677705148267324
llama2-7b,2048,tightc,int,128,5,11173753856,7685120,124911616,88430.34184092563,11306439022.34184,131.53979645100515,7624,37580963840,409600,5,131072,0.9758546539017665
llama2-7b,2048,tightc,fs,128,7,11173753856,10759168,181501952,120954.93353211455,11366135930.933533,130.39762080105476,11078,37580963840,409600,5,131072,0.9652302671738976
llama2-7b,2048,cnn16c,int,128,5,11173753856,7685120,126517248,102870.02768638826,11308059094.027687,131.08728430825377,7722,34896609280,327680,5,65536,0.975994481701763
llama2-7b,2048,cnn16c,fs,128,7,11173753856,10759168,185139200,140978.5317445443,11369793202.531744,131.0881807483927,11300,34896609280,327680,5,65536,0.9655408484711229
llama2-7b,2048,cnn17c,int,128,5,11173753856,7685120,87162880,77578.16152902694,11268679434.16153,132.57178535638775,5320,69793218560,655360,5,131072,0.972595637532213
llama2-7b,2048,cnn17c,fs,128,7,11173753856,10759168,126451712,106867.42339613903,11311071603.423397,131.06670487100268,7718,69793218560,655360,5,131072,0.9605541172600373
llama2-7b,2048,cnn18c,int,128,5,11173753856,7685120,65994752,64970.05235240599,11247498698.052353,130.65001421819045,4028,139586437120,1310720,5,262144,0.9707675358757709
llama2-7b,2048,cnn18c,fs,128,7,11173753856,10759168,97091584,90912.79246112212,11281695520.792461,131.67386265731454,5926,139586437120,1310720,5,262144,0.9580594537914074
llama2-7b,2048,R8c,int,128,5,11173753856,7685120,88375296,94039.78087615766,11269908311.780876,132.15877947439535,5394,74625056768,950272,6,262144,0.9727017015141215
llama2-7b,2048,R8c,fs,128,7,11173753856,10759168,128548864,129770.626507674,11313191658.626507,131.37551437296077,7846,74625056768,950272,6,262144,0.9607341557060453
llama2-7b,2048,R16c,int,128,5,11173753856,7685120,67731456,83755.48640128123,11249254187.4864,130.475002295011,4134,148713242624,1769472,6,524288,0.9709190515325312
llama2-7b,2048,R16c,fs,128,7,11173753856,10759168,99434496,116817.26531626133,11284064337.265316,131.05120040686234,6069,148713242624,1769472,6,524288,0.9582606174384791
llama2-7b,2048,R64c,int,128,5,11173753856,7685120,47104000,73457.60283255791,11228616433.602833,131.41835952742534,2875,593242357760,6684672,6,2097152,0.9691378144751728
llama2-7b,2048,R64c,fs,128,7,11173753856,10759168,69287936,103139.45751801165,11253904099.457518,133.116832623146,4229,593242357760,6684672,6,2097152,0.9556993622701312
qwen3-4b,8,paper,int,128,5,36079104,22259200,347874816,4113704.8653730312,410326824.865373,133.47850576522154,17526,27822915584,6963200,254,1048576,1.0
qwen3-4b,8,paper,fs,128,7,36079104,31162880,509208064,5572498.88016946,582022546.8801695,134.21267386415622,25654,27822915584,6963200,254,1048576,1.0
qwen3-4b,8,tight,int,128,5,36079104,22259200,263381504,64450.28312048408,321784258.2831205,129.4448418218583,13565,27822915584,1146880,4,1048576,0.784214530426318
qwen3-4b,8,tight,fs,128,7,36079104,31162880,386583040,88456.01802333395,453913480.0180233,129.91581046333735,19876,27822915584,1146880,4,1048576,0.7798898555582554
qwen3-4b,8,cnn16,int,128,5,36079104,22259200,160947200,65408.130783591034,219350912.1307836,131.65346165187083,8567,83777028096,720896,4,524288,0.5345760960248016
qwen3-4b,8,cnn16,fs,128,7,36079104,31162880,231516672,90510.85921742223,298849166.8592174,129.79342233912357,12360,83777028096,720896,4,524288,0.5134666491206334
qwen3-4b,8,cnn17,int,128,5,36079104,22259200,132103680,61487.06777233714,190503471.06777233,132.72265950474065,6942,166211878912,917504,4,524288,0.4642725250299586
qwen3-4b,8,cnn17,fs,128,7,36079104,31162880,190767104,85533.58181662661,258094621.5818166,132.31404941526398,10049,166211878912,917504,4,524288,0.44344436992224423
qwen3-4b,8,cnn18,int,128,5,36079104,22259200,110134784,58457.937324384955,168531545.93732437,131.22702890138103,5750,331081580544,1310720,4,524288,0.4107251481611495
qwen3-4b,8,cnn18,fs,128,7,36079104,31162880,162660864,82140.37845937087,229984988.37845936,133.6844963846895,8496,331081580544,1310720,4,524288,0.3951479021066346
qwen3-4b,8,R8,int,128,5,36079104,22259200,194286592,57980.01698433124,252682876.01698434,131.53229317284178,9916,52961476608,1245184,4,1048576,0.6158088155700979
qwen3-4b,8,R8,fs,128,7,36079104,31162880,281530880,80112.33462126531,348852976.33462125,130.7796335348832,14384,52961476608,1245184,4,1048576,0.5993805191991047
qwen3-4b,8,R16,int,128,5,36079104,22259200,152929280,53988.71448189519,211321572.7144819,131.7248311107263,7784,103238598656,1441792,4,1048576,0.5150079397899854
qwen3-4b,8,R16,fs,128,7,36079104,31162880,220047872,75091.99765719254,287364947.9976572,130.0902949502106,11240,103238598656,1441792,4,1048576,0.4937350787147799
qwen3-4b,8,R64,int,128,5,36079104,22259200,106909184,49340.21671373701,165296828.21671373,131.83706646519138,5435,404901330944,2621440,4,1048576,0.40284187676725036
qwen3-4b,8,R64,fs,128,7,36079104,31162880,157458944,69051.07265669573,224769979.0726567,132.82915206330475,7988,404901330944,2621440,4,1048576,0.3861877521369181
qwen3-4b,8,tightc,int,128,5,36079104,12992000,84336640,84174.98601270717,133491918.98601271,130.79566583230235,8236,28017950720,1294336,5,1048576,0.3253307141930363
qwen3-4b,8,tightc,fs,128,7,36079104,18188800,122777600,115674.17399903007,177161178.17399904,130.02043183309522,11990,28017950720,1294336,5,1048576,0.3043888576544683
qwen3-4b,8,cnn16c,int,128,5,36079104,12992000,77148160,90711.0783670274,126309975.07836702,131.59666514222988,7534,26843545600,786432,5,524288,0.30782773005349806
qwen3-4b,8,cnn16c,fs,128,7,36079104,18188800,112168960,125079.11805175508,166561943.11805177,130.77919188065954,10954,26843545600,786432,5,524288,0.2861778190739827
qwen3-4b,8,cnn17c,int,128,5,36079104,12992000,55767040,80463.8381944463,104918607.83819444,131.7151282035217,5446,51002736640,1048576,5,524288,0.25569522020067276
qwen3-4b,8,cnn17c,fs,128,7,36079104,18188800,81203200,111718.87779074043,135582822.87779075,131.23330352078966,7930,51002736640,1048576,5,524288,0.23295115215820908
qwen3-4b,8,cnn18c,int,128,5,36079104,12992000,43970560,74351.02456157964,93116015.02456158,131.3536212160952,4294,99321118720,1572864,5,524288,0.2269313371240417
qwen3-4b,8,cnn18c,fs,128,7,36079104,18188800,64614400,104153.39858782638,118986457.39858782,132.65597061659577,6310,99321118720,1572864,5,524288,0.20443616494995598
qwen3-4b,8,R8c,int,128,5,36079104,12992000,60241920,91776.4361931631,109404800.43619317,131.7603861933976,5883,53351546880,3637248,6,2097152,0.26662843812877346
qwen3-4b,8,R8c,fs,128,7,36079104,18188800,87562240,127345.94132246487,141957489.94132248,131.01759019352792,8551,53351546880,3637248,6,2097152,0.243903764041893
qwen3-4b,8,R16c,int,128,5,36079104,12992000,46888960,82996.55479643533,96043060.55479644,131.4816723136206,4579,104018739200,6225920,6,4194304,0.2340647862501017
qwen3-4b,8,R16c,fs,128,7,36079104,18188800,68638720,115972.6975505017,123022596.6975505,132.81185138549006,6703,104018739200,6225920,6,4194304,0.21137084354719882
qwen3-4b,8,R64c,int,128,5,36079104,12992000,32798720,73592.53690747998,81943416.53690748,132.568201463381,3203,408021893120,21757952,6,16777216,0.19970280169665452
qwen3-4b,8,R64c,fs,128,7,36079104,18188800,47503360,102521.50087123801,101873785.50087124,132.11840025328692,4639,408021893120,21757952,6,16777216,0.17503408767744125
opt-125m,2048,paper,int,128,5,692261248,2722080,36652544,896624.1688474311,732532496.1688474,137.26838569932372,5100,866516992,716800,75,262144,1.0
opt-125m,2048,paper,fs,128,7,692261248,3810912,53900800,1188328.6833392102,751161288.6833392,138.73314220044654,7500,866516992,716800,75,262144,1.0
opt-125m,2048,tight,int,128,5,692261248,2722080,30020224,65869.45129352785,725069421.4512935,130.79452942459773,4211,866516992,294912,5,262144,0.9898119540681323
opt-125m,2048,tight,fs,128,7,692261248,3810912,43761024,89252.44134287932,739922436.4413428,130.1862313099492,6108,866516992,294912,5,262144,0.9850380305650518
opt-125m,2048,cnn16,int,128,5,692261248,2722080,12438784,56408.0599619929,707478520.059962,132.67835335696827,1839,8881438720,327680,4,131072,0.9657981369564927
opt-125m,2048,cnn16,fs,128,7,692261248,3810912,17636992,78041.68110222176,713787193.6811023,129.7465898503483,2627,8881438720,327680,4,131072,0.9502449133557621
opt-125m,2048,cnn17,int,128,5,692261248,2722080,10723456,46246.05217857422,705753030.0521786,131.69253211348718,1582,17662214144,393216,3,131072,0.963442623696934
opt-125m,2048,cnn17,fs,128,7,692261248,3810912,15312000,64011.66518920245,711448171.6651891,130.5868385756552,2272,17662214144,393216,3,131072,0.947131038810905
opt-125m,2048,cnn18,int,128,5,692261248,2722080,9485696,36632.42150769816,704505656.4215077,135.13864894906968,1380,35324428288,786432,3,262144,0.9617398000854291
opt-125m,2048,cnn18,fs,128,7,692261248,3810912,13440000,50904.87867343574,709563064.8786734,132.41159243871928,1964,35324428288,786432,3,262144,0.9446214489066914
opt-125m,2048,R8,int,128,5,692261248,2722080,21695488,53659.43024647572,716732475.4302465,131.36688288081317,3044,1525415936,311296,4,262144,0.9784309626928017
opt-125m,2048,R8,fs,128,7,692261248,3810912,31505152,73607.76758456723,727650919.7675846,130.86067708825885,4429,1525415936,311296,4,262144,0.9687013038744788
opt-125m,2048,R16,int,128,5,692261248,2722080,16899712,51865.22469251895,711934905.2246925,131.2376370587633,2387,2843213824,352256,4,262144,0.9718816693431614
opt-125m,2048,R16,fs,128,7,692261248,3810912,24577920,71508.53822043753,720721588.5382204,130.4761309494339,3480,2843213824,352256,4,262144,0.9594764791480741
opt-125m,2048,R64,int,128,5,692261248,2722080,12103936,50094.50249171439,707137358.5024917,133.85440807521172,1730,10750001152,598016,4,262144,0.9653324080512843
opt-125m,2048,R64,fs,128,7,692261248,3810912,17117824,68882.53587888215,713258866.5358789,129.77732078028558,2458,10750001152,598016,4,262144,0.9495415662142321
opt-125m,2048,tightc,int,128,5,692261248,1783920,8489424,67862.25315591533,702602454.253156,130.11417161975837,2761,900120576,307200,5,262144,0.9591416871302967
opt-125m,2048,tightc,fs,128,7,692261248,2497488,12443568,92403.02630023002,707294707.0263002,129.9979648691645,4047,900120576,307200,5,262144,0.9416016475849949
opt-125m,2048,cnn16c,int,128,5,692261248,1783920,4820784,56692.55344774226,698922644.5534477,131.0265220357242,1568,2669936640,327680,4,131072,0.9541182789962499
opt-125m,2048,cnn16c,fs,128,7,692261248,2497488,7102032,78573.9263927162,701939341.9263927,131.66061400054872,2310,2669936640,327680,4,131072,0.9344721999143161
opt-125m,2048,cnn17c,int,128,5,692261248,1783920,4107456,55121.367488638294,698207745.3674886,130.7835369758406,1336,5138546688,524288,4,131072,0.953142350706791
opt-125m,2048,cnn17c,fs,128,7,692261248,2497488,6010512,76335.02755342808,700845583.0275534,131.34056031534033,1955,5138546688,524288,4,131072,0.9330161093045931
opt-125m,2048,cnn18c,int,128,5,692261248,1783920,3400464,44840.362067255555,697490472.3620672,132.64710864117416,1106,10277093376,1048576,4,262144,0.9521631818519309
opt-125m,2048,cnn18c,fs,128,7,692261248,2497488,4962336,62643.75552691842,699783715.7555269,133.78164762015652,1614,10277093376,1048576,4,262144,0.9316024751250578
opt-125m,2048,R8c,int,128,5,692261248,1783920,6260160,80380.5243835675,700385708.5243835,131.5208601337457,2036,1592623104,868352,6,524288,0.9561155473476031
opt-125m,2048,R8c,fs,128,7,692261248,2497488,9156528,110747.0437336126,704026011.0437336,131.31199749781834,2978,1592623104,868352,6,524288,0.937250124108198
opt-125m,2048,R16c,int,128,5,692261248,1783920,4941024,75187.73263359952,699061379.7326336,130.83556442652275,1607,2977628160,1466368,6,1048576,0.9543076701562482
opt-125m,2048,R16c,fs,128,7,692261248,2497488,7308528,104619.75442208139,702171883.7544221,132.297177776468,2377,2977628160,1466368,6,1048576,0.9347817763415531
opt-125m,2048,R64c,int,128,5,692261248,1783920,3621888,70047.90469805442,697737103.904698,132.54484451112842,1178,11287658496,5054464,6,4194304,0.9524998652672343
opt-125m,2048,R64c,fs,128,7,692261248,2497488,5272944,97141.784144373,700128821.7841444,131.9852652862065,1715,11287658496,5054464,6,4194304,0.9320619051220727
opt-350m,2048,paper,int,128,5,1833113984,5513920,75769728,2093360.6853461447,1916490992.6853461,138.71225580799398,10281,2665676800,2048000,149,262144,1.0
opt-350m,2048,paper,fs,128,7,1833113984,7719488,110909312,2802979.7968303324,1954545763.7968304,140.55173438720203,15049,2665676800,2048000,149,262144,1.0
opt-350m,2048,tight,int,128,5,1833113984,5513920,53988096,76117.96645353964,1892692117.9664536,129.23576507555228,6829,2665676800,317440,6,262144,0.9875820576200329
opt-350m,2048,tight,fs,128,7,1833113984,7719488,78763648,102342.7878845085,1919699462.7878845,129.61841507024639,10000,2665676800,317440,6,262144,0.98217166276974
opt-350m,2048,cnn16,int,128,5,1833113984,5513920,25996800,65277.25416537399,1864689981.2541654,131.3203031117974,3790,18025021440,393216,5,131072,0.9729709079620571
opt-350m,2048,cnn16,fs,128,7,1833113984,7719488,38134656,89687.17387218951,1879057815.1738722,131.4204207036827,5557,18025021440,393216,5,131072,0.9613782649548619
opt-350m,2048,cnn17,int,128,5,1833113984,5513920,22307200,62906.12338459132,1860998010.1233845,132.69738036035474,3248,35982934016,655360,5,131072,0.9710444855865427
opt-350m,2048,cnn17,fs,128,7,1833113984,7719488,32363904,87000.22301300536,1873284376.223013,131.0070324019697,4698,35982934016,655360,5,131072,0.9584244129357391
opt-350m,2048,cnn18,int,128,5,1833113984,5513920,19937280,52617.446418228275,1858617801.4464183,133.33808739495643,2840,71965868032,1310720,5,262144,0.9698025237479269
opt-350m,2048,cnn18,fs,128,7,1833113984,7719488,28066432,72916.20652254303,1868972820.2065225,129.48067258792355,4001,71965868032,1310720,5,262144,0.9562185009042321
opt-350m,2048,R8,int,128,5,1833113984,5513920,39902080,71826.71257861878,1878601810.7125785,129.77604854094247,5181,5188747264,364544,6,262144,0.9802299190983006
opt-350m,2048,R8,fs,128,7,1833113984,7719488,58288512,97432.74102276935,1899219416.7410228,130.11401309394233,7580,5188747264,364544,6,262144,0.9716935013338687
opt-350m,2048,R16,int,128,5,1833113984,5513920,32215808,69064.01522088643,1870912776.0152209,132.92017142326168,4260,10234888192,458752,6,262144,0.9762178810941021
opt-350m,2048,R16,fs,128,7,1833113984,7719488,46330624,94166.2202130162,1887258262.220213,129.714293400479,6094,10234888192,458752,6,262144,0.9655738418496238
opt-350m,2048,R64,int,128,5,1833113984,5513920,22858368,65419.301649078516,1861551691.301649,132.86650784485246,3075,40511733760,1024000,6,524288,0.9713333892027756
opt-350m,2048,R64,fs,128,7,1833113984,7719488,33282816,90218.22514879714,1874206506.225149,132.227723064115,4462,40511733760,1024000,6,524288,0.9588962003040454
opt-350m,2048,tightc,int,128,5,1833113984,3525440,22036192,95982.12120330604,1858771598.1212034,130.4221988705515,5502,2093744128,348160,7,262144,0.9698827728466036
opt-350m,2048,tightc,fs,128,7,1833113984,4935616,32236704,129949.71592160757,1870416253.7159216,130.6737813333748,8049,2093744128,348160,7,262144,0.9569570016526593
opt-350m,2048,cnn16c,int,128,5,1833113984,3033440,12812640,68448.87753068187,1849028512.8775306,131.6826877301451,3248,6715604992,393216,5,131072,0.9647989580617394
opt-350m,2048,cnn16c,fs,128,7,1833113984,4246816,18604224,94287.75505017403,1856059311.7550502,130.64723694796265,4718,6715604992,393216,5,131072,0.9496115906488349
opt-350m,2048,cnn17c,int,128,5,1833113984,3033440,10615744,65859.10317566124,1846829027.1031756,133.39597060615984,2709,13296992256,655360,5,131072,0.9636512950762364
opt-350m,2048,cnn17c,fs,128,7,1833113984,4246816,15214528,90734.55775328116,1852666062.5577533,130.13931705491993,3886,13296992256,655360,5,131072,0.9478755099388569
opt-350m,2048,cnn18c,int,128,5,1833113984,3033440,8861600,46603.29826898674,1845055627.298269,132.36729049305467,2238,26593984512,1048576,4,262144,0.9627259581914427
opt-350m,2048,cnn18c,fs,128,7,1833113984,4246816,12878368,64659.8291278018,1850303827.8291278,131.51704634167086,3252,26593984512,1048576,4,262144,0.9466669249200869
opt-350m,2048,R8c,int,128,5,1833113984,3525440,15910976,104364.8533445338,1852654764.8533444,130.86566767470862,3977,4044881920,950272,8,524288,0.9666910890394764
opt-350m,2048,R8c,fs,128,7,1833113984,4935616,23201600,143035.30496927485,1861394235.3049693,130.67007948644226,5800,4044881920,950272,8,524288,0.9523410859866958
opt-350m,2048,R16c,int,128,5,1833113984,3525440,12601536,97158.68900505494,1849338118.6890051,131.92769642530803,3154,7947157504,1630208,8,1048576,0.9649605063354627
opt-350m,2048,R16c,fs,128,7,1833113984,4935616,18189312,133096.97816723687,1856372008.9781673,130.27422718744958,4554,7947157504,1630208,8,1048576,0.9497715752493028
opt-350m,2048,R64c,int,128,5,1833113984,3033440,9193856,80731.83402508893,1845422011.8340251,132.26383500108787,2306,29751771136,5578752,7,4194304,0.9629171328628366
opt-350m,2048,R64c,fs,128,7,1833113984,4246816,13475200,111956.02092643728,1850947956.0209265,133.3473200047732,3380,29751771136,5578752,7,4194304,0.9469964788265389
opt-1.3b,2048,paper,int,128,5,3657634176,9937600,137099136,2391454.17713347,3807062366.1771336,138.30373072757166,10143,10629152768,3817472,147,262144,1.0
opt-1.3b,2048,paper,fs,128,7,3657634176,13912640,200681344,3240650.7741816537,3875468810.774182,139.76212586706683,14847,10629152768,3817472,147,262144,1.0
opt-1.3b,2048,tight,int,128,5,3657634176,9937600,96101888,59454.20844094675,3763733118.208441,131.320711196505,6818,10629152768,352256,4,262144,0.988618718633653
opt-1.3b,2048,tight,fs,128,7,3657634176,13912640,139961472,80944.64127247404,3811589232.6412725,130.88597575452036,9930,10629152768,352256,4,262144,0.9835169417554548
opt-1.3b,2048,cnn16,int,128,5,3657634176,9937600,59755008,53467.23444012317,3727380251.2344403,132.38466747760955,4619,32688308224,262144,3,131072,0.9790699212992652
opt-1.3b,2048,cnn16,fs,128,7,3657634176,13912640,85646336,73466.07051378516,3757266618.0705137,129.44192072709143,6633,32688308224,262144,3,131072,0.9694998983413169
opt-1.3b,2048,cnn17,int,128,5,3657634176,9937600,48681600,50945.731544187955,3716304321.731544,131.14669303097736,3745,65108180992,393216,3,131072,0.9761606100147173
opt-1.3b,2048,cnn17,fs,128,7,3657634176,13912640,71611136,70275.15161354623,3743228227.1516137,131.22900718726015,5493,65108180992,393216,3,131072,0.965877526028612
opt-1.3b,2048,cnn18,int,128,5,3657634176,9937600,41623040,40164.3119257672,3709234980.311926,132.89572243740452,3170,130216361984,786432,3,262144,0.9743037080941122
opt-1.3b,2048,cnn18,fs,128,7,3657634176,13912640,60431232,55674.73477869264,3732033722.734779,132.1869113136095,4606,130216361984,786432,3,262144,0.9629889711302438
opt-1.3b,2048,R8,int,128,5,3657634176,9937600,70640896,67483.07331604905,3738280155.073316,129.43212572789582,5092,20704657408,450560,5,262144,0.9819329959721975
opt-1.3b,2048,R8,fs,128,7,3657634176,13912640,103445632,91873.4383042762,3775084321.4383044,129.4972087293453,7450,20704657408,450560,5,262144,0.9740974591108051
opt-1.3b,2048,R16,int,128,5,3657634176,9937600,57414400,64254.35910205515,3725050430.3591022,132.81577663393082,4192,40855666688,630784,5,262144,0.9784579479058065
opt-1.3b,2048,R16,fs,128,7,3657634176,13912640,82529024,87938.2973588049,3754163778.297359,129.58234379940617,6017,40855666688,630784,5,262144,0.9686992623603154
opt-1.3b,2048,R64,int,128,5,3657634176,9937600,41046656,60352.59618051672,3708678784.5961804,132.8059130122085,3029,161761722368,1712128,5,1048576,0.9741576123220316
opt-1.3b,2048,R64,fs,128,7,3657634176,13912640,59650816,83017.84826992983,3731280649.84827,131.93850403828645,4393,161761722368,1712128,5,1048576,0.9627946532494198
opt-1.3b,2048,tightc,int,128,5,3657634176,5962560,44183264,92091.51295985543,3707872091.51296,130.85184049748142,5392,8339849216,417792,6,262144,0.9739457184769538
opt-1.3b,2048,tightc,fs,128,7,3657634176,8347584,64529568,125501.00826621198,3730636829.0082664,130.59071353291242,7875,8339849216,417792,6,262144,0.9626285260345101
opt-1.3b,2048,cnn16c,int,128,5,3657634176,4979040,33319616,66023.40917694988,3695998855.409177,131.24345874466115,4066,13560709120,327680,4,131072,0.9708269788920003
opt-1.3b,2048,cnn16c,fs,128,7,3657634176,6970656,48528960,90919.39833528553,3713224711.3983355,130.55310276754605,5922,13560709120,327680,4,131072,0.958135619895897
opt-1.3b,2048,cnn17c,int,128,5,3657634176,4979040,26198368,62036.8913409569,3688873620.8913407,131.5749727409677,3197,26584547328,524288,4,131072,0.9689553955470206
opt-1.3b,2048,cnn17c,fs,128,7,3657634176,6970656,38056128,85884.55249237863,3702746844.552492,130.463888155235,4644,26584547328,524288,4,131072,0.9554319813537124
opt-1.3b,2048,cnn18c,int,128,5,3657634176,4979040,21175232,50512.80601469503,3683838960.8060145,133.53486320155417,2584,53169094656,1048576,4,262144,0.967632942799712
opt-1.3b,2048,cnn18c,fs,128,7,3657634176,6970656,30722080,69789.2026314469,3695396701.2026315,131.51665632038421,3749,53169094656,1048576,4,262144,0.9535353996216065
opt-1.3b,2048,R8c,int,128,5,3657634176,5962560,31850560,99725.37285488093,3695547021.3728547,130.67578604101536,3887,16126050304,1089536,7,524288,0.9707082957728751
opt-1.3b,2048,R8c,fs,128,7,3657634176,8347584,46436160,137043.44200810214,3712554963.442008,130.29767385549258,5667,16126050304,1089536,7,524288,0.9579628026216448
opt-1.3b,2048,R16c,int,128,5,3657634176,5962560,25286848,92295.36403890245,3688975879.364039,131.91671502161856,3086,31698452480,1908736,7,1048576,0.9689822557512575
opt-1.3b,2048,R16c,fs,128,7,3657634176,8347584,36684800,126762.07417142988,3702793322.0741715,130.60262652800026,4477,31698452480,1908736,7,1048576,0.9554439741019317
opt-1.3b,2048,R64c,int,128,5,3657634176,4979040,18520448,83546.60567901899,3681217210.605679,132.20780664506802,2260,118693560320,6692864,7,4194304,0.9669442884126371
opt-1.3b,2048,R64c,fs,128,7,3657634176,6970656,27133312,115784.87846855208,3691853928.8784685,133.09710530063967,3311,118693560320,6692864,7,4194304,0.9526212463934051
opt-2.7b,2048,paper,int,128,5,6081941888,15847040,218777472,3173781.217918702,6319740181.217918,139.29917913741625,13455,17621843968,5005312,195,262144,1.0
opt-2.7b,2048,paper,fs,128,7,6081941888,22185856,320239488,4300914.2856738195,6428668146.285674,140.70620920934505,19695,17621843968,5005312,195,262144,1.0
opt-2.7b,2048,tight,int,128,5,6081941888,15847040,161950848,61721.092323613484,6259801497.092323,129.50323775074656,9969,17621843968,352256,4,262144,0.990515641085415
opt-2.7b,2048,tight,fs,128,7,6081941888,22185856,238149760,84589.96188395232,6342362093.961884,130.3524014972565,14659,17621843968,352256,4,262144,0.9865748160645598
opt-2.7b,2048,cnn16,int,128,5,6081941888,15847040,102688000,64579.97039291267,6200541507.970393,131.26939663670277,6589,52116324352,327680,4,131072,0.9811386750357586
opt-2.7b,2048,cnn16,fs,128,7,6081941888,22185856,147849344,89013.01550982881,6252066101.01551,129.9544307811553,9509,52116324352,327680,4,131072,0.9725289840365767
opt-2.7b,2048,cnn17,int,128,5,6081941888,15847040,84264320,61052.97197211339,6182114300.971972,133.6055058050264,5363,103897104384,524288,4,131072,0.978222857854985
opt-2.7b,2048,cnn17,fs,128,7,6081941888,22185856,121466368,84336.45155027548,6225678448.4515505,132.37579368645777,7735,103897104384,524288,4,131072,0.9684242998370656
opt-2.7b,2048,cnn18,int,128,5,6081941888,15847040,69902208,49426.077697456065,6167740562.077698,132.73077518816697,4419,207794208768,1048576,4,262144,0.9759484385779088
opt-2.7b,2048,cnn18,fs,128,7,6081941888,22185856,102755968,68711.59954138527,6206952423.599542,132.14346498165935,6481,207794208768,1048576,4,262144,0.9655114064622803
opt-2.7b,2048,R8,int,128,5,6081941888,15847040,120998144,58145.47068646758,6218845217.470687,132.4143803670262,7460,34551627776,434176,4,262144,0.9840349506697936
opt-2.7b,2048,R8,fs,128,7,6081941888,22185856,175145600,79555.80520765585,6279352899.805207,131.31933504379091,10799,34551627776,434176,4,262144,0.9767735333224912
opt-2.7b,2048,R16,int,128,5,6081941888,15847040,95796480,55664.88948649488,6193641072.889486,132.84931623923165,5916,68411195392,598016,4,262144,0.9800467891538968
opt-2.7b,2048,R16,fs,128,7,6081941888,22185856,137343104,76108.45174273825,6241546956.451743,129.9709079178008,8483,68411195392,598016,4,262144,0.9708926972778887
opt-2.7b,2048,R64,int,128,5,6081941888,15847040,67444608,52588.87303796715,6165286124.873038,132.65727288597594,4179,271568601088,1581056,4,1048576,0.9755600622943467
opt-2.7b,2048,R64,fs,128,7,6081941888,22185856,99540608,72802.64066926732,6203741154.640669,134.957867193027,6167,271568601088,1581056,4,1048576,0.9650118832506601
opt-2.7b,2048,tightc,int,128,5,6081941888,7600640,73667584,78798.89222183253,6163288910.892221,130.1235610376301,7192,16130768896,385024,5,262144,0.9752440344318797
opt-2.7b,2048,tightc,fs,128,7,6081941888,10640896,107971328,107770.39821045383,6200661882.398211,130.4694541636945,10541,16130768896,385024,5,262144,0.9645328925526822
opt-2.7b,2048,cnn16c,int,128,5,6081941888,7600640,60329728,78458.6087545429,6149950714.608754,130.54351952945095,5890,22319988736,393216,5,131072,0.9731334735700411
opt-2.7b,2048,cnn16c,fs,128,7,6081941888,10640896,87954304,107949.15622249956,6180645037.156222,130.3167261165283,8587,22319988736,393216,5,131072,0.9614192079159113
opt-2.7b,2048,cnn17c,int,128,5,6081941888,7600640,46512256,73070.35932903814,6136127854.359329,132.76385029929995,4541,43968888832,655360,5,131072,0.9709462222190274
opt-2.7b,2048,cnn17c,fs,128,7,6081941888,10640896,67233280,100819.61317973158,6159916883.61318,130.977597094496,6564,43968888832,655360,5,131072,0.9581948769858697
opt-2.7b,2048,cnn18c,int,128,5,6081941888,7600640,36792064,60124.674940196266,6126394716.67494,132.02384200604516,3592,87937777664,1310720,5,262144,0.9694061054728808
opt-2.7b,2048,cnn18c,fs,128,7,6081941888,10640896,53498112,83824.71611938441,6146164720.71612,131.13576424318958,5223,87937777664,1310720,5,262144,0.9560556838304404
opt-2.7b,2048,R8c,int,128,5,6081941888,7600640,53826688,88779.14071264162,6143457995.140713,132.66469240445664,5255,31569477632,1024000,6,524288,0.9721061023044727
opt-2.7b,2048,R8c,fs,128,7,6081941888,10640896,77887360,121946.4458021317,6170592090.445802,131.1895495942218,7604,31569477632,1024000,6,524288,0.959855439732259
opt-2.7b,2048,R16c,int,128,5,6081941888,7600640,42262272,82154.23248801248,6131886954.232488,132.9393912357332,4126,62446895104,1777664,6,1048576,0.9702751661304487
opt-2.7b,2048,R16c,fs,128,7,6081941888,10640896,60699520,112614.40954651702,6153394918.409547,130.1903849627419,5926,62446895104,1777664,6,1048576,0.9571803643286249
opt-2.7b,2048,R64c,int,128,5,6081941888,7600640,29704320,74357.40058133351,6119321205.400581,133.13393623627698,2900,247711399936,6299648,6,4194304,0.9682868329914929
opt-2.7b,2048,R64c,fs,128,7,6081941888,10640896,43511680,103143.92580609772,6136197607.925806,132.0301188637579,4248,247711399936,6299648,6,4194304,0.9545052673890392
opt-6.7b,2048,paper,int,128,5,9730986368,24725120,341718912,3594754.650449866,10101025154.65045,137.9375233546454,13455,53470560256,9723904,195,262144,1.0
opt-6.7b,2048,paper,fs,128,7,9730986368,34615168,500197248,4915529.353114037,10270714313.353113,138.8985620046898,19695,53470560256,9723904,195,262144,1.0
opt-6.7b,2048,tight,int,128,5,9730986368,24725120,232793600,77729.76030923612,9988582817.76031,130.64666492232482,9026,53470560256,450560,5,262144,0.9888682252376757
opt-6.7b,2048,tight,fs,128,7,9730986368,34615168,339269120,106300.14558578713,10104976956.145586,129.97465929050625,13148,53470560256,450560,5,262144,0.983863112910068
opt-6.7b,2048,cnn16,int,128,5,9730986368,24725120,192095360,70442.56162446225,9947877290.561625,131.95319229753744,7970,81409343488,327680,4,131072,0.9848383840507201
opt-6.7b,2048,cnn16,fs,128,7,9730986368,34615168,280165504,97104.0285163477,10045864144.028517,132.14121415189618,11629,81409343488,327680,4,131072,0.9781076405725486
opt-6.7b,2048,cnn17,int,128,5,9730986368,24725120,149187072,64383.303504080875,9904962943.303505,131.87050597371584,6102,162281816064,524288,4,131072,0.980589870003771
opt-6.7b,2048,cnn17,fs,128,7,9730986368,34615168,218271104,89198.87626532638,9983961838.876265,131.74900723201276,8924,162281816064,524288,4,131072,0.9720805714453534
opt-6.7b,2048,cnn18,int,128,5,9730986368,24725120,120722048,51847.11529600814,9876485383.115295,130.67542101280978,4901,324563632128,1048576,4,262144,0.977770595746732
opt-6.7b,2048,cnn18,fs,128,7,9730986368,34615168,178049792,72323.53073971075,9943723651.530739,132.55148828815635,7220,324563632128,1048576,4,262144,0.9681628120648582
opt-6.7b,2048,R8,int,128,5,9730986368,24725120,176465152,71425.38610058045,9932248065.3861,132.478535845565,6892,105833824256,630784,5,262144,0.9832910930642872
opt-6.7b,2048,R8,fs,128,7,9730986368,34615168,257135744,98067.40874711264,10022835347.408747,132.61973348718345,10043,105833824256,630784,5,262144,0.9758654599493537
opt-6.7b,2048,R16,int,128,5,9730986368,24725120,141223040,67404.4777716891,9897001932.477772,132.44151525543407,5537,210560352256,991232,5,524288,0.979801731106595
opt-6.7b,2048,R16,fs,128,7,9730986368,34615168,206732416,92974.05246587106,9972426926.052465,133.4386021246354,8107,210560352256,991232,5,524288,0.9709574837542857
opt-6.7b,2048,R64,int,128,5,9730986368,24725120,101061248,62368.263829332325,9856835104.26383,132.36894766765832,3989,838919520256,3153920,5,2097152,0.9758252210396491
opt-6.7b,2048,R64,fs,128,7,9730986368,34615168,146690816,86257.49673303445,9912378609.496733,131.48475694843762,5786,838919520256,3153920,5,2097152,0.9651109267648013
opt-6.7b,2048,tightc,int,128,5,9730986368,14154880,117325568,99250.73168750132,9862566066.731688,131.0430737954278,7160,40839938048,565248,6,262144,0.9763925854784178
opt-6.7b,2048,tightc,fs,128,7,9730986368,19816832,171154432,136111.6180075887,9922093743.618008,130.35574205581423,10445,40839938048,565248,6,262144,0.9660568331375103
opt-6.7b,2048,cnn16c,int,128,5,9730986368,11532800,124309632,87395.52626028852,9866916195.52626,131.2866432435249,7586,35708207104,393216,5,131072,0.9768232475872602
opt-6.7b,2048,cnn16c,fs,128,7,9730986368,16145920,181613952,120344.20700918927,9928866584.207008,130.91220780157596,11083,35708207104,393216,5,131072,0.9667162654206375
opt-6.7b,2048,cnn17c,int,128,5,9730986368,11532800,87521536,78217.50277112403,9830118921.502771,130.75107710429688,5341,70342672384,655360,5,131072,0.9731803228880234
opt-6.7b,2048,cnn17c,fs,128,7,9730986368,16145920,128013184,108536.10792574815,9875254008.107925,130.6595862865492,7812,70342672384,655360,5,131072,0.9614963192257189
opt-6.7b,2048,cnn18c,int,128,5,9730986368,11532800,67251328,63929.609694748986,9809834425.609695,131.15596477876363,4104,140685344768,1310720,5,262144,0.9711721607873938
opt-6.7b,2048,cnn18c,fs,128,7,9730986368,16145920,98697600,89403.51828571185,9845919291.518286,132.77839662888618,6023,140685344768,1310720,5,262144,0.9586401676772817
opt-6.7b,2048,R8c,int,128,5,9730986368,14154880,84536064,104951.41210332212,9829782263.412104,131.00664629633727,5159,80572579840,1384448,7,524288,0.973146993786718
opt-6.7b,2048,R8c,fs,128,7,9730986368,19816832,123551488,145132.62763803857,9874499820.627638,131.170574605776,7540,80572579840,1384448,7,524288,0.9614228883564261
opt-6.7b,2048,R16c,int,128,5,9730986368,14154880,66560256,96196.55116580677,9811797700.551167,131.45869269471208,4062,160037863424,2498560,7,1048576,0.9713665247169369
opt-6.7b,2048,R16c,fs,128,7,9730986368,19816832,97628288,133336.00067138163,9848564824.000671,132.96589741152403,5958,160037863424,2498560,7,1048576,0.9588977478612565
opt-6.7b,2048,R64c,int,128,5,9730986368,11532800,48570880,86362.24367031422,9791176410.24367,131.75963596331025,2964,602478215168,8921088,7,4194304,0.9693250200189703
opt-6.7b,2048,R64c,fs,128,7,9730986368,16145920,71184896,120208.34066942998,9818437392.34067,132.79937777303147,4344,602478215168,8921088,7,4194304,0.9559644142351004
opt-13b,2048,paper,int,128,5,15183581568,38017600,525424512,4482338.002556741,15751506018.002556,139.29738493566876,16767,83562070016,12099584,243,262144,1.0
opt-13b,2048,paper,fs,128,7,15183581568,53224640,769099648,6129471.934219464,16012035327.93422,140.68470240257005,24543,83562070016,12099584,243,262144,1.0
opt-13b,2048,tight,int,128,5,15183581568,38017600,396422656,65483.33731507582,15618087307.337315,131.57816583310506,12658,83562070016,434176,4,262144,0.9915297806753999
opt-13b,2048,tight,fs,128,7,15183581568,53224640,571830400,89494.72304128438,15808726102.723042,129.5054284118964,18260,83562070016,434176,4,262144,0.9873027244165212
opt-13b,2048,cnn16,int,128,5,15183581568,38017600,326453504,74352.75835253134,15548127024.758352,131.33561583982382,11045,125097213952,327680,4,131072,0.9870882826688597
opt-13b,2048,cnn16,fs,128,7,15183581568,53224640,473641600,102554.22257855094,15710550362.222578,130.5476375159516,16042,125097213952,327680,4,131072,0.9811713527020717
opt-13b,2048,cnn17,int,128,5,15183581568,38017600,247737600,66750.33171057253,15469403518.33171,132.2114172483235,8232,249523339264,524288,4,131072,0.9820904426949126
opt-13b,2048,cnn17,fs,128,7,15183581568,53224640,355577984,92214.65252321235,15592476406.652523,129.41428975211394,11823,249523339264,524288,4,131072,0.9737972773174098
opt-13b,2048,cnn18,int,128,5,15183581568,38017600,201594240,53562.50907502256,15423246970.509075,133.37157791158918,6623,499046678528,1048576,4,262144,0.9791601484252801
opt-13b,2048,cnn18,fs,128,7,15183581568,53224640,290559488,74270.66827935683,15527439966.66828,131.9756942842648,9550,499046678528,1048576,4,262144,0.96973555507834
opt-13b,2048,R8,int,128,5,15183581568,38017600,290388224,60573.24634961348,15512047965.24635,131.95710124080924,9284,165740019712,598016,4,262144,0.9847977677510629
opt-13b,2048,R8,fs,128,7,15183581568,53224640,420352640,83198.8179763667,15657242046.817976,130.70417109146362,13440,165740019712,598016,4,262144,0.977842087289348
opt-13b,2048,R16,int,128,5,15183581568,38017600,229797120,57583.4065850637,15451453871.406586,132.45244597297008,7356,330095919104,925696,4,524288,0.9809508915367815
opt-13b,2048,R16,fs,128,7,15183581568,53224640,329465984,78988.96568887302,15566351180.965689,129.45234344812948,10548,330095919104,925696,4,524288,0.9721656780140249
opt-13b,2048,R64,int,128,5,15183581568,38017600,161632128,53932.78787282338,15383285228.787872,132.3060194495433,5187,1316231315456,2891776,4,2097152,0.9766231375721255
opt-13b,2048,R64,fs,128,7,15183581568,53224640,238579328,74917.7970805681,15475460453.797081,134.97599927523885,7656,1316231315456,2891776,4,2097152,0.9664892773999166
opt-13b,2048,tightc,int,128,5,15183581568,17431200,185657920,84664.07529108957,15386755352.07529,131.66735897719303,9064,76555223040,499712,5,262144,0.9768434417946837
opt-13b,2048,tightc,fs,128,7,15183581568,24403680,268532160,115729.09108929623,15476633137.09109,129.86843478566902,13110,76555223040,499712,5,262144,0.9665625150158719
opt-13b,2048,cnn16c,int,128,5,15183581568,17431200,224203840,93533.4963285451,15425310141.496328,130.85995202099295,10946,55372677120,393216,5,131072,0.9792911308840301
opt-13b,2048,cnn16c,fs,128,7,15183581568,24403680,327170400,128788.59062656279,15535284436.590626,130.43063841664872,15973,55372677120,393216,5,131072,0.970225465933624
opt-13b,2048,cnn17c,int,128,5,15183581568,17431200,151183200,82066.5038551183,15352278034.503855,132.08537560129827,7381,109403176960,655360,5,131072,0.9746546150544323
opt-13b,2048,cnn17c,fs,128,7,15183581568,24403680,218059360,113225.88408676394,15426157833.884087,129.83120746440673,10646,109403176960,655360,5,131072,0.9634101797772064
opt-13b,2048,cnn18c,int,128,5,15183581568,17431200,113392800,66667.10216657241,15314472235.102167,132.53046323212172,5536,218806353920,1310720,5,262144,0.9722544763401736
opt-13b,2048,cnn18c,fs,128,7,15183581568,24403680,164661280,92641.52784607006,15372739169.527845,131.7679443190501,8039,218806353920,1310720,5,262144,0.960074022738941
opt-13b,2048,R8c,int,128,5,15183581568,17431200,133692320,92644.45015870307,15334797732.45016,132.28093931542043,6527,151726325760,1253376,6,524288,0.9735448607214995
opt-13b,2048,R8c,fs,128,7,15183581568,24403680,193461600,127664.54942172338,15401574512.549421,130.71870574740484,9445,151726325760,1253376,6,524288,0.9618748770607692
opt-13b,2048,R16c,int,128,5,15183581568,17431200,104831680,85159.9553212064,15305929607.95532,132.58765456521473,5118,302068531200,2236416,6,1048576,0.9717121391733602
opt-13b,2048,R16c,fs,128,7,15183581568,24403680,151389440,117382.62142990893,15359492070.62143,130.31457683679255,7391,302068531200,2236416,6,1048576,0.9592467013750352
opt-13b,2048,R64c,int,128,5,15183581568,17431200,73492640,76437.24269311197,15274581845.242693,132.81140492927327,3588,1204121763840,8134656,6,4194304,0.9697219953308095
opt-13b,2048,R64c,fs,128,7,15183581568,24403680,107678560,106314.81246540946,15315770122.812466,131.70753704813148,5257,1204121763840,8134656,6,4194304,0.9565161335918947
