model,seq,layers,vocab,policy,challenges,lam,bytes_claims,bytes_u,bytes_columns,bytes_paths,bytes_total,model_paths,model_total,queries,commit_s,encoded_entries,leaves,trees,max_n,whole_model_total
gpt2,64,12,50257,paper,int,128,21827908,2701300,36648464,895200,62072872,894498.8150170617,62072170.81501706,3,77.13295240001753,863309824,712704,75,262144,62072170.81501706
gpt2,64,12,50257,paper,fs,128,21827908,3781820,53894800,1185120,80689648,1185228.5902890977,80689756.5902891,3,77.13295240001753,863309824,712704,75,262144,80689756.5902891
gpt2,512,12,50257,paper,int,128,173216068,2701300,36648464,895200,213461032,894498.8150170617,213460330.81501707,3,77.13295240001753,863309824,712704,75,262144,213460330.81501707
gpt2,512,12,50257,paper,fs,128,173216068,3781820,53894800,1188352,232081040,1185228.5902890977,232077916.5902891,3,77.13295240001753,863309824,712704,75,262144,232077916.5902891
gpt2,64,12,50257,tight,int,128,21827908,2701300,30016924,64064,54610196,63774.78377330812,54609906.78377331,3,89.33560509997187,863309824,290816,5,262144,54609906.78377331
gpt2,64,12,50257,tight,fs,128,21827908,3781820,43750020,86240,69445988,85978.91028074396,69445726.91028075,3,89.33560509997187,863309824,290816,5,262144,69445726.91028075
gpt2,512,12,50257,tight,int,128,173216068,2701300,30016924,64064,205998356,63774.78377330812,205998066.7837733,3,89.33560509997187,863309824,290816,5,262144,205998066.7837733
gpt2,512,12,50257,tight,fs,128,173216068,3781820,43750020,86304,220834212,85978.91028074396,220833886.91028073,3,89.33560509997187,863309824,290816,5,262144,220833886.91028073
gpt2,64,12,50257,R8,int,128,21827908,2701300,21693088,52064,46274360,51564.76272625599,46273860.762726255,3,146.1417278999579,1522147328,307200,4,262144,46273860.762726255
gpt2,64,12,50257,R8,fs,128,21827908,3781820,31495528,70560,57175816,70334.23652243188,57175590.23652243,3,146.1417278999579,1522147328,307200,4,262144,57175590.23652243
gpt2,512,12,50257,R8,int,128,173216068,2701300,21693088,52064,197662520,51564.76272625599,197662020.76272625,3,146.1417278999579,1522147328,307200,4,262144,197662020.76272625
gpt2,512,12,50257,R8,fs,128,173216068,3781820,31495528,69920,208563336,70334.23652243188,208563750.23652244,3,146.1417278999579,1522147328,307200,4,262144,208563750.23652244
gpt2,64,12,50257,R16,int,128,21827908,2701300,16897852,49536,41476596,49770.557172299224,41476830.5571723,3,256.2406366999494,2839822336,348160,4,262144,41476830.5571723
gpt2,64,12,50257,R16,fs,128,21827908,3781820,24569076,67200,50246004,68235.00715830218,50247039.0071583,3,256.2406366999494,2839822336,348160,4,262144,50247039.0071583
gpt2,512,12,50257,R16,int,128,173216068,2701300,16897852,49536,192864756,49770.557172299224,192864990.5571723,3,256.2406366999494,2839822336,348160,4,262144,192864990.5571723
gpt2,512,12,50257,R16,fs,128,173216068,3781820,24569076,68416,201635380,68235.00715830218,201635199.0071583,3,256.2406366999494,2839822336,348160,4,262144,201635199.0071583
