model,seq,mode,challenges,lam,metric,threads,rate,variant,device,prover_hw,verifier_hw,n_layers_full,params_full,value,provenance,value_1block,value_2blocks,extrapolated
llama2-13b,2048,C,int,128,bytes_total,8,4,_wire_prune_polauto,cuda,NVIDIA L40S,AMD EPYC 9334 32-Core Processor x8 threads,40,13015449600,10216789407.0,extrapolated_from_1_and_2_blocks,66527727.0,326790847.0,
llama2-13b,2048,C,int,128,fs_hash,8,4,_wire_prune_polauto,cuda,NVIDIA L40S,AMD EPYC 9334 32-Core Processor x8 threads,40,13015449600,1.248624175786972e-05,extrapolated_from_1_and_2_blocks,1.1902302503585815e-06,1.4798715710639954e-06,
llama2-13b,2048,C,int,128,prove_encode,8,4,_wire_prune_polauto,cuda,NVIDIA L40S,AMD EPYC 9334 32-Core Processor x8 threads,40,13015449600,10.022293835878372,extrapolated_from_1_and_2_blocks,0.054225713945925236,0.3098172042518854,
llama2-13b,2048,C,int,128,prove_fold,8,4,_wire_prune_polauto,cuda,NVIDIA L40S,AMD EPYC 9334 32-Core Processor x8 threads,40,13015449600,0.23195580951869488,extrapolated_from_1_and_2_blocks,0.006061295047402382,0.01185346208512783,
llama2-13b,2048,C,int,128,prove_forward,8,4,_wire_prune_polauto,cuda,NVIDIA L40S,AMD EPYC 9334 32-Core Processor x8 threads,40,13015449600,4.443464525043964,extrapolated_from_1_and_2_blocks,0.02037519495934248,0.1337877418845892,
llama2-13b,2048,C,int,128,prove_lookups,8,4,_wire_prune_polauto,cuda,NVIDIA L40S,AMD EPYC 9334 32-Core Processor x8 threads,40,13015449600,-0.004351925104856491,extrapolated_from_1_and_2_blocks,0.002729802392423153,0.0025482196360826492,
llama2-13b,2048,C,int,128,prove_open,8,4,_wire_prune_polauto,cuda,NVIDIA L40S,AMD EPYC 9334 32-Core Processor x8 threads,40,13015449600,1.832976020872593,extrapolated_from_1_and_2_blocks,0.07910395413637161,0.1240750327706337,
llama2-13b,2048,C,int,128,verify_columns,8,4,_wire_prune_polauto,cuda,NVIDIA L40S,AMD EPYC 9334 32-Core Processor x8 threads,40,13015449600,0.357798432931304,extrapolated_from_1_and_2_blocks,0.01572226081043482,0.024493444710969925,
llama2-13b,2048,C,int,128,verify_decode,8,4,_wire_prune_polauto,cuda,NVIDIA L40S,AMD EPYC 9334 32-Core Processor x8 threads,40,13015449600,5.5846554366871715,extrapolated_from_1_and_2_blocks,0.037068610079586506,0.17931442614644766,
llama2-13b,2048,C,int,128,verify_derive,8,4,_wire_prune_polauto,cuda,NVIDIA L40S,AMD EPYC 9334 32-Core Processor x8 threads,40,13015449600,59.58724169526249,extrapolated_from_1_and_2_blocks,0.15034389030188322,1.6743669109418988,
llama2-13b,2048,C,int,128,verify_fold,8,4,_wire_prune_polauto,cuda,NVIDIA L40S,AMD EPYC 9334 32-Core Processor x8 threads,40,13015449600,0.0,extrapolated_from_1_and_2_blocks,0.0,0.0,
llama2-13b,2048,C,int,128,verify_lookups,8,4,_wire_prune_polauto,cuda,NVIDIA L40S,AMD EPYC 9334 32-Core Processor x8 threads,40,13015449600,0.3215915011242032,extrapolated_from_1_and_2_blocks,0.021358080208301544,0.029056373052299023,
llama2-13b,2048,C,int,128,verify_products,8,4,_wire_prune_polauto,cuda,NVIDIA L40S,AMD EPYC 9334 32-Core Processor x8 threads,40,13015449600,17.325693482533097,extrapolated_from_1_and_2_blocks,0.09943534899502993,0.541134275496006,
llama2-13b,2048,Kpre,int,128,bytes_total,8,4,_wire_prune_lookups,cuda,NVIDIA L40S,AMD EPYC 9334 32-Core Processor x8 threads,40,13015449600,10342824833.0,measured,50107113.0,306517505.0,10050112401.0
llama2-13b,2048,Kpre,int,128,fs_hash,8,4,_wire_prune_lookups,cuda,NVIDIA L40S,AMD EPYC 9334 32-Core Processor x8 threads,40,13015449600,7.609836757183075e-06,measured,1.150183379650116e-06,1.0300427675247192e-06,-3.5353004932403564e-06
llama2-13b,2048,Kpre,int,128,prove_encode,8,4,_wire_prune_lookups,cuda,NVIDIA L40S,AMD EPYC 9334 32-Core Processor x8 threads,40,13015449600,10.013382953591645,measured,0.04420681856572628,0.2905856855213642,9.652982629835606
llama2-13b,2048,Kpre,int,128,prove_fold,8,4,_wire_prune_lookups,cuda,NVIDIA L40S,AMD EPYC 9334 32-Core Processor x8 threads,40,13015449600,0.0,measured,0.0,0.0,0.0
llama2-13b,2048,Kpre,int,128,prove_forward,8,4,_wire_prune_lookups,cuda,NVIDIA L40S,AMD EPYC 9334 32-Core Processor x8 threads,40,13015449600,4.673864718526602,measured,0.02022122498601675,0.13373629562556744,4.4473089799284935
llama2-13b,2048,Kpre,int,128,verify_decode,8,4,_wire_prune_lookups,cuda,NVIDIA L40S,AMD EPYC 9334 32-Core Processor x8 threads,40,13015449600,11.879474143497646,measured,0.024410346522927284,0.17696102056652308,5.973886634223163
llama2-13b,2048,Kpre,int,128,verify_derive,8,4,_wire_prune_lookups,cuda,NVIDIA L40S,AMD EPYC 9334 32-Core Processor x8 threads,40,13015449600,57.52279823552817,measured,0.18577497452497482,1.6625680327415466,57.780704244971275
llama2-13b,2048,Kpre,int,128,verify_fold,8,4,_wire_prune_lookups,cuda,NVIDIA L40S,AMD EPYC 9334 32-Core Processor x8 threads,40,13015449600,0.0,measured,0.0,0.0,0.0
llama2-13b,2048,Kpre,int,128,verify_products,8,4,_wire_prune_lookups,cuda,NVIDIA L40S,AMD EPYC 9334 32-Core Processor x8 threads,40,13015449600,15.083140988834202,measured,0.06853889115154743,0.39351450465619564,12.742587817832828
llama2-7b,2048,C,int,128,bytes_total,8,4,_wire_prune_polauto,cuda,NVIDIA L40S,AMD EPYC 9334 32-Core Processor x8 threads,32,6738149376,6558462040.0,extrapolated_from_1_and_2_blocks,54960477.0,264750850.0,
llama2-7b,2048,C,int,128,fs_hash,8,4,_wire_prune_polauto,cuda,NVIDIA L40S,AMD EPYC 9334 32-Core Processor x8 threads,32,6738149376,1.498498022556305e-06,extrapolated_from_1_and_2_blocks,1.469627022743225e-06,1.4705583453178406e-06,
llama2-7b,2048,C,int,128,prove_encode,8,4,_wire_prune_polauto,cuda,NVIDIA L40S,AMD EPYC 9334 32-Core Processor x8 threads,32,6738149376,6.740908853709698,extrapolated_from_1_and_2_blocks,0.058396633714437485,0.27396154403686523,
llama2-7b,2048,C,int,128,prove_fold,8,4,_wire_prune_polauto,cuda,NVIDIA L40S,AMD EPYC 9334 32-Core Processor x8 threads,32,6738149376,0.14583224803209305,extrapolated_from_1_and_2_blocks,0.004723475314676762,0.009275371208786964,
llama2-7b,2048,C,int,128,prove_forward,8,4,_wire_prune_polauto,cuda,NVIDIA L40S,AMD EPYC 9334 32-Core Processor x8 threads,32,6738149376,2.372498386539519,extrapolated_from_1_and_2_blocks,0.013909166678786278,0.08999268990010023,
llama2-7b,2048,C,int,128,prove_lookups,8,4,_wire_prune_polauto,cuda,NVIDIA L40S,AMD EPYC 9334 32-Core Processor x8 threads,32,6738149376,0.006071818061172962,extrapolated_from_1_and_2_blocks,0.0025192126631736755,0.002633812837302685,
llama2-7b,2048,C,int,128,prove_open,8,4,_wire_prune_polauto,cuda,NVIDIA L40S,AMD EPYC 9334 32-Core Processor x8 threads,32,6738149376,1.028515873476863,extrapolated_from_1_and_2_blocks,0.06971796695142984,0.10064693167805672,
llama2-7b,2048,C,int,128,verify_columns,8,4,_wire_prune_polauto,cuda,NVIDIA L40S,AMD EPYC 9334 32-Core Processor x8 threads,32,6738149376,0.2554396539926529,extrapolated_from_1_and_2_blocks,0.01652886811643839,0.024235667660832405,
llama2-7b,2048,C,int,128,verify_decode,8,4,_wire_prune_polauto,cuda,NVIDIA L40S,AMD EPYC 9334 32-Core Processor x8 threads,32,6738149376,7.104757199063897,extrapolated_from_1_and_2_blocks,0.043332247994840145,0.2711201496422291,
llama2-7b,2048,C,int,128,verify_derive,8,4,_wire_prune_polauto,cuda,NVIDIA L40S,AMD EPYC 9334 32-Core Processor x8 threads,32,6738149376,35.08076390251517,extrapolated_from_1_and_2_blocks,0.1069126883521676,1.2351014371961355,
llama2-7b,2048,C,int,128,verify_fold,8,4,_wire_prune_polauto,cuda,NVIDIA L40S,AMD EPYC 9334 32-Core Processor x8 threads,32,6738149376,0.0,extrapolated_from_1_and_2_blocks,0.0,0.0,
llama2-7b,2048,C,int,128,verify_lookups,8,4,_wire_prune_polauto,cuda,NVIDIA L40S,AMD EPYC 9334 32-Core Processor x8 threads,32,6738149376,0.14996466971933842,extrapolated_from_1_and_2_blocks,0.017513299360871315,0.021785924211144447,
llama2-7b,2048,C,int,128,verify_products,8,4,_wire_prune_polauto,cuda,NVIDIA L40S,AMD EPYC 9334 32-Core Processor x8 threads,32,6738149376,10.404229848645627,extrapolated_from_1_and_2_blocks,0.06292096897959709,0.39651157800108194,
opt-13b,2048,C,int,128,bytes_total,8,4,_wire_prune_polauto,cuda,NVIDIA L40S,AMD EPYC 9334 32-Core Processor x8 threads,40,12852633600,8909688723.0,extrapolated_from_1_and_2_blocks,77794704.0,304253525.0,
opt-13b,2048,C,int,128,fs_hash,8,4,_wire_prune_polauto,cuda,NVIDIA L40S,AMD EPYC 9334 32-Core Processor x8 threads,40,12852633600,4.903413355350494e-06,extrapolated_from_1_and_2_blocks,1.3802200555801392e-06,1.4705583453178406e-06,
opt-13b,2048,C,int,128,prove_encode,8,4,_wire_prune_polauto,cuda,NVIDIA L40S,AMD EPYC 9334 32-Core Processor x8 threads,40,12852633600,8.928563664667308,extrapolated_from_1_and_2_blocks,0.05730259232223034,0.2847708249464631,
opt-13b,2048,C,int,128,prove_fold,8,4,_wire_prune_polauto,cuda,NVIDIA L40S,AMD EPYC 9334 32-Core Processor x8 threads,40,12852633600,0.35919586662203074,extrapolated_from_1_and_2_blocks,0.00932649988681078,0.018297509290277958,
opt-13b,2048,C,int,128,prove_forward,8,4,_wire_prune_polauto,cuda,NVIDIA L40S,AMD EPYC 9334 32-Core Processor x8 threads,40,12852633600,4.2512470204383135,extrapolated_from_1_and_2_blocks,0.022805475629866123,0.1312270537018776,
opt-13b,2048,C,int,128,prove_lookups,8,4,_wire_prune_polauto,cuda,NVIDIA L40S,AMD EPYC 9334 32-Core Processor x8 threads,40,12852633600,0.005980050191283226,extrapolated_from_1_and_2_blocks,0.0034571532160043716,0.0035218428820371628,
opt-13b,2048,C,int,128,prove_open,8,4,_wire_prune_polauto,cuda,NVIDIA L40S,AMD EPYC 9334 32-Core Processor x8 threads,40,12852633600,1.877524534240365,extrapolated_from_1_and_2_blocks,0.1104532415047288,0.15576276183128357,
opt-13b,2048,C,int,128,verify_columns,8,4,_wire_prune_polauto,cuda,NVIDIA L40S,AMD EPYC 9334 32-Core Processor x8 threads,40,12852633600,0.39788628555834293,extrapolated_from_1_and_2_blocks,0.013980365358293056,0.02382410690188408,
opt-13b,2048,C,int,128,verify_decode,8,4,_wire_prune_polauto,cuda,NVIDIA L40S,AMD EPYC 9334 32-Core Processor x8 threads,40,12852633600,7.0630225613713264,extrapolated_from_1_and_2_blocks,0.034653608687222004,0.21486819721758366,
opt-13b,2048,C,int,128,verify_derive,8,4,_wire_prune_polauto,cuda,NVIDIA L40S,AMD EPYC 9334 32-Core Processor x8 threads,40,12852633600,51.431586530059576,extrapolated_from_1_and_2_blocks,0.14409637916833162,1.459160229191184,
opt-13b,2048,C,int,128,verify_fold,8,4,_wire_prune_polauto,cuda,NVIDIA L40S,AMD EPYC 9334 32-Core Processor x8 threads,40,12852633600,0.0,extrapolated_from_1_and_2_blocks,0.0,0.0,
opt-13b,2048,C,int,128,verify_lookups,8,4,_wire_prune_polauto,cuda,NVIDIA L40S,AMD EPYC 9334 32-Core Processor x8 threads,40,12852633600,0.0677545890212059,extrapolated_from_1_and_2_blocks,0.03412759769707918,0.03498982824385166,
opt-13b,2048,C,int,128,verify_products,8,4,_wire_prune_polauto,cuda,NVIDIA L40S,AMD EPYC 9334 32-Core Processor x8 threads,40,12852633600,16.126879456453025,extrapolated_from_1_and_2_blocks,0.08625301532447338,0.49755112919956446,
opt-13b,2048,Kpre,int,128,bytes_total,8,4,_wire_prune_lookups,cuda,NVIDIA L40S,AMD EPYC 9334 32-Core Processor x8 threads,40,12852633600,8594800030.0,measured,50131614.0,272628957.0,8727527991.0
opt-13b,2048,Kpre,int,128,fs_hash,8,4,_wire_prune_lookups,cuda,NVIDIA L40S,AMD EPYC 9334 32-Core Processor x8 threads,40,12852633600,5.3998082876205444e-06,measured,1.1296942830085754e-06,1.3597309589385986e-06,1.010112464427948e-05
opt-13b,2048,Kpre,int,128,prove_encode,8,4,_wire_prune_lookups,cuda,NVIDIA L40S,AMD EPYC 9334 32-Core Processor x8 threads,40,12852633600,6.261600571684539,measured,0.044394698925316334,0.2639765292406082,8.6080860812217
opt-13b,2048,Kpre,int,128,prove_fold,8,4,_wire_prune_lookups,cuda,NVIDIA L40S,AMD EPYC 9334 32-Core Processor x8 threads,40,12852633600,0.0,measured,0.0,0.0,0.0
opt-13b,2048,Kpre,int,128,prove_forward,8,4,_wire_prune_lookups,cuda,NVIDIA L40S,AMD EPYC 9334 32-Core Processor x8 threads,40,12852633600,4.268948633223772,measured,0.022707324475049973,0.1319138342514634,4.281761205755174
opt-13b,2048,Kpre,int,128,verify_decode,8,4,_wire_prune_lookups,cuda,NVIDIA L40S,AMD EPYC 9334 32-Core Processor x8 threads,40,12852633600,5.364417100325227,measured,0.022650444880127907,0.18533825315535069,6.367474967613816
opt-13b,2048,Kpre,int,128,verify_derive,8,4,_wire_prune_lookups,cuda,NVIDIA L40S,AMD EPYC 9334 32-Core Processor x8 threads,40,12852633600,50.77730307728052,measured,0.17943464685231447,1.5622752737253904,54.11021909490228
opt-13b,2048,Kpre,int,128,verify_fold,8,4,_wire_prune_lookups,cuda,NVIDIA L40S,AMD EPYC 9334 32-Core Processor x8 threads,40,12852633600,0.0,measured,0.0,0.0,0.0
opt-13b,2048,Kpre,int,128,verify_products,8,4,_wire_prune_lookups,cuda,NVIDIA L40S,AMD EPYC 9334 32-Core Processor x8 threads,40,12852633600,13.448698014952242,measured,0.0582848135381937,0.4019119506701827,13.459743161685765
opt-6.7b,2048,C,int,128,bytes_total,8,4,_wire_gpuv_stream_prune_polauto,cuda,NVIDIA L40S,NVIDIA L40S (GPU client) + AMD EPYC 9334 32-Core Processor x8 threads,32,6657933312,5518377547.5,measured,,,
opt-6.7b,2048,C,int,128,fs_hash,8,4,_wire_gpuv_stream_prune_polauto,cuda,NVIDIA L40S,NVIDIA L40S (GPU client) + AMD EPYC 9334 32-Core Processor x8 threads,32,6657933312,3.3150427043437958e-06,measured,,,
opt-6.7b,2048,C,int,128,prove_encode,8,4,_wire_gpuv_stream_prune_polauto,cuda,NVIDIA L40S,NVIDIA L40S (GPU client) + AMD EPYC 9334 32-Core Processor x8 threads,32,6657933312,4.1269602021202445,measured,,,
opt-6.7b,2048,C,int,128,prove_fold,8,4,_wire_gpuv_stream_prune_polauto,cuda,NVIDIA L40S,NVIDIA L40S (GPU client) + AMD EPYC 9334 32-Core Processor x8 threads,32,6657933312,0.16199597856029868,measured,,,
opt-6.7b,2048,C,int,128,prove_forward,8,4,_wire_gpuv_stream_prune_polauto,cuda,NVIDIA L40S,NVIDIA L40S (GPU client) + AMD EPYC 9334 32-Core Processor x8 threads,32,6657933312,2.32951993169263,measured,,,
opt-6.7b,2048,C,int,128,prove_lookups,8,4,_wire_gpuv_stream_prune_polauto,cuda,NVIDIA L40S,NVIDIA L40S (GPU client) + AMD EPYC 9334 32-Core Processor x8 threads,32,6657933312,0.0038163242861628532,measured,,,
opt-6.7b,2048,C,int,128,prove_open,8,4,_wire_gpuv_stream_prune_polauto,cuda,NVIDIA L40S,NVIDIA L40S (GPU client) + AMD EPYC 9334 32-Core Processor x8 threads,32,6657933312,1.0066901464015245,measured,,,
opt-6.7b,2048,C,int,128,verify_decode,8,4,_wire_gpuv_stream_prune_polauto,cuda,NVIDIA L40S,NVIDIA L40S (GPU client) + AMD EPYC 9334 32-Core Processor x8 threads,32,6657933312,2.18624715693295,measured,,,
opt-6.7b,2048,C,int,128,verify_fold,8,4,_wire_gpuv_stream_prune_polauto,cuda,NVIDIA L40S,NVIDIA L40S (GPU client) + AMD EPYC 9334 32-Core Processor x8 threads,32,6657933312,0.0,measured,,,
opt-6.7b,2048,C,int,128,verify_total,8,4,_wire_gpuv_stream_prune_polauto,cuda,NVIDIA L40S,NVIDIA L40S (GPU client) + AMD EPYC 9334 32-Core Processor x8 threads,32,6657933312,1.323722441215068,measured,,,
