model,seq,mode,challenges,lam,metric,threads,rate,variant,device,prover_hw,verifier_hw,n_layers_full,params_full,value,provenance,value_1block,value_2blocks,extrapolated,rel_error,ratio
llama2-7b,2048,C,int,128,bytes_total,8,4,,cuda,NVIDIA GeForce RTX 2080 Ti,Intel(R) Xeon(R) Silver 4114 CPU @ 2.20GHz x8 threads,32,6738149376,11586195424.0,measured,405084800.0,765764704.0,11586161824.0,-2.9000028715552243e-06,0.9999970999971285
llama2-7b,2048,C,int,128,fs_hash,8,4,,cuda,NVIDIA GeForce RTX 2080 Ti,Intel(R) Xeon(R) Silver 4114 CPU @ 2.20GHz x8 threads,32,6738149376,5.444977432489395e-06,measured,1.2740492820739746e-06,3.0659139156341553e-06,5.6821852922439575e-05,9.435645257846575,10.435645257846575
llama2-7b,2048,C,int,128,prove_fold,8,4,,cuda,NVIDIA GeForce RTX 2080 Ti,Intel(R) Xeon(R) Silver 4114 CPU @ 2.20GHz x8 threads,32,6738149376,2.455738921649754,measured,0.20326034491881728,0.2902355110272765,2.8994904942810535,0.18069981654775796,1.180699816547758
llama2-7b,2048,C,int,128,prove_forward,8,4,,cuda,NVIDIA GeForce RTX 2080 Ti,Intel(R) Xeon(R) Silver 4114 CPU @ 2.20GHz x8 threads,32,6738149376,28.089846240356565,measured,0.9594566710293293,1.8275267342105508,27.869628629647195,-0.007839758495829125,0.9921602415041709
llama2-7b,2048,C,int,128,prove_open,8,4,,cuda,NVIDIA GeForce RTX 2080 Ti,Intel(R) Xeon(R) Silver 4114 CPU @ 2.20GHz x8 threads,32,6738149376,5.059988816268742,measured,0.30589954694733024,0.48563210014253855,5.877608695998788,0.161585313608057,1.161585313608057
llama2-7b,2048,C,int,128,verify_columns,8,4,,cuda,NVIDIA GeForce RTX 2080 Ti,Intel(R) Xeon(R) Silver 4114 CPU @ 2.20GHz x8 threads,32,6738149376,6.079339979682118,measured,0.36937576113268733,0.5649951188825071,6.4335758513771,0.058268804323969504,1.0582688043239694
llama2-7b,2048,C,int,128,verify_derive,8,4,,cuda,NVIDIA GeForce RTX 2080 Ti,Intel(R) Xeon(R) Silver 4114 CPU @ 2.20GHz x8 threads,32,6738149376,179.19792895717546,measured,6.500197128858417,12.516568216029555,193.00770083116367,0.07706434976315188,1.0770643497631518
llama2-7b,2048,C,int,128,verify_fold,8,4,,cuda,NVIDIA GeForce RTX 2080 Ti,Intel(R) Xeon(R) Silver 4114 CPU @ 2.20GHz x8 threads,32,6738149376,0.0,measured,0.0,0.0,0.0,,
llama2-7b,2048,C,int,128,verify_products,8,4,,cuda,NVIDIA GeForce RTX 2080 Ti,Intel(R) Xeon(R) Silver 4114 CPU @ 2.20GHz x8 threads,32,6738149376,35.35245370911434,measured,1.2633617939427495,2.6149323508143425,43.16204905696213,0.2209067413568063,1.2209067413568062
llama2-7b,2048,Kpre,int,128,bytes_total,8,4,,cuda,NVIDIA GeForce RTX 2080 Ti,Intel(R) Xeon(R) Silver 4114 CPU @ 2.20GHz x8 threads,32,6738149376,11173753856.0,measured,381809664.0,729936896.0,11173753856.0,0.0,1.0
llama2-7b,2048,Kpre,int,128,fs_hash,8,4,,cuda,NVIDIA GeForce RTX 2080 Ti,Intel(R) Xeon(R) Silver 4114 CPU @ 2.20GHz x8 threads,32,6738149376,5.326699465513229e-06,measured,2.1960586309432983e-06,3.1152740120887756e-06,3.0691735446453094e-05,4.761867296092316,5.761867296092316
llama2-7b,2048,Kpre,int,128,prove_fold,8,4,,cuda,NVIDIA GeForce RTX 2080 Ti,Intel(R) Xeon(R) Silver 4114 CPU @ 2.20GHz x8 threads,32,6738149376,0.0,measured,0.0,0.0,0.0,,
llama2-7b,2048,Kpre,int,128,prove_forward,8,4,,cuda,NVIDIA GeForce RTX 2080 Ti,Intel(R) Xeon(R) Silver 4114 CPU @ 2.20GHz x8 threads,32,6738149376,28.36782881245017,measured,0.9537727311253548,1.83602921012789,28.30372358020395,-0.0022597863470638748,0.9977402136529361
llama2-7b,2048,Kpre,int,128,verify_derive,8,4,,cuda,NVIDIA GeForce RTX 2080 Ti,Intel(R) Xeon(R) Silver 4114 CPU @ 2.20GHz x8 threads,32,6738149376,180.3464368339628,measured,6.338784818071872,12.318546313326806,191.71139117097482,0.06301734892314644,1.0630173489231465
llama2-7b,2048,Kpre,int,128,verify_fold,8,4,,cuda,NVIDIA GeForce RTX 2080 Ti,Intel(R) Xeon(R) Silver 4114 CPU @ 2.20GHz x8 threads,32,6738149376,0.0,measured,0.0,0.0,0.0,,
llama2-7b,2048,Kpre,int,128,verify_products,8,4,,cuda,NVIDIA GeForce RTX 2080 Ti,Intel(R) Xeon(R) Silver 4114 CPU @ 2.20GHz x8 threads,32,6738149376,34.5626901849173,measured,1.203033102210611,2.401025805156678,38.340806893538684,0.10931199766012724,1.1093119976601273
llama2-7b,64,C,int,128,bytes_total,8,4,,cuda,NVIDIA GeForce RTX 2080 Ti,Intel(R) Xeon(R) Silver 4114 CPU @ 2.20GHz x8 threads,32,6738149376,761740576.0,measured,35331168.0,58763888.0,761745488.0,6.448389589266149e-06,1.0000064483895892
llama2-7b,64,C,int,128,bytes_total,8,4,_nofix,cuda,NVIDIA GeForce RTX 2080 Ti,Intel(R) Xeon(R) Silver 4114 CPU @ 2.20GHz x8 threads,32,6738149376,761740480.0,measured,35331168.0,58763600.0,761736560.0,-5.146109604152847e-06,0.9999948538903959
llama2-7b,64,C,int,128,fs_hash,8,4,,cuda,NVIDIA GeForce RTX 2080 Ti,Intel(R) Xeon(R) Silver 4114 CPU @ 2.20GHz x8 threads,32,6738149376,1.5478581190109253e-06,measured,1.4211982488632202e-06,1.6596168279647827e-06,8.812174201011658e-06,4.693140794223827,5.693140794223827
llama2-7b,64,C,int,128,fs_hash,8,4,_nofix,cuda,NVIDIA GeForce RTX 2080 Ti,Intel(R) Xeon(R) Silver 4114 CPU @ 2.20GHz x8 threads,32,6738149376,1.9352883100509644e-06,measured,1.0486692190170288e-06,9.816139936447144e-07,-1.0300427675247192e-06,-1.532242540904716,-0.5322425409047161
llama2-7b,64,C,int,128,prove_fold,8,4,,cuda,NVIDIA GeForce RTX 2080 Ti,Intel(R) Xeon(R) Silver 4114 CPU @ 2.20GHz x8 threads,32,6738149376,2.338653888553381,measured,0.15561923384666443,0.22499999031424522,2.306422684341669,-0.013781947114734926,0.9862180528852651
llama2-7b,64,C,int,128,prove_fold,8,4,_nofix,cuda,NVIDIA GeForce RTX 2080 Ti,Intel(R) Xeon(R) Silver 4114 CPU @ 2.20GHz x8 threads,32,6738149376,3.837400458753109,measured,0.2591601777821779,0.3775898553431034,3.930480182170868,0.024255931696011587,1.0242559316960116
llama2-7b,64,C,int,128,prove_forward,8,4,,cuda,NVIDIA GeForce RTX 2080 Ti,Intel(R) Xeon(R) Silver 4114 CPU @ 2.20GHz x8 threads,32,6738149376,0.8053331486880779,measured,0.024166706949472427,0.03791569545865059,0.45038535073399544,-0.440746538910397,0.5592534610896029
llama2-7b,64,C,int,128,prove_forward,8,4,_nofix,cuda,NVIDIA GeForce RTX 2080 Ti,Intel(R) Xeon(R) Silver 4114 CPU @ 2.20GHz x8 threads,32,6738149376,2.5081053487956524,measured,0.12985034845769405,0.19286464899778366,2.083293665200472,-0.16937553432481117,0.8306244656751889
llama2-7b,64,C,int,128,prove_open,8,4,,cuda,NVIDIA GeForce RTX 2080 Ti,Intel(R) Xeon(R) Silver 4114 CPU @ 2.20GHz x8 threads,32,6738149376,4.719909744337201,measured,0.28651001304388046,0.43681476823985577,4.945957424119115,0.04789237337707964,1.0478923733770797
llama2-7b,64,C,int,128,prove_open,8,4,_nofix,cuda,NVIDIA GeForce RTX 2080 Ti,Intel(R) Xeon(R) Silver 4114 CPU @ 2.20GHz x8 threads,32,6738149376,4.700303476303816,measured,0.2825344204902649,0.4277155827730894,4.783150451257825,0.017625877854839607,1.0176258778548397
llama2-7b,64,C,int,128,verify_columns,8,4,,cuda,NVIDIA GeForce RTX 2080 Ti,Intel(R) Xeon(R) Silver 4114 CPU @ 2.20GHz x8 threads,32,6738149376,5.021474005654454,measured,0.3474056124687195,0.4543619975447655,3.663053549826145,-0.2705222518923036,0.7294777481076964
llama2-7b,64,C,int,128,verify_columns,8,4,_nofix,cuda,NVIDIA GeForce RTX 2080 Ti,Intel(R) Xeon(R) Silver 4114 CPU @ 2.20GHz x8 threads,32,6738149376,4.782748393714428,measured,0.28662798926234245,0.4313959423452616,4.774434534832835,-0.0017383015365221742,0.9982616984634778
llama2-7b,64,C,int,128,verify_derive,8,4,,cuda,NVIDIA GeForce RTX 2080 Ti,Intel(R) Xeon(R) Silver 4114 CPU @ 2.20GHz x8 threads,32,6738149376,0.6123340856283903,measured,0.02869074046611786,0.0402317401021719,0.38646172918379307,-0.36887111422648017,0.6311288857735199
llama2-7b,64,C,int,128,verify_derive,8,4,_nofix,cuda,NVIDIA GeForce RTX 2080 Ti,Intel(R) Xeon(R) Silver 4114 CPU @ 2.20GHz x8 threads,32,6738149376,0.5974410492926836,measured,0.0311997402459383,0.04650376737117767,0.5056245811283588,-0.15368289184853834,0.8463171081514617
llama2-7b,64,C,int,128,verify_fold,8,4,,cuda,NVIDIA GeForce RTX 2080 Ti,Intel(R) Xeon(R) Silver 4114 CPU @ 2.20GHz x8 threads,32,6738149376,0.0,measured,0.0,0.0,0.0,,
llama2-7b,64,C,int,128,verify_fold,8,4,_nofix,cuda,NVIDIA GeForce RTX 2080 Ti,Intel(R) Xeon(R) Silver 4114 CPU @ 2.20GHz x8 threads,32,6738149376,0.0,measured,0.0,0.0,0.0,,
llama2-7b,64,C,int,128,verify_products,8,4,,cuda,NVIDIA GeForce RTX 2080 Ti,Intel(R) Xeon(R) Silver 4114 CPU @ 2.20GHz x8 threads,32,6738149376,1.6490310411900282,measured,0.09011552296578884,0.12651276402175426,1.218429995700717,-0.2611236748936919,0.7388763251063081
llama2-7b,64,C,int,128,verify_products,8,4,_nofix,cuda,NVIDIA GeForce RTX 2080 Ti,Intel(R) Xeon(R) Silver 4114 CPU @ 2.20GHz x8 threads,32,6738149376,1.6233685929328203,measured,0.06840785034000874,0.11862325295805931,1.6250853314995766,0.0010575161883936313,1.0010575161883937
llama2-7b,64,Kpre,int,128,bytes_total,8,4,,cuda,NVIDIA GeForce RTX 2080 Ti,Intel(R) Xeon(R) Silver 4114 CPU @ 2.20GHz x8 threads,32,6738149376,349303808.0,measured,12055552.0,22934528.0,349303808.0,0.0,1.0
llama2-7b,64,Kpre,int,128,bytes_total,8,4,_nofix,cuda,NVIDIA GeForce RTX 2080 Ti,Intel(R) Xeon(R) Silver 4114 CPU @ 2.20GHz x8 threads,32,6738149376,349303808.0,measured,12055552.0,22934528.0,349303808.0,0.0,1.0
llama2-7b,64,Kpre,int,128,fs_hash,8,4,,cuda,NVIDIA GeForce RTX 2080 Ti,Intel(R) Xeon(R) Silver 4114 CPU @ 2.20GHz x8 threads,32,6738149376,9.853392839431763e-07,measured,2.088025212287903e-06,1.3932585716247559e-06,-1.9449740648269653e-05,-20.73913043478261,-19.73913043478261
llama2-7b,64,Kpre,int,128,fs_hash,8,4,_nofix,cuda,NVIDIA GeForce RTX 2080 Ti,Intel(R) Xeon(R) Silver 4114 CPU @ 2.20GHz x8 threads,32,6738149376,1.6763806343078613e-06,measured,9.369105100631714e-07,1.0747462511062622e-06,5.209818482398987e-06,2.1077777777777778,3.1077777777777778
llama2-7b,64,Kpre,int,128,prove_fold,8,4,,cuda,NVIDIA GeForce RTX 2080 Ti,Intel(R) Xeon(R) Silver 4114 CPU @ 2.20GHz x8 threads,32,6738149376,0.0,measured,0.0,0.0,0.0,,
llama2-7b,64,Kpre,int,128,prove_fold,8,4,_nofix,cuda,NVIDIA GeForce RTX 2080 Ti,Intel(R) Xeon(R) Silver 4114 CPU @ 2.20GHz x8 threads,32,6738149376,0.0,measured,0.0,0.0,0.0,,
llama2-7b,64,Kpre,int,128,prove_forward,8,4,,cuda,NVIDIA GeForce RTX 2080 Ti,Intel(R) Xeon(R) Silver 4114 CPU @ 2.20GHz x8 threads,32,6738149376,0.5609114840626717,measured,0.022681046277284622,0.03861295431852341,0.516570195555687,-0.07905220300683018,0.9209477969931699
llama2-7b,64,Kpre,int,128,prove_forward,8,4,_nofix,cuda,NVIDIA GeForce RTX 2080 Ti,Intel(R) Xeon(R) Silver 4114 CPU @ 2.20GHz x8 threads,32,6738149376,0.5371630471199751,measured,0.022333543747663498,0.04067973420023918,0.5910654477775097,0.1003464421957818,1.1003464421957818
llama2-7b,64,Kpre,int,128,verify_derive,8,4,,cuda,NVIDIA GeForce RTX 2080 Ti,Intel(R) Xeon(R) Silver 4114 CPU @ 2.20GHz x8 threads,32,6738149376,0.5737677942961454,measured,0.022669019177556038,0.03774266876280308,0.48995215632021427,-0.14607937010258618,0.8539206298974138
llama2-7b,64,Kpre,int,128,verify_derive,8,4,_nofix,cuda,NVIDIA GeForce RTX 2080 Ti,Intel(R) Xeon(R) Silver 4114 CPU @ 2.20GHz x8 threads,32,6738149376,0.6210419069975615,measured,0.0221055056899786,0.037155743688344955,0.48866288363933563,-0.21315634559705424,0.7868436544029458
llama2-7b,64,Kpre,int,128,verify_fold,8,4,,cuda,NVIDIA GeForce RTX 2080 Ti,Intel(R) Xeon(R) Silver 4114 CPU @ 2.20GHz x8 threads,32,6738149376,0.0,measured,0.0,0.0,0.0,,
llama2-7b,64,Kpre,int,128,verify_fold,8,4,_nofix,cuda,NVIDIA GeForce RTX 2080 Ti,Intel(R) Xeon(R) Silver 4114 CPU @ 2.20GHz x8 threads,32,6738149376,0.0,measured,0.0,0.0,0.0,,
llama2-7b,64,Kpre,int,128,verify_products,8,4,,cuda,NVIDIA GeForce RTX 2080 Ti,Intel(R) Xeon(R) Silver 4114 CPU @ 2.20GHz x8 threads,32,6738149376,1.6218981705605984,measured,0.07282455265522003,0.11748175136744976,1.4571977127343416,-0.10154796448739388,0.8984520355126061
llama2-7b,64,Kpre,int,128,verify_products,8,4,_nofix,cuda,NVIDIA GeForce RTX 2080 Ti,Intel(R) Xeon(R) Silver 4114 CPU @ 2.20GHz x8 threads,32,6738149376,1.671459587290883,measured,0.06270089745521545,0.11412570625543594,1.6568699702620506,-0.008728668727479927,0.9912713312725201
opt-1.3b,2048,C,int,128,bytes_total,8,4,,cuda,NVIDIA GeForce RTX 2080 Ti,Intel(R) Xeon(R) Silver 4114 CPU @ 2.20GHz x8 threads,24,1315553280,3807060384.0,measured,206447384.0,362996272.0,3807071808.0,3.000740426396137e-06,1.0000030007404264
opt-1.3b,2048,C,int,128,fs_hash,8,4,,cuda,NVIDIA GeForce RTX 2080 Ti,Intel(R) Xeon(R) Silver 4114 CPU @ 2.20GHz x8 threads,24,1315553280,4.101544618606567e-06,measured,2.0228326320648193e-06,1.2628734111785889e-06,-1.545622944831848e-05,-4.768392370572207,-3.768392370572207
opt-1.3b,2048,C,int,128,prove_fold,8,4,,cuda,NVIDIA GeForce RTX 2080 Ti,Intel(R) Xeon(R) Silver 4114 CPU @ 2.20GHz x8 threads,24,1315553280,0.747596025466919,measured,0.11885058134794235,0.14944365248084068,0.822491217404604,0.10018136719080126,1.1001813671908012
opt-1.3b,2048,C,int,128,prove_forward,8,4,,cuda,NVIDIA GeForce RTX 2080 Ti,Intel(R) Xeon(R) Silver 4114 CPU @ 2.20GHz x8 threads,24,1315553280,8.976983681321144,measured,0.45921021699905396,0.8342044875025749,9.084078438580036,0.011929926694835086,1.0119299266948352
opt-1.3b,2048,C,int,128,prove_open,8,4,,cuda,NVIDIA GeForce RTX 2080 Ti,Intel(R) Xeon(R) Silver 4114 CPU @ 2.20GHz x8 threads,24,1315553280,1.251910001039505,measured,0.18602534011006355,0.19979124888777733,0.5026412419974804,-0.5985004979749985,0.4014995020250015
opt-1.3b,2048,C,int,128,verify_columns,8,4,,cuda,NVIDIA GeForce RTX 2080 Ti,Intel(R) Xeon(R) Silver 4114 CPU @ 2.20GHz x8 threads,24,1315553280,1.9309913218021393,measured,0.30209391191601753,0.3504011146724224,1.4131595753133297,-0.2681688626158775,0.7318311373841225
opt-1.3b,2048,C,int,128,verify_derive,8,4,,cuda,NVIDIA GeForce RTX 2080 Ti,Intel(R) Xeon(R) Silver 4114 CPU @ 2.20GHz x8 threads,24,1315553280,101.32167871668935,measured,5.050049167126417,9.299477338790894,102.78689711540937,0.014461055297129422,1.0144610552971294
opt-1.3b,2048,C,int,128,verify_fold,8,4,,cuda,NVIDIA GeForce RTX 2080 Ti,Intel(R) Xeon(R) Silver 4114 CPU @ 2.20GHz x8 threads,24,1315553280,0.0,measured,0.0,0.0,0.0,,
opt-1.3b,2048,C,int,128,verify_products,8,4,,cuda,NVIDIA GeForce RTX 2080 Ti,Intel(R) Xeon(R) Silver 4114 CPU @ 2.20GHz x8 threads,24,1315553280,9.584769107401371,measured,0.4831760302186012,0.8537860959768295,9.007207542657852,-0.06025826582484131,0.9397417341751587
opt-1.3b,2048,Kpre,int,128,bytes_total,8,4,,cuda,NVIDIA GeForce RTX 2080 Ti,Intel(R) Xeon(R) Silver 4114 CPU @ 2.20GHz x8 threads,24,1315553280,3657634176.0,measured,184750464.0,335745408.0,3657634176.0,0.0,1.0
opt-1.3b,2048,Kpre,int,128,fs_hash,8,4,,cuda,NVIDIA GeForce RTX 2080 Ti,Intel(R) Xeon(R) Silver 4114 CPU @ 2.20GHz x8 threads,24,1315553280,4.891306161880493e-06,measured,1.1399388313293457e-06,1.0579824447631836e-06,-7.450580596923828e-07,-1.1523229246001523,-0.15232292460015232
opt-1.3b,2048,Kpre,int,128,prove_fold,8,4,,cuda,NVIDIA GeForce RTX 2080 Ti,Intel(R) Xeon(R) Silver 4114 CPU @ 2.20GHz x8 threads,24,1315553280,0.0,measured,0.0,0.0,0.0,,
opt-1.3b,2048,Kpre,int,128,prove_forward,8,4,,cuda,NVIDIA GeForce RTX 2080 Ti,Intel(R) Xeon(R) Silver 4114 CPU @ 2.20GHz x8 threads,24,1315553280,9.32184837386012,measured,0.45089492201805115,0.8224735595285892,8.997203584760427,-0.03482622502314526,0.9651737749768547
opt-1.3b,2048,Kpre,int,128,verify_derive,8,4,,cuda,NVIDIA GeForce RTX 2080 Ti,Intel(R) Xeon(R) Silver 4114 CPU @ 2.20GHz x8 threads,24,1315553280,105.4651859998703,measured,5.053669694811106,9.388180300593376,104.74741362780333,-0.006805775434443906,0.9931942245655561
opt-1.3b,2048,Kpre,int,128,verify_fold,8,4,,cuda,NVIDIA GeForce RTX 2080 Ti,Intel(R) Xeon(R) Silver 4114 CPU @ 2.20GHz x8 threads,24,1315553280,0.0,measured,0.0,0.0,0.0,,
opt-1.3b,2048,Kpre,int,128,verify_products,8,4,,cuda,NVIDIA GeForce RTX 2080 Ti,Intel(R) Xeon(R) Silver 4114 CPU @ 2.20GHz x8 threads,24,1315553280,10.215563096106052,measured,0.46123502776026726,0.8169960677623749,8.643738947808743,-0.1538656394669477,0.8461343605330522
opt-1.3b,64,C,int,128,bytes_total,8,4,,cuda,NVIDIA GeForce RTX 2080 Ti,Intel(R) Xeon(R) Silver 4114 CPU @ 2.20GHz x8 threads,24,1315553280,263926848.0,measured,27665656.0,37937616.0,263920736.0,-2.3157932003946792e-05,0.9999768420679961
opt-1.3b,64,C,int,128,fs_hash,8,4,,cuda,NVIDIA GeForce RTX 2080 Ti,Intel(R) Xeon(R) Silver 4114 CPU @ 2.20GHz x8 threads,24,1315553280,1.300126314163208e-06,measured,9.5367431640625e-07,1.3243407011032104e-06,9.47900116443634e-06,6.2908309455587395,7.2908309455587395
opt-1.3b,64,C,int,128,prove_fold,8,4,,cuda,NVIDIA GeForce RTX 2080 Ti,Intel(R) Xeon(R) Silver 4114 CPU @ 2.20GHz x8 threads,24,1315553280,0.7149191703647375,measured,0.08985408395528793,0.11670123040676117,0.7073384523391724,-0.010603601553582087,0.9893963984464179
opt-1.3b,64,C,int,128,prove_forward,8,4,,cuda,NVIDIA GeForce RTX 2080 Ti,Intel(R) Xeon(R) Silver 4114 CPU @ 2.20GHz x8 threads,24,1315553280,0.20279264263808727,measured,0.012484977021813393,0.019993802532553673,0.18518796376883984,-0.08681123062568659,0.9131887693743134
opt-1.3b,64,C,int,128,prove_open,8,4,,cuda,NVIDIA GeForce RTX 2080 Ti,Intel(R) Xeon(R) Silver 4114 CPU @ 2.20GHz x8 threads,24,1315553280,1.1780975386500359,measured,0.17968597263097763,0.22532573528587818,1.2294005136936903,0.043547306874473016,1.043547306874473
opt-1.3b,64,C,int,128,verify_columns,8,4,,cuda,NVIDIA GeForce RTX 2080 Ti,Intel(R) Xeon(R) Silver 4114 CPU @ 2.20GHz x8 threads,24,1315553280,2.065626163035631,measured,0.2915950510650873,0.37943473644554615,2.3119078148156404,0.1192285691318294,1.1192285691318293
opt-1.3b,64,C,int,128,verify_derive,8,4,,cuda,NVIDIA GeForce RTX 2080 Ti,Intel(R) Xeon(R) Silver 4114 CPU @ 2.20GHz x8 threads,24,1315553280,0.2788475211709738,measured,0.023867551237344742,0.035719385370612144,0.296459736302495,0.06316073765892434,1.0631607376589243
opt-1.3b,64,C,int,128,verify_fold,8,4,,cuda,NVIDIA GeForce RTX 2080 Ti,Intel(R) Xeon(R) Silver 4114 CPU @ 2.20GHz x8 threads,24,1315553280,0.0,measured,0.0,0.0,0.0,,
opt-1.3b,64,C,int,128,verify_products,8,4,,cuda,NVIDIA GeForce RTX 2080 Ti,Intel(R) Xeon(R) Silver 4114 CPU @ 2.20GHz x8 threads,24,1315553280,0.6686536148190498,measured,0.05118102207779884,0.07966113463044167,0.7062236107885838,0.056187531386786956,1.056187531386787
opt-1.3b,64,Kpre,int,128,bytes_total,8,4,,cuda,NVIDIA GeForce RTX 2080 Ti,Intel(R) Xeon(R) Silver 4114 CPU @ 2.20GHz x8 threads,24,1315553280,114495872.0,measured,5968256.0,10686848.0,114495872.0,0.0,1.0
opt-1.3b,64,Kpre,int,128,fs_hash,8,4,,cuda,NVIDIA GeForce RTX 2080 Ti,Intel(R) Xeon(R) Silver 4114 CPU @ 2.20GHz x8 threads,24,1315553280,1.1455267667770386e-06,measured,1.1604279279708862e-06,9.96515154838562e-07,-2.609565854072571e-06,-3.2780487804878047,-2.2780487804878047
opt-1.3b,64,Kpre,int,128,prove_fold,8,4,,cuda,NVIDIA GeForce RTX 2080 Ti,Intel(R) Xeon(R) Silver 4114 CPU @ 2.20GHz x8 threads,24,1315553280,0.0,measured,0.0,0.0,0.0,,
opt-1.3b,64,Kpre,int,128,prove_forward,8,4,,cuda,NVIDIA GeForce RTX 2080 Ti,Intel(R) Xeon(R) Silver 4114 CPU @ 2.20GHz x8 threads,24,1315553280,0.20018579252064228,measured,0.012843271717429161,0.021390283480286598,0.20942454226315022,0.04615087627437534,1.0461508762743754
opt-1.3b,64,Kpre,int,128,verify_derive,8,4,,cuda,NVIDIA GeForce RTX 2080 Ti,Intel(R) Xeon(R) Silver 4114 CPU @ 2.20GHz x8 threads,24,1315553280,0.2800701428204775,measured,0.012932760640978813,0.025084014981985092,0.29241161048412323,0.04406563134277586,1.0440656313427759
opt-1.3b,64,Kpre,int,128,verify_fold,8,4,,cuda,NVIDIA GeForce RTX 2080 Ti,Intel(R) Xeon(R) Silver 4114 CPU @ 2.20GHz x8 threads,24,1315553280,0.0,measured,0.0,0.0,0.0,,
opt-1.3b,64,Kpre,int,128,verify_products,8,4,,cuda,NVIDIA GeForce RTX 2080 Ti,Intel(R) Xeon(R) Silver 4114 CPU @ 2.20GHz x8 threads,24,1315553280,0.6694521270692348,measured,0.04655776731669903,0.07570887915790081,0.71703333966434,0.07107485460298539,1.0710748546029853
opt-6.7b,2048,C,int,128,bytes_total,8,4,,cuda,NVIDIA GeForce RTX 2080 Ti,Intel(R) Xeon(R) Silver 4114 CPU @ 2.20GHz x8 threads,32,6657933312,10101021568.0,measured,397639448.0,710652304.0,10101037984.0,1.6251821550412118e-06,1.000001625182155
opt-6.7b,2048,C,int,128,fs_hash,8,4,,cuda,NVIDIA GeForce RTX 2080 Ti,Intel(R) Xeon(R) Silver 4114 CPU @ 2.20GHz x8 threads,32,6657933312,9.289942681789398e-06,measured,1.9301660358905792e-06,1.8756836652755737e-06,2.4121254682540894e-07,-0.9740350877192983,0.025964912280701753
opt-6.7b,2048,C,int,128,prove_fold,8,4,,cuda,NVIDIA GeForce RTX 2080 Ti,Intel(R) Xeon(R) Silver 4114 CPU @ 2.20GHz x8 threads,32,6657933312,3.158300937153399,measured,0.2694929772987962,0.37684366293251514,3.597364231944084,0.13901882801149923,1.1390188280114992
opt-6.7b,2048,C,int,128,prove_forward,8,4,,cuda,NVIDIA GeForce RTX 2080 Ti,Intel(R) Xeon(R) Silver 4114 CPU @ 2.20GHz x8 threads,32,6657933312,24.57131873490289,measured,0.9213942009955645,1.7056412203237414,25.23305180016905,0.026931117226776616,1.0269311172267765
opt-6.7b,2048,C,int,128,prove_open,8,4,,cuda,NVIDIA GeForce RTX 2080 Ti,Intel(R) Xeon(R) Silver 4114 CPU @ 2.20GHz x8 threads,32,6657933312,4.8137961882166564,measured,0.37004980677738786,0.565500705037266,6.429027652833611,0.33554213794318144,1.3355421379431813
opt-6.7b,2048,C,int,128,verify_columns,8,4,,cuda,NVIDIA GeForce RTX 2080 Ti,Intel(R) Xeon(R) Silver 4114 CPU @ 2.20GHz x8 threads,32,6657933312,5.814499063882977,measured,0.4580994211137295,0.6336088040843606,5.898890293203294,0.01451392947064304,1.0145139294706431
opt-6.7b,2048,C,int,128,verify_derive,8,4,,cuda,NVIDIA GeForce RTX 2080 Ti,Intel(R) Xeon(R) Silver 4114 CPU @ 2.20GHz x8 threads,32,6657933312,165.73644092632458,measured,6.122112617827952,11.922720332164317,185.94095176225528,0.1219074738361993,1.1219074738361994
opt-6.7b,2048,C,int,128,verify_fold,8,4,,cuda,NVIDIA GeForce RTX 2080 Ti,Intel(R) Xeon(R) Silver 4114 CPU @ 2.20GHz x8 threads,32,6657933312,0.0,measured,0.0,0.0,0.0,,
opt-6.7b,2048,C,int,128,verify_products,8,4,,cuda,NVIDIA GeForce RTX 2080 Ti,Intel(R) Xeon(R) Silver 4114 CPU @ 2.20GHz x8 threads,32,6657933312,30.743173660710454,measured,1.1718779457733035,2.279797405935824,35.517381210811436,0.1552932564084099,1.15529325640841
opt-6.7b,2048,Kpre,int,128,bytes_total,8,4,,cuda,NVIDIA GeForce RTX 2080 Ti,Intel(R) Xeon(R) Silver 4114 CPU @ 2.20GHz x8 threads,32,6657933312,9730986368.0,measured,369299840.0,671289728.0,9730986368.0,0.0,1.0
opt-6.7b,2048,Kpre,int,128,fs_hash,8,4,,cuda,NVIDIA GeForce RTX 2080 Ti,Intel(R) Xeon(R) Silver 4114 CPU @ 2.20GHz x8 threads,32,6657933312,1.1126045137643814e-05,measured,1.916196197271347e-06,7.051043212413788e-06,0.000161096453666687,13.479219855187711,14.479219855187711
opt-6.7b,2048,Kpre,int,128,prove_fold,8,4,,cuda,NVIDIA GeForce RTX 2080 Ti,Intel(R) Xeon(R) Silver 4114 CPU @ 2.20GHz x8 threads,32,6657933312,0.0,measured,0.0,0.0,0.0,,
opt-6.7b,2048,Kpre,int,128,prove_forward,8,4,,cuda,NVIDIA GeForce RTX 2080 Ti,Intel(R) Xeon(R) Silver 4114 CPU @ 2.20GHz x8 threads,32,6657933312,24.74784725299105,measured,0.9381155041046441,1.7133192289620638,24.969430974684656,0.008953656430331504,1.0089536564303314
opt-6.7b,2048,Kpre,int,128,verify_derive,8,4,,cuda,NVIDIA GeForce RTX 2080 Ti,Intel(R) Xeon(R) Silver 4114 CPU @ 2.20GHz x8 threads,32,6657933312,165.29516931669787,measured,6.076390830334276,11.684205852914602,179.91865653032437,0.08846893272245955,1.0884689327224595
opt-6.7b,2048,Kpre,int,128,verify_fold,8,4,,cuda,NVIDIA GeForce RTX 2080 Ti,Intel(R) Xeon(R) Silver 4114 CPU @ 2.20GHz x8 threads,32,6657933312,0.0,measured,0.0,0.0,0.0,,
opt-6.7b,2048,Kpre,int,128,verify_products,8,4,,cuda,NVIDIA GeForce RTX 2080 Ti,Intel(R) Xeon(R) Silver 4114 CPU @ 2.20GHz x8 threads,32,6657933312,30.912391353864223,measured,1.1687502469867468,2.186552742961794,32.720627622213215,0.058495515524810804,1.0584955155248108
opt-6.7b,64,C,int,128,bytes_total,8,4,,cuda,NVIDIA GeForce RTX 2080 Ti,Intel(R) Xeon(R) Silver 4114 CPU @ 2.20GHz x8 threads,32,6657933312,674328016.0,measured,40075320.0,60535600.0,674344000.0,2.3703597686500393e-05,1.0000237035976864
opt-6.7b,64,C,int,128,fs_hash,8,4,,cuda,NVIDIA GeForce RTX 2080 Ti,Intel(R) Xeon(R) Silver 4114 CPU @ 2.20GHz x8 threads,32,6657933312,1.1916272342205048e-06,measured,1.7667189240455627e-06,1.2440141290426254e-06,-1.4437129721045494e-05,-13.115474794841735,-12.115474794841735
opt-6.7b,64,C,int,128,prove_fold,8,4,,cuda,NVIDIA GeForce RTX 2080 Ti,Intel(R) Xeon(R) Silver 4114 CPU @ 2.20GHz x8 threads,32,6657933312,3.0963846512604505,measured,0.22533447784371674,0.31641872972249985,3.048946286085993,-0.015320565923599516,0.9846794340764005
opt-6.7b,64,C,int,128,prove_forward,8,4,,cuda,NVIDIA GeForce RTX 2080 Ti,Intel(R) Xeon(R) Silver 4114 CPU @ 2.20GHz x8 threads,32,6657933312,0.5452139575500041,measured,0.023793712724000216,0.03891654498875141,0.4926015129312873,-0.09649871190961119,0.9035012880903888
opt-6.7b,64,C,int,128,prove_open,8,4,,cuda,NVIDIA GeForce RTX 2080 Ti,Intel(R) Xeon(R) Silver 4114 CPU @ 2.20GHz x8 threads,32,6657933312,4.821951829828322,measured,0.3905709246173501,0.5261031787376851,4.592070802347735,-0.04767385398969693,0.9523261460103031
opt-6.7b,64,C,int,128,verify_columns,8,4,,cuda,NVIDIA GeForce RTX 2080 Ti,Intel(R) Xeon(R) Silver 4114 CPU @ 2.20GHz x8 threads,32,6657933312,5.773469897452742,measured,0.4540636818856001,0.6110447326209396,5.320476254681125,-0.07846124615137902,0.9215387538486209
opt-6.7b,64,C,int,128,verify_derive,8,4,,cuda,NVIDIA GeForce RTX 2080 Ti,Intel(R) Xeon(R) Silver 4114 CPU @ 2.20GHz x8 threads,32,6657933312,0.5312071924563497,measured,0.034822796704247594,0.049292564392089844,0.48338559502735734,-0.09002437863813748,0.9099756213618625
opt-6.7b,64,C,int,128,verify_fold,8,4,,cuda,NVIDIA GeForce RTX 2080 Ti,Intel(R) Xeon(R) Silver 4114 CPU @ 2.20GHz x8 threads,32,6657933312,0.0,measured,0.0,0.0,0.0,,
opt-6.7b,64,C,int,128,verify_products,8,4,,cuda,NVIDIA GeForce RTX 2080 Ti,Intel(R) Xeon(R) Silver 4114 CPU @ 2.20GHz x8 threads,32,6657933312,1.874655621824786,measured,0.10581912402994931,0.15949445287697017,1.769754318287596,-0.05595763953439045,0.9440423604656095
opt-6.7b,64,Kpre,int,128,bytes_total,8,4,,cuda,NVIDIA GeForce RTX 2080 Ti,Intel(R) Xeon(R) Silver 4114 CPU @ 2.20GHz x8 threads,32,6657933312,304288128.0,measured,11735424.0,21172608.0,304288128.0,0.0,1.0
opt-6.7b,64,Kpre,int,128,fs_hash,8,4,,cuda,NVIDIA GeForce RTX 2080 Ti,Intel(R) Xeon(R) Silver 4114 CPU @ 2.20GHz x8 threads,32,6657933312,1.1185184121131897e-06,measured,1.5615951269865036e-06,1.1706724762916565e-06,-1.0557007044553757e-05,-10.438384679433804,-9.438384679433804
opt-6.7b,64,Kpre,int,128,prove_fold,8,4,,cuda,NVIDIA GeForce RTX 2080 Ti,Intel(R) Xeon(R) Silver 4114 CPU @ 2.20GHz x8 threads,32,6657933312,0.0,measured,0.0,0.0,0.0,,
opt-6.7b,64,Kpre,int,128,prove_forward,8,4,,cuda,NVIDIA GeForce RTX 2080 Ti,Intel(R) Xeon(R) Silver 4114 CPU @ 2.20GHz x8 threads,32,6657933312,0.5469342817086726,measured,0.025046665919944644,0.0404078122228384,0.5012422013096511,-0.08354217668761825,0.9164578233123818
opt-6.7b,64,Kpre,int,128,verify_derive,8,4,,cuda,NVIDIA GeForce RTX 2080 Ti,Intel(R) Xeon(R) Silver 4114 CPU @ 2.20GHz x8 threads,32,6657933312,0.5270923688076437,measured,0.025261906441301107,0.03858899767510593,0.4384017346892506,-0.16826393127076308,0.8317360687292369
opt-6.7b,64,Kpre,int,128,verify_fold,8,4,,cuda,NVIDIA GeForce RTX 2080 Ti,Intel(R) Xeon(R) Silver 4114 CPU @ 2.20GHz x8 threads,32,6657933312,0.0,measured,0.0,0.0,0.0,,
opt-6.7b,64,Kpre,int,128,verify_products,8,4,,cuda,NVIDIA GeForce RTX 2080 Ti,Intel(R) Xeon(R) Silver 4114 CPU @ 2.20GHz x8 threads,32,6657933312,1.8684463410172611,measured,0.09956764755770564,0.15246630273759365,1.739425958134234,-0.0690522280735036,0.9309477719264964
qwen3-4b,64,C,int,128,bytes_total,8,4,,cuda,NVIDIA GeForce RTX 2080 Ti,Intel(R) Xeon(R) Silver 4114 CPU @ 2.20GHz x8 threads,36,4022272000,658629264.0,measured,64026560.0,81016320.0,658668160.0,5.905598509816594e-05,1.0000590559850981
qwen3-4b,64,C,int,128,fs_hash,8,4,,cuda,NVIDIA GeForce RTX 2080 Ti,Intel(R) Xeon(R) Silver 4114 CPU @ 2.20GHz x8 threads,36,4022272000,1.0225921869277954e-06,measured,1.2349337339401245e-06,1.0188668966293335e-06,-6.327405571937561e-06,-7.187613843351548,-6.187613843351548
qwen3-4b,64,C,int,128,prove_fold,8,4,,cuda,NVIDIA GeForce RTX 2080 Ti,Intel(R) Xeon(R) Silver 4114 CPU @ 2.20GHz x8 threads,36,4022272000,1.4958004709333181,measured,0.2735178451985121,0.3073805160820484,1.458711326122284,-0.024795516201363475,0.9752044837986366
qwen3-4b,64,C,int,128,prove_forward,8,4,,cuda,NVIDIA GeForce RTX 2080 Ti,Intel(R) Xeon(R) Silver 4114 CPU @ 2.20GHz x8 threads,36,4022272000,0.5522360578179359,measured,0.024110721424221992,0.037918658927083015,0.5073885340243578,-0.08121078505953647,0.9187892149404635
qwen3-4b,64,C,int,128,prove_open,8,4,,cuda,NVIDIA GeForce RTX 2080 Ti,Intel(R) Xeon(R) Silver 4114 CPU @ 2.20GHz x8 threads,36,4022272000,3.3456098157912493,measured,0.5412438493221998,0.6062088292092085,2.815018145367503,-0.1585934103610523,0.8414065896389478
qwen3-4b,64,C,int,128,verify_columns,8,4,,cuda,NVIDIA GeForce RTX 2080 Ti,Intel(R) Xeon(R) Silver 4114 CPU @ 2.20GHz x8 threads,36,4022272000,4.926757663488388,measured,0.706060940399766,0.7387912273406982,1.8516209833323956,-0.6241704768524465,0.37582952314755347
qwen3-4b,64,C,int,128,verify_derive,8,4,,cuda,NVIDIA GeForce RTX 2080 Ti,Intel(R) Xeon(R) Silver 4114 CPU @ 2.20GHz x8 threads,36,4022272000,0.7348782364279032,measured,0.02567322365939617,0.04182373359799385,0.5909410715103149,-0.19586532541395993,0.80413467458604
qwen3-4b,64,C,int,128,verify_fold,8,4,,cuda,NVIDIA GeForce RTX 2080 Ti,Intel(R) Xeon(R) Silver 4114 CPU @ 2.20GHz x8 threads,36,4022272000,0.0,measured,0.0,0.0,0.0,,
qwen3-4b,64,C,int,128,verify_products,8,4,,cuda,NVIDIA GeForce RTX 2080 Ti,Intel(R) Xeon(R) Silver 4114 CPU @ 2.20GHz x8 threads,36,4022272000,1.576449116691947,measured,0.09673118032515049,0.13070389069616795,1.2857760433107615,-0.18438468473447456,0.8156153152655254
qwen3-4b,64,Kpre,int,128,bytes_total,8,4,,cuda,NVIDIA GeForce RTX 2080 Ti,Intel(R) Xeon(R) Silver 4114 CPU @ 2.20GHz x8 threads,36,4022272000,284378624.0,measured,9127424.0,16991744.0,284378624.0,0.0,1.0
qwen3-4b,64,Kpre,int,128,fs_hash,8,4,,cuda,NVIDIA GeForce RTX 2080 Ti,Intel(R) Xeon(R) Silver 4114 CPU @ 2.20GHz x8 threads,36,4022272000,9.387731552124023e-07,measured,1.0095536708831787e-06,1.0170042514801025e-06,1.2703239917755127e-06,0.3531746031746032,1.3531746031746033
qwen3-4b,64,Kpre,int,128,prove_fold,8,4,,cuda,NVIDIA GeForce RTX 2080 Ti,Intel(R) Xeon(R) Silver 4114 CPU @ 2.20GHz x8 threads,36,4022272000,0.0,measured,0.0,0.0,0.0,,
qwen3-4b,64,Kpre,int,128,prove_forward,8,4,,cuda,NVIDIA GeForce RTX 2080 Ti,Intel(R) Xeon(R) Silver 4114 CPU @ 2.20GHz x8 threads,36,4022272000,0.5494935438036919,measured,0.02509947307407856,0.03942485898733139,0.5264879800379276,-0.041866849984288516,0.9581331500157115
qwen3-4b,64,Kpre,int,128,verify_derive,8,4,,cuda,NVIDIA GeForce RTX 2080 Ti,Intel(R) Xeon(R) Silver 4114 CPU @ 2.20GHz x8 threads,36,4022272000,0.7295987326651812,measured,0.022505145519971848,0.04121113196015358,0.6772146709263325,-0.07179845495001451,0.9282015450499855
qwen3-4b,64,Kpre,int,128,verify_fold,8,4,,cuda,NVIDIA GeForce RTX 2080 Ti,Intel(R) Xeon(R) Silver 4114 CPU @ 2.20GHz x8 threads,36,4022272000,0.0,measured,0.0,0.0,0.0,,
qwen3-4b,64,Kpre,int,128,verify_products,8,4,,cuda,NVIDIA GeForce RTX 2080 Ti,Intel(R) Xeon(R) Silver 4114 CPU @ 2.20GHz x8 threads,36,4022272000,1.5071648433804512,measured,0.08262792602181435,0.1254897564649582,1.582791991531849,0.05017841842818733,1.0501784184281873
qwen3-4b,8,C,int,128,bytes_total,1,4,_thr1,cuda,NVIDIA GeForce RTX 2080 Ti,Intel(R) Xeon(R) Silver 4114 CPU @ 2.20GHz x1 threads,36,4022272000,410324096.0,measured,56572832.0,66678784.0,410281152.0,-0.00010465873298359743,0.9998953412670164
qwen3-4b,8,C,int,128,bytes_total,8,4,,cuda,NVIDIA GeForce RTX 2080 Ti,Intel(R) Xeon(R) Silver 4114 CPU @ 2.20GHz x8 threads,36,4022272000,410321536.0,measured,56571872.0,66679504.0,410338992.0,4.254224667359405e-05,1.0000425422466737
qwen3-4b,8,C,int,128,fs_hash,1,4,_thr1,cuda,NVIDIA GeForce RTX 2080 Ti,Intel(R) Xeon(R) Silver 4114 CPU @ 2.20GHz x1 threads,36,4022272000,1.2391246855258942e-06,measured,1.2200325727462769e-06,1.2386590242385864e-06,1.8719583749771118e-06,0.5107102593010147,1.5107102593010147
qwen3-4b,8,C,int,128,fs_hash,8,4,,cuda,NVIDIA GeForce RTX 2080 Ti,Intel(R) Xeon(R) Silver 4114 CPU @ 2.20GHz x8 threads,36,4022272000,1.2647360563278198e-06,measured,1.171603798866272e-06,9.55536961555481e-07,-6.3907355070114136e-06,-6.053019145802651,-5.053019145802651
qwen3-4b,8,C,int,128,prove_fold,1,4,_thr1,cuda,NVIDIA GeForce RTX 2080 Ti,Intel(R) Xeon(R) Silver 4114 CPU @ 2.20GHz x1 threads,36,4022272000,1.5377622707746923,measured,0.3223856510594487,0.36302144080400467,1.744638292118907,0.13453056124207996,1.13453056124208
qwen3-4b,8,C,int,128,prove_fold,8,4,,cuda,NVIDIA GeForce RTX 2080 Ti,Intel(R) Xeon(R) Silver 4114 CPU @ 2.20GHz x8 threads,36,4022272000,1.5307877827435732,measured,0.2725858259946108,0.3076554872095585,1.5000239685177803,-0.0200967205073038,0.9799032794926962
qwen3-4b,8,C,int,128,prove_forward,1,4,_thr1,cuda,NVIDIA GeForce RTX 2080 Ti,Intel(R) Xeon(R) Silver 4114 CPU @ 2.20GHz x1 threads,36,4022272000,0.5282285758294165,measured,0.025170842185616493,0.03819210594519973,0.4809150737710297,-0.0895701297191199,0.9104298702808801
qwen3-4b,8,C,int,128,prove_forward,8,4,,cuda,NVIDIA GeForce RTX 2080 Ti,Intel(R) Xeon(R) Silver 4114 CPU @ 2.20GHz x8 threads,36,4022272000,0.3674877677112818,measured,0.019667575135827065,0.028358377516269684,0.32384565845131874,-0.11875799167892476,0.8812420083210752
qwen3-4b,8,C,int,128,prove_open,1,4,_thr1,cuda,NVIDIA GeForce RTX 2080 Ti,Intel(R) Xeon(R) Silver 4114 CPU @ 2.20GHz x1 threads,36,4022272000,3.5456360108219087,measured,0.5984493838623166,0.6715005836449564,3.1552413762547076,-0.11010567169772859,0.8898943283022714
qwen3-4b,8,C,int,128,prove_open,8,4,,cuda,NVIDIA GeForce RTX 2080 Ti,Intel(R) Xeon(R) Silver 4114 CPU @ 2.20GHz x8 threads,36,4022272000,3.3639044668525457,measured,0.5977190490812063,0.6845687441527843,3.6374583765864372,0.08132035627927436,1.0813203562792744
qwen3-4b,8,C,int,128,verify_columns,1,4,_thr1,cuda,NVIDIA GeForce RTX 2080 Ti,Intel(R) Xeon(R) Silver 4114 CPU @ 2.20GHz x1 threads,36,4022272000,9.988335825968534,measured,1.7459196113049984,1.9600319559685886,9.239851674530655,-0.07493582159020977,0.9250641784097903
qwen3-4b,8,C,int,128,verify_columns,8,4,,cuda,NVIDIA GeForce RTX 2080 Ti,Intel(R) Xeon(R) Silver 4114 CPU @ 2.20GHz x8 threads,36,4022272000,4.768823390826583,measured,0.7660034317523241,0.8160999249666929,2.519380694255233,-0.47169763109668295,0.528302368903317
qwen3-4b,8,C,int,128,verify_derive,1,4,_thr1,cuda,NVIDIA GeForce RTX 2080 Ti,Intel(R) Xeon(R) Silver 4114 CPU @ 2.20GHz x1 threads,36,4022272000,0.44971607020124793,measured,0.014375386759638786,0.026631240267306566,0.4433302595280111,-0.014199649726502317,0.9858003502734977
qwen3-4b,8,C,int,128,verify_derive,8,4,,cuda,NVIDIA GeForce RTX 2080 Ti,Intel(R) Xeon(R) Silver 4114 CPU @ 2.20GHz x8 threads,36,4022272000,0.2952061928808689,measured,0.01065739430487156,0.017233625054359436,0.24082547053694725,-0.18421267458256582,0.8157873254174342
qwen3-4b,8,C,int,128,verify_fold,1,4,_thr1,cuda,NVIDIA GeForce RTX 2080 Ti,Intel(R) Xeon(R) Silver 4114 CPU @ 2.20GHz x1 threads,36,4022272000,0.0,measured,0.0,0.0,0.0,,
qwen3-4b,8,C,int,128,verify_fold,8,4,,cuda,NVIDIA GeForce RTX 2080 Ti,Intel(R) Xeon(R) Silver 4114 CPU @ 2.20GHz x8 threads,36,4022272000,0.0,measured,0.0,0.0,0.0,,
qwen3-4b,8,C,int,128,verify_products,1,4,_thr1,cuda,NVIDIA GeForce RTX 2080 Ti,Intel(R) Xeon(R) Silver 4114 CPU @ 2.20GHz x1 threads,36,4022272000,1.3794636218808591,measured,0.1416559382341802,0.19969782186672091,2.173121865373105,0.5753382915673524,1.5753382915673524
qwen3-4b,8,C,int,128,verify_products,8,4,,cuda,NVIDIA GeForce RTX 2080 Ti,Intel(R) Xeon(R) Silver 4114 CPU @ 2.20GHz x8 threads,36,4022272000,0.7841172907501459,measured,0.06848186254501343,0.0876914132386446,0.7408161368221045,-0.05522280204612794,0.944777197953872
qwen3-4b,8,C,int,40,bytes_total,1,4,_thr1,cuda,NVIDIA GeForce RTX 2080 Ti,Intel(R) Xeon(R) Silver 4114 CPU @ 2.20GHz x1 threads,36,4022272000,172816256.0,measured,21711232.0,26028288.0,172808192.0,-4.6662276956167826e-05,0.9999533377230438
qwen3-4b,8,C,int,40,fs_hash,1,4,_thr1,cuda,NVIDIA GeForce RTX 2080 Ti,Intel(R) Xeon(R) Silver 4114 CPU @ 2.20GHz x1 threads,36,4022272000,1.228880137205124e-06,measured,1.5748664736747742e-06,1.2489035725593567e-06,-9.833835065364838e-06,-9.002273588480485,-8.002273588480485
qwen3-4b,8,C,int,40,prove_fold,1,4,_thr1,cuda,NVIDIA GeForce RTX 2080 Ti,Intel(R) Xeon(R) Silver 4114 CPU @ 2.20GHz x1 threads,36,4022272000,1.519187435042113,measured,0.26618953375145793,0.3003443190827966,1.4616070203483105,-0.037902113567840574,0.9620978864321594
qwen3-4b,8,C,int,40,prove_forward,1,4,_thr1,cuda,NVIDIA GeForce RTX 2080 Ti,Intel(R) Xeon(R) Silver 4114 CPU @ 2.20GHz x1 threads,36,4022272000,0.5206768177449703,measured,0.023858691100031137,0.0368788312189281,0.4795635952614248,-0.07896111576775244,0.9210388842322476
qwen3-4b,8,C,int,40,prove_open,1,4,_thr1,cuda,NVIDIA GeForce RTX 2080 Ti,Intel(R) Xeon(R) Silver 4114 CPU @ 2.20GHz x1 threads,36,4022272000,1.770987399853766,measured,0.2771825040690601,0.33394979126751423,2.264037556014955,0.2784041016903346,1.2784041016903345
qwen3-4b,8,C,int,40,verify_columns,1,4,_thr1,cuda,NVIDIA GeForce RTX 2080 Ti,Intel(R) Xeon(R) Silver 4114 CPU @ 2.20GHz x1 threads,36,4022272000,4.649622355122119,measured,0.7128976890817285,0.8408559150993824,5.191435599699616,0.1165284410637403,1.1165284410637404
qwen3-4b,8,C,int,40,verify_derive,1,4,_thr1,cuda,NVIDIA GeForce RTX 2080 Ti,Intel(R) Xeon(R) Silver 4114 CPU @ 2.20GHz x1 threads,36,4022272000,0.43841865798458457,measured,0.014400967862457037,0.026469451375305653,0.4367978908121586,-0.003696848076394992,0.996303151923605
qwen3-4b,8,C,int,40,verify_fold,1,4,_thr1,cuda,NVIDIA GeForce RTX 2080 Ti,Intel(R) Xeon(R) Silver 4114 CPU @ 2.20GHz x1 threads,36,4022272000,0.0,measured,0.0,0.0,0.0,,
qwen3-4b,8,C,int,40,verify_products,1,4,_thr1,cuda,NVIDIA GeForce RTX 2080 Ti,Intel(R) Xeon(R) Silver 4114 CPU @ 2.20GHz x1 threads,36,4022272000,1.1739960690028965,measured,0.10498868627473712,0.14144268399104476,1.3808786063455045,0.17622080925562073,1.1762208092556208
qwen3-4b,8,Kpre,int,128,bytes_total,1,4,_thr1,cuda,NVIDIA GeForce RTX 2080 Ti,Intel(R) Xeon(R) Silver 4114 CPU @ 2.20GHz x1 threads,36,4022272000,36079104.0,measured,1672704.0,2655744.0,36079104.0,0.0,1.0
qwen3-4b,8,Kpre,int,128,bytes_total,8,4,,cuda,NVIDIA GeForce RTX 2080 Ti,Intel(R) Xeon(R) Silver 4114 CPU @ 2.20GHz x8 threads,36,4022272000,36079104.0,measured,1672704.0,2655744.0,36079104.0,0.0,1.0
qwen3-4b,8,Kpre,int,128,fs_hash,1,4,_thr1,cuda,NVIDIA GeForce RTX 2080 Ti,Intel(R) Xeon(R) Silver 4114 CPU @ 2.20GHz x1 threads,36,4022272000,1.2512318789958954e-06,measured,1.1953525245189667e-06,1.116190105676651e-06,-1.575332134962082e-06,-2.259024934871604,-1.259024934871604
qwen3-4b,8,Kpre,int,128,fs_hash,8,4,,cuda,NVIDIA GeForce RTX 2080 Ti,Intel(R) Xeon(R) Silver 4114 CPU @ 2.20GHz x8 threads,36,4022272000,9.98377799987793e-07,measured,1.300126314163208e-06,9.611248970031738e-07,-1.0564923286437988e-05,-11.582089552238806,-10.582089552238806
qwen3-4b,8,Kpre,int,128,prove_fold,1,4,_thr1,cuda,NVIDIA GeForce RTX 2080 Ti,Intel(R) Xeon(R) Silver 4114 CPU @ 2.20GHz x1 threads,36,4022272000,0.0,measured,0.0,0.0,0.0,,
qwen3-4b,8,Kpre,int,128,prove_fold,8,4,,cuda,NVIDIA GeForce RTX 2080 Ti,Intel(R) Xeon(R) Silver 4114 CPU @ 2.20GHz x8 threads,36,4022272000,0.0,measured,0.0,0.0,0.0,,
qwen3-4b,8,Kpre,int,128,prove_forward,1,4,_thr1,cuda,NVIDIA GeForce RTX 2080 Ti,Intel(R) Xeon(R) Silver 4114 CPU @ 2.20GHz x1 threads,36,4022272000,0.5322388201020658,measured,0.024266520980745554,0.037713102996349335,0.4948968915268779,-0.07016009949824212,0.9298399005017579
qwen3-4b,8,Kpre,int,128,prove_forward,8,4,,cuda,NVIDIA GeForce RTX 2080 Ti,Intel(R) Xeon(R) Silver 4114 CPU @ 2.20GHz x8 threads,36,4022272000,0.37207068875432014,measured,0.01934921182692051,0.029726237058639526,0.3825450949370861,0.02815165639043998,1.02815165639044
qwen3-4b,8,Kpre,int,128,verify_derive,1,4,_thr1,cuda,NVIDIA GeForce RTX 2080 Ti,Intel(R) Xeon(R) Silver 4114 CPU @ 2.20GHz x1 threads,36,4022272000,0.4765464221127331,measured,0.014120466075837612,0.026367428712546825,0.4427641583606601,-0.07088976474170532,0.9291102352582947
qwen3-4b,8,Kpre,int,128,verify_derive,8,4,,cuda,NVIDIA GeForce RTX 2080 Ti,Intel(R) Xeon(R) Silver 4114 CPU @ 2.20GHz x8 threads,36,4022272000,0.29586340487003326,measured,0.00944598764181137,0.017185065895318985,0.28031372651457787,-0.05255695060457394,0.947443049395426
qwen3-4b,8,Kpre,int,128,verify_fold,1,4,_thr1,cuda,NVIDIA GeForce RTX 2080 Ti,Intel(R) Xeon(R) Silver 4114 CPU @ 2.20GHz x1 threads,36,4022272000,0.0,measured,0.0,0.0,0.0,,
qwen3-4b,8,Kpre,int,128,verify_fold,8,4,,cuda,NVIDIA GeForce RTX 2080 Ti,Intel(R) Xeon(R) Silver 4114 CPU @ 2.20GHz x8 threads,36,4022272000,0.0,measured,0.0,0.0,0.0,,
qwen3-4b,8,Kpre,int,128,verify_products,1,4,_thr1,cuda,NVIDIA GeForce RTX 2080 Ti,Intel(R) Xeon(R) Silver 4114 CPU @ 2.20GHz x1 threads,36,4022272000,1.401787695940584,measured,0.14193093497306108,0.17665738286450505,1.3573566111736,-0.03169601566317874,0.9683039843368213
qwen3-4b,8,Kpre,int,128,verify_products,8,4,,cuda,NVIDIA GeForce RTX 2080 Ti,Intel(R) Xeon(R) Silver 4114 CPU @ 2.20GHz x8 threads,36,4022272000,0.7842731699347496,measured,0.0624705720692873,0.08154824748635292,0.730189211666584,-0.06896061263024629,0.9310393873697537
qwen3-4b,8,Kpre,int,40,bytes_total,1,4,_thr1,cuda,NVIDIA GeForce RTX 2080 Ti,Intel(R) Xeon(R) Silver 4114 CPU @ 2.20GHz x1 threads,36,4022272000,36079104.0,measured,1672704.0,2655744.0,36079104.0,0.0,1.0
qwen3-4b,8,Kpre,int,40,fs_hash,1,4,_thr1,cuda,NVIDIA GeForce RTX 2080 Ti,Intel(R) Xeon(R) Silver 4114 CPU @ 2.20GHz x1 threads,36,4022272000,1.2638047337532043e-06,measured,9.350478649139404e-07,1.0761432349681854e-06,5.873385816812515e-06,3.6473839351510686,4.647383935151068
qwen3-4b,8,Kpre,int,40,prove_fold,1,4,_thr1,cuda,NVIDIA GeForce RTX 2080 Ti,Intel(R) Xeon(R) Silver 4114 CPU @ 2.20GHz x1 threads,36,4022272000,0.0,measured,0.0,0.0,0.0,,
qwen3-4b,8,Kpre,int,40,prove_forward,1,4,_thr1,cuda,NVIDIA GeForce RTX 2080 Ti,Intel(R) Xeon(R) Silver 4114 CPU @ 2.20GHz x1 threads,36,4022272000,0.5136255361139774,measured,0.02415025094524026,0.03864415688440204,0.5314369588159025,0.03467783715872832,1.0346778371587284
qwen3-4b,8,Kpre,int,40,verify_derive,1,4,_thr1,cuda,NVIDIA GeForce RTX 2080 Ti,Intel(R) Xeon(R) Silver 4114 CPU @ 2.20GHz x1 threads,36,4022272000,0.43591563077643514,measured,0.014163956977427006,0.026344983838498592,0.44049989711493254,0.010516407338576256,1.0105164073385762
qwen3-4b,8,Kpre,int,40,verify_fold,1,4,_thr1,cuda,NVIDIA GeForce RTX 2080 Ti,Intel(R) Xeon(R) Silver 4114 CPU @ 2.20GHz x1 threads,36,4022272000,0.0,measured,0.0,0.0,0.0,,
qwen3-4b,8,Kpre,int,40,verify_products,1,4,_thr1,cuda,NVIDIA GeForce RTX 2080 Ti,Intel(R) Xeon(R) Silver 4114 CPU @ 2.20GHz x1 threads,36,4022272000,1.1851385808549821,measured,0.11179359769448638,0.1400116658769548,1.0994259840808809,-0.07232284743634497,0.927677152563655
